<?xml version='1.0' encoding='UTF-8'?>

<!--
(c) 2010-2021 Financial Accounting Foundation; (c) 2007-2010 XBRL US, Inc.  All Rights Reserved.
Notice: Authorized Uses are Set Forth at https://xbrl.fasb.org/terms/TaxonomiesTermsConditions.html
  -->
<link:linkbase xmlns:link='http://www.xbrl.org/2003/linkbase' xmlns:xbrldt='http://xbrl.org/2005/xbrldt' xmlns:xlink='http://www.w3.org/1999/xlink' xmlns:xsi='http://www.w3.org/2001/XMLSchema-instance' xsi:schemaLocation='http://www.xbrl.org/2003/linkbase http://www.xbrl.org/2003/xbrl-linkbase-2003-12-31.xsd'>
  <link:roleRef roleURI='http://fasb.org/us-gaap/role/statement/StatementOfOtherComprehensiveIncomeFouthAlternative' xlink:href='../elts/us-roles-2021-01-31.xsd#soc5' xlink:type='simple' />
  <link:calculationLink xlink:role='http://fasb.org/us-gaap/role/statement/StatementOfOtherComprehensiveIncomeFouthAlternative' xlink:type='extended'>
    <link:loc xlink:href='../elts/us-gaap-2021-01-31.xsd#us-gaap_OtherComprehensiveIncomeLossAvailableForSaleSecuritiesAdjustmentNetOfTax' xlink:label='loc_OtherComprehensiveIncomeLossAvailableForSaleSecuritiesAdjustmentNetOfTax' xlink:type='locator' />
    <link:loc xlink:href='../elts/us-gaap-2021-01-31.xsd#us-gaap_OtherComprehensiveIncomeLossAvailableForSaleSecuritiesAdjustmentBeforeReclassificationAdjustmentsNetOfTax' xlink:label='loc_OtherComprehensiveIncomeLossAvailableForSaleSecuritiesAdjustmentBeforeReclassificationAdjustmentsNetOfTax' xlink:type='locator' />
    <link:loc xlink:href='../elts/us-gaap-2021-01-31.xsd#us-gaap_OtherComprehensiveIncomeUnrealizedHoldingGainLossOnSecuritiesArisingDuringPeriodNetOfTax' xlink:label='loc_OtherComprehensiveIncomeUnrealizedHoldingGainLossOnSecuritiesArisingDuringPeriodNetOfTax' xlink:type='locator' />
    <link:loc xlink:href='../elts/us-gaap-2021-01-31.xsd#us-gaap_OtherComprehensiveIncomeUnrealizedHoldingGainLossOnSecuritiesArisingDuringPeriodBeforeTax' xlink:label='loc_OtherComprehensiveIncomeUnrealizedHoldingGainLossOnSecuritiesArisingDuringPeriodBeforeTax' xlink:type='locator' />
    <link:loc xlink:href='../elts/us-gaap-2021-01-31.xsd#us-gaap_OtherComprehensiveIncomeUnrealizedHoldingGainLossOnSecuritiesArisingDuringPeriodTax' xlink:label='loc_OtherComprehensiveIncomeUnrealizedHoldingGainLossOnSecuritiesArisingDuringPeriodTax' xlink:type='locator' />
    <link:loc xlink:href='../elts/us-gaap-2021-01-31.xsd#us-gaap_OtherComprehensiveIncomeLossTransfersFromHeldToMaturityToAvailableForSaleSecuritiesNetOfTax' xlink:label='loc_OtherComprehensiveIncomeLossTransfersFromHeldToMaturityToAvailableForSaleSecuritiesNetOfTax' xlink:type='locator' />
    <link:loc xlink:href='../elts/us-gaap-2021-01-31.xsd#us-gaap_OtherComprehensiveIncomeReclassificationAdjustmentForHeldToMaturityTransferredToAvailableForSaleSecuritiesBeforeTax' xlink:label='loc_OtherComprehensiveIncomeReclassificationAdjustmentForHeldToMaturityTransferredToAvailableForSaleSecuritiesBeforeTax' xlink:type='locator' />
    <link:loc xlink:href='../elts/us-gaap-2021-01-31.xsd#us-gaap_OtherComprehensiveIncomeReclassificationAdjustmentForHeldToMaturityTransferredToAvailableForSaleSecuritiesTax' xlink:label='loc_OtherComprehensiveIncomeReclassificationAdjustmentForHeldToMaturityTransferredToAvailableForSaleSecuritiesTax' xlink:type='locator' />
    <link:loc xlink:href='../elts/us-gaap-2021-01-31.xsd#us-gaap_OtherComprehensiveIncomeLossReclassificationAdjustmentFromAOCIForSaleOfSecuritiesNetOfTax' xlink:label='loc_OtherComprehensiveIncomeLossReclassificationAdjustmentFromAOCIForSaleOfSecuritiesNetOfTax' xlink:type='locator' />
    <link:loc xlink:href='../elts/us-gaap-2021-01-31.xsd#us-gaap_OtherComprehensiveIncomeLossReclassificationAdjustmentFromAOCIForSaleOfSecuritiesBeforeTax' xlink:label='loc_OtherComprehensiveIncomeLossReclassificationAdjustmentFromAOCIForSaleOfSecuritiesBeforeTax' xlink:type='locator' />
    <link:loc xlink:href='../elts/us-gaap-2021-01-31.xsd#us-gaap_OtherComprehensiveIncomeLossReclassificationAdjustmentFromAOCIForSaleOfSecuritiesTax' xlink:label='loc_OtherComprehensiveIncomeLossReclassificationAdjustmentFromAOCIForSaleOfSecuritiesTax' xlink:type='locator' />
    <link:loc xlink:href='../elts/us-gaap-2021-01-31.xsd#us-gaap_OtherComprehensiveIncomeLossReclassificationAdjustmentFromAOCIForWritedownOfSecuritiesNetOfTax' xlink:label='loc_OtherComprehensiveIncomeLossReclassificationAdjustmentFromAOCIForWritedownOfSecuritiesNetOfTax' xlink:type='locator' />
    <link:loc xlink:href='../elts/us-gaap-2021-01-31.xsd#us-gaap_OtherComprehensiveIncomeLossReclassificationAdjustmentFromAOCIForWritedownOfSecuritiesBeforeTax' xlink:label='loc_OtherComprehensiveIncomeLossReclassificationAdjustmentFromAOCIForWritedownOfSecuritiesBeforeTax' xlink:type='locator' />
    <link:loc xlink:href='../elts/us-gaap-2021-01-31.xsd#us-gaap_OtherComprehensiveIncomeLossReclassificationAdjustmentFromAOCIForWritedownOfSecuritiesTax' xlink:label='loc_OtherComprehensiveIncomeLossReclassificationAdjustmentFromAOCIForWritedownOfSecuritiesTax' xlink:type='locator' />
    <link:loc xlink:href='../elts/us-gaap-2021-01-31.xsd#us-gaap_OtherComprehensiveIncomeLossReclassificationAdjustmentFromAociForInvestmentTransferredFromAvailableForSaleToEquityMethodAfterTax' xlink:label='loc_OtherComprehensiveIncomeLossReclassificationAdjustmentFromAociForInvestmentTransferredFromAvailableForSaleToEquityMethodAfterTax' xlink:type='locator' />
    <link:loc xlink:href='../elts/us-gaap-2021-01-31.xsd#us-gaap_OtherComprehensiveIncomeLossReclassificationAdjustmentFromAociForInvestmentTransferredFromAvailableForSaleToEquityMethodBeforeTax' xlink:label='loc_OtherComprehensiveIncomeLossReclassificationAdjustmentFromAociForInvestmentTransferredFromAvailableForSaleToEquityMethodBeforeTax' xlink:type='locator' />
    <link:loc xlink:href='../elts/us-gaap-2021-01-31.xsd#us-gaap_OtherComprehensiveIncomeLossReclassificationAdjustmentFromAociForInvestmentTransferredFromAvailableForSaleToEquityMethodTax' xlink:label='loc_OtherComprehensiveIncomeLossReclassificationAdjustmentFromAociForInvestmentTransferredFromAvailableForSaleToEquityMethodTax' xlink:type='locator' />
    <link:loc xlink:href='../elts/us-gaap-2021-01-31.xsd#us-gaap_OciDebtSecuritiesAvailableForSaleTransferToHeldToMaturityAdjustmentFromAociForAmortizationOfGainLossAfterTax' xlink:label='loc_OciDebtSecuritiesAvailableForSaleTransferToHeldToMaturityAdjustmentFromAociForAmortizationOfGainLossAfterTax' xlink:type='locator' />
    <link:loc xlink:href='../elts/us-gaap-2021-01-31.xsd#us-gaap_OciDebtSecuritiesAvailableForSaleTransferToHeldToMaturityAdjustmentFromAociForAmortizationOfGainLossBeforeTax' xlink:label='loc_OciDebtSecuritiesAvailableForSaleTransferToHeldToMaturityAdjustmentFromAociForAmortizationOfGainLossBeforeTax' xlink:type='locator' />
    <link:loc xlink:href='../elts/us-gaap-2021-01-31.xsd#us-gaap_OciDebtSecuritiesAvailableForSaleTransferToHeldToMaturityAdjustmentFromAociForAmortizationOfGainLossTax' xlink:label='loc_OciDebtSecuritiesAvailableForSaleTransferToHeldToMaturityAdjustmentFromAociForAmortizationOfGainLossTax' xlink:type='locator' />
    <link:loc xlink:href='../elts/us-gaap-2021-01-31.xsd#us-gaap_OtherComprehensiveIncomeLossPensionAndOtherPostretirementBenefitPlansAdjustmentNetOfTax' xlink:label='loc_OtherComprehensiveIncomeLossPensionAndOtherPostretirementBenefitPlansAdjustmentNetOfTax' xlink:type='locator' />
    <link:loc xlink:href='../elts/us-gaap-2021-01-31.xsd#us-gaap_OtherComprehensiveIncomeLossPensionAndOtherPostretirementBenefitPlansAdjustmentBeforeReclassificationAdjustmentsNetOfTax' xlink:label='loc_OtherComprehensiveIncomeLossPensionAndOtherPostretirementBenefitPlansAdjustmentBeforeReclassificationAdjustmentsNetOfTax' xlink:type='locator' />
    <link:loc xlink:href='../elts/us-gaap-2021-01-31.xsd#us-gaap_OtherComprehensiveIncomeDefinedBenefitPlansNetUnamortizedGainLossArisingDuringPeriodNetOfTax' xlink:label='loc_OtherComprehensiveIncomeDefinedBenefitPlansNetUnamortizedGainLossArisingDuringPeriodNetOfTax' xlink:type='locator' />
    <link:loc xlink:href='../elts/us-gaap-2021-01-31.xsd#us-gaap_OtherComprehensiveIncomeLossPensionAndOtherPostretirementBenefitPlansNetUnamortizedGainLossArisingDuringPeriodBeforeTax' xlink:label='loc_OtherComprehensiveIncomeLossPensionAndOtherPostretirementBenefitPlansNetUnamortizedGainLossArisingDuringPeriodBeforeTax' xlink:type='locator' />
    <link:loc xlink:href='../elts/us-gaap-2021-01-31.xsd#us-gaap_OtherComprehensiveIncomeDefinedBenefitPlansNetUnamortizedGainLossArisingDuringPeriodTax' xlink:label='loc_OtherComprehensiveIncomeDefinedBenefitPlansNetUnamortizedGainLossArisingDuringPeriodTax' xlink:type='locator' />
    <link:loc xlink:href='../elts/us-gaap-2021-01-31.xsd#us-gaap_OtherComprehensiveIncomeDefinedBenefitPlanNetPriorServiceCostsCreditArisingDuringPeriodNetOfTax' xlink:label='loc_OtherComprehensiveIncomeDefinedBenefitPlanNetPriorServiceCostsCreditArisingDuringPeriodNetOfTax' xlink:type='locator' />
    <link:loc xlink:href='../elts/us-gaap-2021-01-31.xsd#us-gaap_OtherComprehensiveIncomeDefinedBenefitPlanNetPriorServiceCostCreditArisingDuringPeriodBeforeTax' xlink:label='loc_OtherComprehensiveIncomeDefinedBenefitPlanNetPriorServiceCostCreditArisingDuringPeriodBeforeTax' xlink:type='locator' />
    <link:loc xlink:href='../elts/us-gaap-2021-01-31.xsd#us-gaap_OtherComprehensiveIncomeLossPensionAndOtherPostretirementBenefitPlansBenefitPlanImprovementTaxEffect' xlink:label='loc_OtherComprehensiveIncomeLossPensionAndOtherPostretirementBenefitPlansBenefitPlanImprovementTaxEffect' xlink:type='locator' />
    <link:loc xlink:href='../elts/us-gaap-2021-01-31.xsd#us-gaap_OtherComprehensiveIncomeLossFinalizationOfPensionAndNonPensionPostretirementPlanValuationNetOfTax' xlink:label='loc_OtherComprehensiveIncomeLossFinalizationOfPensionAndNonPensionPostretirementPlanValuationNetOfTax' xlink:type='locator' />
    <link:loc xlink:href='../elts/us-gaap-2021-01-31.xsd#us-gaap_OtherComprehensiveIncomeLossFinalizationOfPensionAndNonPensionPostretirementPlanValuationBeforeTax' xlink:label='loc_OtherComprehensiveIncomeLossFinalizationOfPensionAndNonPensionPostretirementPlanValuationBeforeTax' xlink:type='locator' />
    <link:loc xlink:href='../elts/us-gaap-2021-01-31.xsd#us-gaap_OtherComprehensiveIncomeFinalizationOfPensionAndNonPensionPostretirementPlanValuationTax' xlink:label='loc_OtherComprehensiveIncomeFinalizationOfPensionAndNonPensionPostretirementPlanValuationTax' xlink:type='locator' />
    <link:loc xlink:href='../elts/us-gaap-2021-01-31.xsd#us-gaap_OtherComprehensiveIncomeLossReclassificationAdjustmentFromAOCIPensionAndOtherPostretirementBenefitPlansNetOfTax' xlink:label='loc_OtherComprehensiveIncomeLossReclassificationAdjustmentFromAOCIPensionAndOtherPostretirementBenefitPlansNetOfTax' xlink:type='locator' />
    <link:loc xlink:href='../elts/us-gaap-2021-01-31.xsd#us-gaap_OtherComprehensiveIncomeLossReclassificationAdjustmentFromAOCIPensionAndOtherPostretirementBenefitPlansForNetTransitionAssetObligationNetOfTax' xlink:label='loc_OtherComprehensiveIncomeLossReclassificationAdjustmentFromAOCIPensionAndOtherPostretirementBenefitPlansForNetTransitionAssetObligationNetOfTax' xlink:type='locator' />
    <link:loc xlink:href='../elts/us-gaap-2021-01-31.xsd#us-gaap_OtherComprehensiveIncomeLossReclassificationAdjustmentFromAOCIPensionAndOtherPostretirementBenefitPlansForNetTransitionAssetObligationBeforeTax' xlink:label='loc_OtherComprehensiveIncomeLossReclassificationAdjustmentFromAOCIPensionAndOtherPostretirementBenefitPlansForNetTransitionAssetObligationBeforeTax' xlink:type='locator' />
    <link:loc xlink:href='../elts/us-gaap-2021-01-31.xsd#us-gaap_OtherComprehensiveIncomeLossReclassificationAdjustmentFromAOCIPensionAndOtherPostretirementBenefitPlansForNetTransitionAssetObligationTax' xlink:label='loc_OtherComprehensiveIncomeLossReclassificationAdjustmentFromAOCIPensionAndOtherPostretirementBenefitPlansForNetTransitionAssetObligationTax' xlink:type='locator' />
    <link:loc xlink:href='../elts/us-gaap-2021-01-31.xsd#us-gaap_OtherComprehensiveIncomeLossReclassificationAdjustmentFromAOCIPensionAndOtherPostretirementBenefitPlansForNetGainLossNetOfTax' xlink:label='loc_OtherComprehensiveIncomeLossReclassificationAdjustmentFromAOCIPensionAndOtherPostretirementBenefitPlansForNetGainLossNetOfTax' xlink:type='locator' />
    <link:loc xlink:href='../elts/us-gaap-2021-01-31.xsd#us-gaap_OtherComprehensiveIncomeLossReclassificationAdjustmentFromAOCIPensionAndOtherPostretirementBenefitPlansForNetGainLossBeforeTax' xlink:label='loc_OtherComprehensiveIncomeLossReclassificationAdjustmentFromAOCIPensionAndOtherPostretirementBenefitPlansForNetGainLossBeforeTax' xlink:type='locator' />
    <link:loc xlink:href='../elts/us-gaap-2021-01-31.xsd#us-gaap_OtherComprehensiveIncomeLossReclassificationAdjustmentFromAOCIPensionAndOtherPostretirementBenefitPlansForNetGainLossTax' xlink:label='loc_OtherComprehensiveIncomeLossReclassificationAdjustmentFromAOCIPensionAndOtherPostretirementBenefitPlansForNetGainLossTax' xlink:type='locator' />
    <link:loc xlink:href='../elts/us-gaap-2021-01-31.xsd#us-gaap_OtherComprehensiveIncomeLossAmortizationAdjustmentFromAOCIPensionAndOtherPostretirementBenefitPlansForNetPriorServiceCostCreditNetOfTax' xlink:label='loc_OtherComprehensiveIncomeLossAmortizationAdjustmentFromAOCIPensionAndOtherPostretirementBenefitPlansForNetPriorServiceCostCreditNetOfTax' xlink:type='locator' />
    <link:loc xlink:href='../elts/us-gaap-2021-01-31.xsd#us-gaap_OtherComprehensiveIncomeLossAmortizationAdjustmentFromAOCIPensionAndOtherPostretirementBenefitPlansForNetPriorServiceCostCreditBeforeTax' xlink:label='loc_OtherComprehensiveIncomeLossAmortizationAdjustmentFromAOCIPensionAndOtherPostretirementBenefitPlansForNetPriorServiceCostCreditBeforeTax' xlink:type='locator' />
    <link:loc xlink:href='../elts/us-gaap-2021-01-31.xsd#us-gaap_OtherComprehensiveIncomeLossAmortizationAdjustmentFromAOCIPensionAndOtherPostretirementBenefitPlansForNetPriorServiceCostCreditTax' xlink:label='loc_OtherComprehensiveIncomeLossAmortizationAdjustmentFromAOCIPensionAndOtherPostretirementBenefitPlansForNetPriorServiceCostCreditTax' xlink:type='locator' />
    <link:loc xlink:href='../elts/us-gaap-2021-01-31.xsd#us-gaap_OtherComprehensiveIncomeLossCashFlowHedgeGainLossAfterReclassificationAndTax' xlink:label='loc_OtherComprehensiveIncomeLossCashFlowHedgeGainLossAfterReclassificationAndTax' xlink:type='locator' />
    <link:loc xlink:href='../elts/us-gaap-2021-01-31.xsd#us-gaap_OtherComprehensiveIncomeLossCashFlowHedgeGainLossBeforeReclassificationAfterTax' xlink:label='loc_OtherComprehensiveIncomeLossCashFlowHedgeGainLossBeforeReclassificationAfterTax' xlink:type='locator' />
    <link:loc xlink:href='../elts/us-gaap-2021-01-31.xsd#us-gaap_OtherComprehensiveIncomeLossCashFlowHedgeGainLossBeforeReclassificationAndTax' xlink:label='loc_OtherComprehensiveIncomeLossCashFlowHedgeGainLossBeforeReclassificationAndTax' xlink:type='locator' />
    <link:loc xlink:href='../elts/us-gaap-2021-01-31.xsd#us-gaap_OtherComprehensiveIncomeLossCashFlowHedgeGainLossBeforeReclassificationTax' xlink:label='loc_OtherComprehensiveIncomeLossCashFlowHedgeGainLossBeforeReclassificationTax' xlink:type='locator' />
    <link:loc xlink:href='../elts/us-gaap-2021-01-31.xsd#us-gaap_OtherComprehensiveIncomeLossCashFlowHedgeGainLossReclassificationAfterTax' xlink:label='loc_OtherComprehensiveIncomeLossCashFlowHedgeGainLossReclassificationAfterTax' xlink:type='locator' />
    <link:loc xlink:href='../elts/us-gaap-2021-01-31.xsd#us-gaap_OtherComprehensiveIncomeLossCashFlowHedgeGainLossReclassificationBeforeTax' xlink:label='loc_OtherComprehensiveIncomeLossCashFlowHedgeGainLossReclassificationBeforeTax' xlink:type='locator' />
    <link:loc xlink:href='../elts/us-gaap-2021-01-31.xsd#us-gaap_OtherComprehensiveIncomeLossCashFlowHedgeReclassificationForDiscontinuanceBeforeTax' xlink:label='loc_OtherComprehensiveIncomeLossCashFlowHedgeReclassificationForDiscontinuanceBeforeTax' xlink:type='locator' />
    <link:loc xlink:href='../elts/us-gaap-2021-01-31.xsd#us-gaap_OtherComprehensiveIncomeLossCashFlowHedgeGainLossReclassificationTax' xlink:label='loc_OtherComprehensiveIncomeLossCashFlowHedgeGainLossReclassificationTax' xlink:type='locator' />
    <link:loc xlink:href='../elts/us-gaap-2021-01-31.xsd#us-gaap_OtherComprehensiveIncomeLossDerivativeExcludedComponentIncreaseDecreaseAfterAdjustmentsAndTax' xlink:label='loc_OtherComprehensiveIncomeLossDerivativeExcludedComponentIncreaseDecreaseAfterAdjustmentsAndTax' xlink:type='locator' />
    <link:loc xlink:href='../elts/us-gaap-2021-01-31.xsd#us-gaap_OtherComprehensiveIncomeLossDerivativeExcludedComponentIncreaseDecreaseBeforeAdjustmentsAfterTax' xlink:label='loc_OtherComprehensiveIncomeLossDerivativeExcludedComponentIncreaseDecreaseBeforeAdjustmentsAfterTax' xlink:type='locator' />
    <link:loc xlink:href='../elts/us-gaap-2021-01-31.xsd#us-gaap_OtherComprehensiveIncomeLossDerivativeExcludedComponentIncreaseDecreaseBeforeAdjustmentsAndTax' xlink:label='loc_OtherComprehensiveIncomeLossDerivativeExcludedComponentIncreaseDecreaseBeforeAdjustmentsAndTax' xlink:type='locator' />
    <link:loc xlink:href='../elts/us-gaap-2021-01-31.xsd#us-gaap_OtherComprehensiveIncomeLossDerivativeExcludedComponentIncreaseDecreaseBeforeAdjustmentsTax' xlink:label='loc_OtherComprehensiveIncomeLossDerivativeExcludedComponentIncreaseDecreaseBeforeAdjustmentsTax' xlink:type='locator' />
    <link:loc xlink:href='../elts/us-gaap-2021-01-31.xsd#us-gaap_OtherComprehensiveIncomeLossDerivativeExcludedComponentIncreaseDecreaseAdjustmentsAfterTax' xlink:label='loc_OtherComprehensiveIncomeLossDerivativeExcludedComponentIncreaseDecreaseAdjustmentsAfterTax' xlink:type='locator' />
    <link:loc xlink:href='../elts/us-gaap-2021-01-31.xsd#us-gaap_OtherComprehensiveIncomeLossDerivativeExcludedComponentIncreaseDecreaseAdjustmentsBeforeTax' xlink:label='loc_OtherComprehensiveIncomeLossDerivativeExcludedComponentIncreaseDecreaseAdjustmentsBeforeTax' xlink:type='locator' />
    <link:loc xlink:href='../elts/us-gaap-2021-01-31.xsd#us-gaap_OtherComprehensiveIncomeLossDerivativeExcludedComponentIncreaseDecreaseAdjustmentsTax' xlink:label='loc_OtherComprehensiveIncomeLossDerivativeExcludedComponentIncreaseDecreaseAdjustmentsTax' xlink:type='locator' />
    <link:loc xlink:href='../elts/us-gaap-2021-01-31.xsd#us-gaap_OtherComprehensiveIncomeLossFinancialLiabilityFairValueOptionAfterTaxAndReclassificationAdjustment' xlink:label='loc_OtherComprehensiveIncomeLossFinancialLiabilityFairValueOptionAfterTaxAndReclassificationAdjustment' xlink:type='locator' />
    <link:loc xlink:href='../elts/us-gaap-2021-01-31.xsd#us-gaap_OtherComprehensiveIncomeLossFinancialLiabilityFairValueOptionUnrealizedGainLossArisingDuringPeriodAfterTax' xlink:label='loc_OtherComprehensiveIncomeLossFinancialLiabilityFairValueOptionUnrealizedGainLossArisingDuringPeriodAfterTax' xlink:type='locator' />
    <link:loc xlink:href='../elts/us-gaap-2021-01-31.xsd#us-gaap_OtherComprehensiveIncomeLossFinancialLiabilityFairValueOptionUnrealizedGainLossArisingDuringPeriodBeforeTax' xlink:label='loc_OtherComprehensiveIncomeLossFinancialLiabilityFairValueOptionUnrealizedGainLossArisingDuringPeriodBeforeTax' xlink:type='locator' />
    <link:loc xlink:href='../elts/us-gaap-2021-01-31.xsd#us-gaap_OtherComprehensiveIncomeLossFinancialLiabilityFairValueOptionUnrealizedGainLossArisingDuringPeriodTax' xlink:label='loc_OtherComprehensiveIncomeLossFinancialLiabilityFairValueOptionUnrealizedGainLossArisingDuringPeriodTax' xlink:type='locator' />
    <link:loc xlink:href='../elts/us-gaap-2021-01-31.xsd#us-gaap_OtherComprehensiveIncomeLossFinancialLiabilityFairValueOptionReclassificationAdjustmentFromAociForDerecognitionAfterTax' xlink:label='loc_OtherComprehensiveIncomeLossFinancialLiabilityFairValueOptionReclassificationAdjustmentFromAociForDerecognitionAfterTax' xlink:type='locator' />
    <link:loc xlink:href='../elts/us-gaap-2021-01-31.xsd#us-gaap_OtherComprehensiveIncomeLossFinancialLiabilityFairValueOptionReclassificationAdjustmentFromAociForDerecognitionBeforeTax' xlink:label='loc_OtherComprehensiveIncomeLossFinancialLiabilityFairValueOptionReclassificationAdjustmentFromAociForDerecognitionBeforeTax' xlink:type='locator' />
    <link:loc xlink:href='../elts/us-gaap-2021-01-31.xsd#us-gaap_OtherComprehensiveIncomeLossFinancialLiabilityFairValueOptionReclassificationAdjustmentFromAociForDerecognitionTax' xlink:label='loc_OtherComprehensiveIncomeLossFinancialLiabilityFairValueOptionReclassificationAdjustmentFromAociForDerecognitionTax' xlink:type='locator' />
    <link:loc xlink:href='../elts/us-gaap-2021-01-31.xsd#us-gaap_OtherComprehensiveIncomeLossForeignCurrencyTransactionAndTranslationAdjustmentNetOfTax' xlink:label='loc_OtherComprehensiveIncomeLossForeignCurrencyTransactionAndTranslationAdjustmentNetOfTax' xlink:type='locator' />
    <link:loc xlink:href='../elts/us-gaap-2021-01-31.xsd#us-gaap_OtherComprehensiveIncomeForeignCurrencyTransactionAndTranslationGainLossArisingDuringPeriodNetOfTax' xlink:label='loc_OtherComprehensiveIncomeForeignCurrencyTransactionAndTranslationGainLossArisingDuringPeriodNetOfTax' xlink:type='locator' />
    <link:loc xlink:href='../elts/us-gaap-2021-01-31.xsd#us-gaap_OtherComprehensiveIncomeForeignCurrencyTransactionAndTranslationGainLossBeforeReclassificationAndTax' xlink:label='loc_OtherComprehensiveIncomeForeignCurrencyTransactionAndTranslationGainLossBeforeReclassificationAndTax' xlink:type='locator' />
    <link:loc xlink:href='../elts/us-gaap-2021-01-31.xsd#us-gaap_OtherComprehensiveIncomeLossNetInvestmentHedgeGainLossBeforeReclassificationAndTax' xlink:label='loc_OtherComprehensiveIncomeLossNetInvestmentHedgeGainLossBeforeReclassificationAndTax' xlink:type='locator' />
    <link:loc xlink:href='../elts/us-gaap-2021-01-31.xsd#us-gaap_OtherComprehensiveIncomeForeignCurrencyTranslationGainLossArisingDuringPeriodTax' xlink:label='loc_OtherComprehensiveIncomeForeignCurrencyTranslationGainLossArisingDuringPeriodTax' xlink:type='locator' />
    <link:loc xlink:href='../elts/us-gaap-2021-01-31.xsd#us-gaap_OtherComprehensiveIncomeLossForeignCurrencyTransactionAndTranslationReclassificationAdjustmentFromAOCIRealizedUponSaleOrLiquidationNetOfTax' xlink:label='loc_OtherComprehensiveIncomeLossForeignCurrencyTransactionAndTranslationReclassificationAdjustmentFromAOCIRealizedUponSaleOrLiquidationNetOfTax' xlink:type='locator' />
    <link:loc xlink:href='../elts/us-gaap-2021-01-31.xsd#us-gaap_OtherComprehensiveIncomeLossForeignCurrencyTransactionAndTranslationReclassificationAdjustmentFromAOCIRealizedUponSaleOrLiquidationBeforeTax' xlink:label='loc_OtherComprehensiveIncomeLossForeignCurrencyTransactionAndTranslationReclassificationAdjustmentFromAOCIRealizedUponSaleOrLiquidationBeforeTax' xlink:type='locator' />
    <link:loc xlink:href='../elts/us-gaap-2021-01-31.xsd#us-gaap_OtherComprehensiveIncomeLossNetInvestmentHedgeGainLossReclassificationBeforeTax' xlink:label='loc_OtherComprehensiveIncomeLossNetInvestmentHedgeGainLossReclassificationBeforeTax' xlink:type='locator' />
    <link:loc xlink:href='../elts/us-gaap-2021-01-31.xsd#us-gaap_OtherComprehensiveIncomeLossForeignCurrencyTransactionAndTranslationReclassificationAdjustmentFromAOCIRealizedUponSaleOrLiquidationTax' xlink:label='loc_OtherComprehensiveIncomeLossForeignCurrencyTransactionAndTranslationReclassificationAdjustmentFromAOCIRealizedUponSaleOrLiquidationTax' xlink:type='locator' />
    <link:loc xlink:href='../elts/us-gaap-2021-01-31.xsd#us-gaap_OtherComprehensiveIncomeLossNetOfTaxPortionAttributableToParent' xlink:label='loc_OtherComprehensiveIncomeLossNetOfTaxPortionAttributableToParent' xlink:type='locator' />
    <link:loc xlink:href='../elts/us-gaap-2021-01-31.xsd#us-gaap_OciBeforeReclassificationsNetOfTaxAttributableToParent' xlink:label='loc_OciBeforeReclassificationsNetOfTaxAttributableToParent' xlink:type='locator' />
    <link:loc xlink:href='../elts/us-gaap-2021-01-31.xsd#us-gaap_ReclassificationFromAociCurrentPeriodNetOfTaxAttributableToParent' xlink:label='loc_ReclassificationFromAociCurrentPeriodNetOfTaxAttributableToParent' xlink:type='locator' />
    <link:loc xlink:href='../elts/us-gaap-2021-01-31.xsd#us-gaap_OtherComprehensiveLossHeldToMaturitySecurityOttiAfterAdjustmentsTaxAttributableToParent' xlink:label='loc_OtherComprehensiveLossHeldToMaturitySecurityOttiAfterAdjustmentsTaxAttributableToParent' xlink:type='locator' />
    <link:loc xlink:href='../elts/us-gaap-2021-01-31.xsd#us-gaap_OtherComprehensiveLossHeldToMaturitySecurityOttiAfterAdjustmentsTaxAttributableToNoncontrollingInterest' xlink:label='loc_OtherComprehensiveLossHeldToMaturitySecurityOttiAfterAdjustmentsTaxAttributableToNoncontrollingInterest' xlink:type='locator' />
    <link:loc xlink:href='../elts/us-gaap-2021-01-31.xsd#us-gaap_OtherComprehensiveLossHeldToMaturitySecurityOttiAfterAdjustmentsTax' xlink:label='loc_OtherComprehensiveLossHeldToMaturitySecurityOttiAfterAdjustmentsTax' xlink:type='locator' />
    <link:loc xlink:href='../elts/us-gaap-2021-01-31.xsd#us-gaap_OtherComprehensiveLossHeldToMaturitySecurityOttiAfterTaxAndAdjustments' xlink:label='loc_OtherComprehensiveLossHeldToMaturitySecurityOttiAfterTaxAndAdjustments' xlink:type='locator' />
    <link:loc xlink:href='../elts/us-gaap-2021-01-31.xsd#us-gaap_OtherThanTemporaryImpairmentLossesInvestmentsPortionInOtherComprehensiveIncomeLossNetOfTaxIncludingPortionAttributableToNoncontrollingInterestHeldtomaturitySecurities' xlink:label='loc_OtherThanTemporaryImpairmentLossesInvestmentsPortionInOtherComprehensiveIncomeLossNetOfTaxIncludingPortionAttributableToNoncontrollingInterestHeldtomaturitySecurities' xlink:type='locator' />
    <link:loc xlink:href='../elts/us-gaap-2021-01-31.xsd#us-gaap_OtherThanTemporaryImpairmentLossesInvestmentsPortionInOtherComprehensiveIncomeLossBeforeTaxIncludingPortionAttributableToNoncontrollingInterestHeldtomaturitySecurities' xlink:label='loc_OtherThanTemporaryImpairmentLossesInvestmentsPortionInOtherComprehensiveIncomeLossBeforeTaxIncludingPortionAttributableToNoncontrollingInterestHeldtomaturitySecurities' xlink:type='locator' />
    <link:loc xlink:href='../elts/us-gaap-2021-01-31.xsd#us-gaap_OtherThanTemporaryImpairmentLossesInvestmentsPortionInOtherComprehensiveIncomeLossTaxIncludingPortionAttributableToNoncontrollingInterestHeldtomaturitySecurities' xlink:label='loc_OtherThanTemporaryImpairmentLossesInvestmentsPortionInOtherComprehensiveIncomeLossTaxIncludingPortionAttributableToNoncontrollingInterestHeldtomaturitySecurities' xlink:type='locator' />
    <link:loc xlink:href='../elts/us-gaap-2021-01-31.xsd#us-gaap_OtherComprehensiveLossHeldToMaturitySecurityAdjustmentFromAociForAccretionOfNoncreditPortionOfOttiAfterTax' xlink:label='loc_OtherComprehensiveLossHeldToMaturitySecurityAdjustmentFromAociForAccretionOfNoncreditPortionOfOttiAfterTax' xlink:type='locator' />
    <link:loc xlink:href='../elts/us-gaap-2021-01-31.xsd#us-gaap_OtherComprehensiveLossHeldToMaturitySecurityAdjustmentFromAociForAccretionOfNoncreditPortionOfOttiBeforeTax' xlink:label='loc_OtherComprehensiveLossHeldToMaturitySecurityAdjustmentFromAociForAccretionOfNoncreditPortionOfOttiBeforeTax' xlink:type='locator' />
    <link:loc xlink:href='../elts/us-gaap-2021-01-31.xsd#us-gaap_OtherComprehensiveLossHeldToMaturitySecurityAdjustmentFromAociForAccretionOfNoncreditPortionOfOttiTax' xlink:label='loc_OtherComprehensiveLossHeldToMaturitySecurityAdjustmentFromAociForAccretionOfNoncreditPortionOfOttiTax' xlink:type='locator' />
    <link:loc xlink:href='../elts/us-gaap-2021-01-31.xsd#us-gaap_OtherComprehensiveLossHeldToMaturitySecurityReclassificationAdjustmentFromAociForNoncreditPortionOfOttiAfterTax' xlink:label='loc_OtherComprehensiveLossHeldToMaturitySecurityReclassificationAdjustmentFromAociForNoncreditPortionOfOttiAfterTax' xlink:type='locator' />
    <link:loc xlink:href='../elts/us-gaap-2021-01-31.xsd#us-gaap_OtherComprehensiveLossHeldToMaturitySecurityReclassificationAdjustmentFromAociForNoncreditPortionOfOttiSaleAfterTax' xlink:label='loc_OtherComprehensiveLossHeldToMaturitySecurityReclassificationAdjustmentFromAociForNoncreditPortionOfOttiSaleAfterTax' xlink:type='locator' />
    <link:loc xlink:href='../elts/us-gaap-2021-01-31.xsd#us-gaap_OtherComprehensiveLossHeldToMaturitySecurityReclassificationAdjustmentFromAociForNoncreditPortionOfOttiSaleBeforeTax' xlink:label='loc_OtherComprehensiveLossHeldToMaturitySecurityReclassificationAdjustmentFromAociForNoncreditPortionOfOttiSaleBeforeTax' xlink:type='locator' />
    <link:loc xlink:href='../elts/us-gaap-2021-01-31.xsd#us-gaap_OtherComprehensiveLossHeldToMaturitySecurityReclassificationAdjustmentFromAociForNoncreditPortionOfOttiSaleTax' xlink:label='loc_OtherComprehensiveLossHeldToMaturitySecurityReclassificationAdjustmentFromAociForNoncreditPortionOfOttiSaleTax' xlink:type='locator' />
    <link:loc xlink:href='../elts/us-gaap-2021-01-31.xsd#us-gaap_OtherComprehensiveLossHeldToMaturitySecurityReclassificationAdjustmentFromAociForNoncreditPortionOfOttiAdditionalCreditLossAfterTax' xlink:label='loc_OtherComprehensiveLossHeldToMaturitySecurityReclassificationAdjustmentFromAociForNoncreditPortionOfOttiAdditionalCreditLossAfterTax' xlink:type='locator' />
    <link:loc xlink:href='../elts/us-gaap-2021-01-31.xsd#us-gaap_OtherComprehensiveLossHeldToMaturitySecurityReclassificationAdjustmentFromAociForNoncreditPortionOfOttiAdditionalCreditLossBeforeTax' xlink:label='loc_OtherComprehensiveLossHeldToMaturitySecurityReclassificationAdjustmentFromAociForNoncreditPortionOfOttiAdditionalCreditLossBeforeTax' xlink:type='locator' />
    <link:loc xlink:href='../elts/us-gaap-2021-01-31.xsd#us-gaap_OtherComprehensiveLossHeldToMaturitySecurityReclassificationAdjustmentFromAociForNoncreditPortionOfOttiAdditionalCreditLossTax' xlink:label='loc_OtherComprehensiveLossHeldToMaturitySecurityReclassificationAdjustmentFromAociForNoncreditPortionOfOttiAdditionalCreditLossTax' xlink:type='locator' />
    <link:loc xlink:href='../elts/us-gaap-2021-01-31.xsd#us-gaap_OtherComprehensiveLossHeldToMaturitySecurityOttiBeforeTaxAfterAdjustmentsAttributableToParent' xlink:label='loc_OtherComprehensiveLossHeldToMaturitySecurityOttiBeforeTaxAfterAdjustmentsAttributableToParent' xlink:type='locator' />
    <link:loc xlink:href='../elts/us-gaap-2021-01-31.xsd#us-gaap_OtherComprehensiveLossHeldToMaturitySecurityOttiBeforeTaxAfterAdjustments' xlink:label='loc_OtherComprehensiveLossHeldToMaturitySecurityOttiBeforeTaxAfterAdjustments' xlink:type='locator' />
    <link:loc xlink:href='../elts/us-gaap-2021-01-31.xsd#us-gaap_OtherComprehensiveLossHeldToMaturitySecurityOttiBeforeTaxAfterAdjustmentsAttributableToNoncontrollingInterest' xlink:label='loc_OtherComprehensiveLossHeldToMaturitySecurityOttiBeforeTaxAfterAdjustmentsAttributableToNoncontrollingInterest' xlink:type='locator' />
    <link:calculationArc order='10' weight='1.0' xlink:arcrole='http://www.xbrl.org/2003/arcrole/summation-item' xlink:from='loc_OtherComprehensiveIncomeLossAvailableForSaleSecuritiesAdjustmentNetOfTax' xlink:to='loc_OtherComprehensiveIncomeLossAvailableForSaleSecuritiesAdjustmentBeforeReclassificationAdjustmentsNetOfTax' xlink:type='arc' />
    <link:calculationArc order='10' weight='1.0' xlink:arcrole='http://www.xbrl.org/2003/arcrole/summation-item' xlink:from='loc_OtherComprehensiveIncomeLossAvailableForSaleSecuritiesAdjustmentBeforeReclassificationAdjustmentsNetOfTax' xlink:to='loc_OtherComprehensiveIncomeUnrealizedHoldingGainLossOnSecuritiesArisingDuringPeriodNetOfTax' xlink:type='arc' />
    <link:calculationArc order='10' weight='1.0' xlink:arcrole='http://www.xbrl.org/2003/arcrole/summation-item' xlink:from='loc_OtherComprehensiveIncomeUnrealizedHoldingGainLossOnSecuritiesArisingDuringPeriodNetOfTax' xlink:to='loc_OtherComprehensiveIncomeUnrealizedHoldingGainLossOnSecuritiesArisingDuringPeriodBeforeTax' xlink:type='arc' />
    <link:calculationArc order='20' weight='-1.0' xlink:arcrole='http://www.xbrl.org/2003/arcrole/summation-item' xlink:from='loc_OtherComprehensiveIncomeUnrealizedHoldingGainLossOnSecuritiesArisingDuringPeriodNetOfTax' xlink:to='loc_OtherComprehensiveIncomeUnrealizedHoldingGainLossOnSecuritiesArisingDuringPeriodTax' xlink:type='arc' />
    <link:calculationArc order='20' weight='1.0' xlink:arcrole='http://www.xbrl.org/2003/arcrole/summation-item' xlink:from='loc_OtherComprehensiveIncomeLossAvailableForSaleSecuritiesAdjustmentBeforeReclassificationAdjustmentsNetOfTax' xlink:to='loc_OtherComprehensiveIncomeLossTransfersFromHeldToMaturityToAvailableForSaleSecuritiesNetOfTax' xlink:type='arc' />
    <link:calculationArc order='10' weight='1.0' xlink:arcrole='http://www.xbrl.org/2003/arcrole/summation-item' xlink:from='loc_OtherComprehensiveIncomeLossTransfersFromHeldToMaturityToAvailableForSaleSecuritiesNetOfTax' xlink:to='loc_OtherComprehensiveIncomeReclassificationAdjustmentForHeldToMaturityTransferredToAvailableForSaleSecuritiesBeforeTax' xlink:type='arc' />
    <link:calculationArc order='20' weight='-1.0' xlink:arcrole='http://www.xbrl.org/2003/arcrole/summation-item' xlink:from='loc_OtherComprehensiveIncomeLossTransfersFromHeldToMaturityToAvailableForSaleSecuritiesNetOfTax' xlink:to='loc_OtherComprehensiveIncomeReclassificationAdjustmentForHeldToMaturityTransferredToAvailableForSaleSecuritiesTax' xlink:type='arc' />
    <link:calculationArc order='20' weight='-1.0' xlink:arcrole='http://www.xbrl.org/2003/arcrole/summation-item' xlink:from='loc_OtherComprehensiveIncomeLossAvailableForSaleSecuritiesAdjustmentNetOfTax' xlink:to='loc_OtherComprehensiveIncomeLossReclassificationAdjustmentFromAOCIForSaleOfSecuritiesNetOfTax' xlink:type='arc' />
    <link:calculationArc order='10' weight='1.0' xlink:arcrole='http://www.xbrl.org/2003/arcrole/summation-item' xlink:from='loc_OtherComprehensiveIncomeLossReclassificationAdjustmentFromAOCIForSaleOfSecuritiesNetOfTax' xlink:to='loc_OtherComprehensiveIncomeLossReclassificationAdjustmentFromAOCIForSaleOfSecuritiesBeforeTax' xlink:type='arc' />
    <link:calculationArc order='20' weight='-1.0' xlink:arcrole='http://www.xbrl.org/2003/arcrole/summation-item' xlink:from='loc_OtherComprehensiveIncomeLossReclassificationAdjustmentFromAOCIForSaleOfSecuritiesNetOfTax' xlink:to='loc_OtherComprehensiveIncomeLossReclassificationAdjustmentFromAOCIForSaleOfSecuritiesTax' xlink:type='arc' />
    <link:calculationArc order='30' weight='1.0' xlink:arcrole='http://www.xbrl.org/2003/arcrole/summation-item' xlink:from='loc_OtherComprehensiveIncomeLossAvailableForSaleSecuritiesAdjustmentNetOfTax' xlink:to='loc_OtherComprehensiveIncomeLossReclassificationAdjustmentFromAOCIForWritedownOfSecuritiesNetOfTax' xlink:type='arc' />
    <link:calculationArc order='10' weight='1.0' xlink:arcrole='http://www.xbrl.org/2003/arcrole/summation-item' xlink:from='loc_OtherComprehensiveIncomeLossReclassificationAdjustmentFromAOCIForWritedownOfSecuritiesNetOfTax' xlink:to='loc_OtherComprehensiveIncomeLossReclassificationAdjustmentFromAOCIForWritedownOfSecuritiesBeforeTax' xlink:type='arc' />
    <link:calculationArc order='20' weight='-1.0' xlink:arcrole='http://www.xbrl.org/2003/arcrole/summation-item' xlink:from='loc_OtherComprehensiveIncomeLossReclassificationAdjustmentFromAOCIForWritedownOfSecuritiesNetOfTax' xlink:to='loc_OtherComprehensiveIncomeLossReclassificationAdjustmentFromAOCIForWritedownOfSecuritiesTax' xlink:type='arc' />
    <link:calculationArc order='40' weight='-1.0' xlink:arcrole='http://www.xbrl.org/2003/arcrole/summation-item' xlink:from='loc_OtherComprehensiveIncomeLossAvailableForSaleSecuritiesAdjustmentNetOfTax' xlink:to='loc_OtherComprehensiveIncomeLossReclassificationAdjustmentFromAociForInvestmentTransferredFromAvailableForSaleToEquityMethodAfterTax' xlink:type='arc' />
    <link:calculationArc order='10' weight='1.0' xlink:arcrole='http://www.xbrl.org/2003/arcrole/summation-item' xlink:from='loc_OtherComprehensiveIncomeLossReclassificationAdjustmentFromAociForInvestmentTransferredFromAvailableForSaleToEquityMethodAfterTax' xlink:to='loc_OtherComprehensiveIncomeLossReclassificationAdjustmentFromAociForInvestmentTransferredFromAvailableForSaleToEquityMethodBeforeTax' xlink:type='arc' />
    <link:calculationArc order='20' weight='-1.0' xlink:arcrole='http://www.xbrl.org/2003/arcrole/summation-item' xlink:from='loc_OtherComprehensiveIncomeLossReclassificationAdjustmentFromAociForInvestmentTransferredFromAvailableForSaleToEquityMethodAfterTax' xlink:to='loc_OtherComprehensiveIncomeLossReclassificationAdjustmentFromAociForInvestmentTransferredFromAvailableForSaleToEquityMethodTax' xlink:type='arc' />
    <link:calculationArc order='50' weight='-1.0' xlink:arcrole='http://www.xbrl.org/2003/arcrole/summation-item' xlink:from='loc_OtherComprehensiveIncomeLossAvailableForSaleSecuritiesAdjustmentNetOfTax' xlink:to='loc_OciDebtSecuritiesAvailableForSaleTransferToHeldToMaturityAdjustmentFromAociForAmortizationOfGainLossAfterTax' xlink:type='arc' />
    <link:calculationArc order='10' weight='1.0' xlink:arcrole='http://www.xbrl.org/2003/arcrole/summation-item' xlink:from='loc_OciDebtSecuritiesAvailableForSaleTransferToHeldToMaturityAdjustmentFromAociForAmortizationOfGainLossAfterTax' xlink:to='loc_OciDebtSecuritiesAvailableForSaleTransferToHeldToMaturityAdjustmentFromAociForAmortizationOfGainLossBeforeTax' xlink:type='arc' />
    <link:calculationArc order='20' weight='-1.0' xlink:arcrole='http://www.xbrl.org/2003/arcrole/summation-item' xlink:from='loc_OciDebtSecuritiesAvailableForSaleTransferToHeldToMaturityAdjustmentFromAociForAmortizationOfGainLossAfterTax' xlink:to='loc_OciDebtSecuritiesAvailableForSaleTransferToHeldToMaturityAdjustmentFromAociForAmortizationOfGainLossTax' xlink:type='arc' />
    <link:calculationArc order='10' weight='1.0' xlink:arcrole='http://www.xbrl.org/2003/arcrole/summation-item' xlink:from='loc_OtherComprehensiveIncomeLossPensionAndOtherPostretirementBenefitPlansAdjustmentNetOfTax' xlink:to='loc_OtherComprehensiveIncomeLossPensionAndOtherPostretirementBenefitPlansAdjustmentBeforeReclassificationAdjustmentsNetOfTax' xlink:type='arc' />
    <link:calculationArc order='10' weight='-1.0' xlink:arcrole='http://www.xbrl.org/2003/arcrole/summation-item' xlink:from='loc_OtherComprehensiveIncomeLossPensionAndOtherPostretirementBenefitPlansAdjustmentBeforeReclassificationAdjustmentsNetOfTax' xlink:to='loc_OtherComprehensiveIncomeDefinedBenefitPlansNetUnamortizedGainLossArisingDuringPeriodNetOfTax' xlink:type='arc' />
    <link:calculationArc order='10' weight='1.0' xlink:arcrole='http://www.xbrl.org/2003/arcrole/summation-item' xlink:from='loc_OtherComprehensiveIncomeDefinedBenefitPlansNetUnamortizedGainLossArisingDuringPeriodNetOfTax' xlink:to='loc_OtherComprehensiveIncomeLossPensionAndOtherPostretirementBenefitPlansNetUnamortizedGainLossArisingDuringPeriodBeforeTax' xlink:type='arc' />
    <link:calculationArc order='20' weight='-1.0' xlink:arcrole='http://www.xbrl.org/2003/arcrole/summation-item' xlink:from='loc_OtherComprehensiveIncomeDefinedBenefitPlansNetUnamortizedGainLossArisingDuringPeriodNetOfTax' xlink:to='loc_OtherComprehensiveIncomeDefinedBenefitPlansNetUnamortizedGainLossArisingDuringPeriodTax' xlink:type='arc' />
    <link:calculationArc order='20' weight='1.0' xlink:arcrole='http://www.xbrl.org/2003/arcrole/summation-item' xlink:from='loc_OtherComprehensiveIncomeLossPensionAndOtherPostretirementBenefitPlansAdjustmentBeforeReclassificationAdjustmentsNetOfTax' xlink:to='loc_OtherComprehensiveIncomeDefinedBenefitPlanNetPriorServiceCostsCreditArisingDuringPeriodNetOfTax' xlink:type='arc' />
    <link:calculationArc order='10' weight='1.0' xlink:arcrole='http://www.xbrl.org/2003/arcrole/summation-item' xlink:from='loc_OtherComprehensiveIncomeDefinedBenefitPlanNetPriorServiceCostsCreditArisingDuringPeriodNetOfTax' xlink:to='loc_OtherComprehensiveIncomeDefinedBenefitPlanNetPriorServiceCostCreditArisingDuringPeriodBeforeTax' xlink:type='arc' />
    <link:calculationArc order='20' weight='-1.0' xlink:arcrole='http://www.xbrl.org/2003/arcrole/summation-item' xlink:from='loc_OtherComprehensiveIncomeDefinedBenefitPlanNetPriorServiceCostsCreditArisingDuringPeriodNetOfTax' xlink:to='loc_OtherComprehensiveIncomeLossPensionAndOtherPostretirementBenefitPlansBenefitPlanImprovementTaxEffect' xlink:type='arc' />
    <link:calculationArc order='30' weight='-1.0' xlink:arcrole='http://www.xbrl.org/2003/arcrole/summation-item' xlink:from='loc_OtherComprehensiveIncomeLossPensionAndOtherPostretirementBenefitPlansAdjustmentBeforeReclassificationAdjustmentsNetOfTax' xlink:to='loc_OtherComprehensiveIncomeLossFinalizationOfPensionAndNonPensionPostretirementPlanValuationNetOfTax' xlink:type='arc' />
    <link:calculationArc order='10' weight='1.0' xlink:arcrole='http://www.xbrl.org/2003/arcrole/summation-item' xlink:from='loc_OtherComprehensiveIncomeLossFinalizationOfPensionAndNonPensionPostretirementPlanValuationNetOfTax' xlink:to='loc_OtherComprehensiveIncomeLossFinalizationOfPensionAndNonPensionPostretirementPlanValuationBeforeTax' xlink:type='arc' />
    <link:calculationArc order='20' weight='-1.0' xlink:arcrole='http://www.xbrl.org/2003/arcrole/summation-item' xlink:from='loc_OtherComprehensiveIncomeLossFinalizationOfPensionAndNonPensionPostretirementPlanValuationNetOfTax' xlink:to='loc_OtherComprehensiveIncomeFinalizationOfPensionAndNonPensionPostretirementPlanValuationTax' xlink:type='arc' />
    <link:calculationArc order='20' weight='-1.0' xlink:arcrole='http://www.xbrl.org/2003/arcrole/summation-item' xlink:from='loc_OtherComprehensiveIncomeLossPensionAndOtherPostretirementBenefitPlansAdjustmentNetOfTax' xlink:to='loc_OtherComprehensiveIncomeLossReclassificationAdjustmentFromAOCIPensionAndOtherPostretirementBenefitPlansNetOfTax' xlink:type='arc' />
    <link:calculationArc order='10' weight='-1.0' xlink:arcrole='http://www.xbrl.org/2003/arcrole/summation-item' xlink:from='loc_OtherComprehensiveIncomeLossReclassificationAdjustmentFromAOCIPensionAndOtherPostretirementBenefitPlansNetOfTax' xlink:to='loc_OtherComprehensiveIncomeLossReclassificationAdjustmentFromAOCIPensionAndOtherPostretirementBenefitPlansForNetTransitionAssetObligationNetOfTax' xlink:type='arc' />
    <link:calculationArc order='10' weight='1.0' xlink:arcrole='http://www.xbrl.org/2003/arcrole/summation-item' xlink:from='loc_OtherComprehensiveIncomeLossReclassificationAdjustmentFromAOCIPensionAndOtherPostretirementBenefitPlansForNetTransitionAssetObligationNetOfTax' xlink:to='loc_OtherComprehensiveIncomeLossReclassificationAdjustmentFromAOCIPensionAndOtherPostretirementBenefitPlansForNetTransitionAssetObligationBeforeTax' xlink:type='arc' />
    <link:calculationArc order='20' weight='-1.0' xlink:arcrole='http://www.xbrl.org/2003/arcrole/summation-item' xlink:from='loc_OtherComprehensiveIncomeLossReclassificationAdjustmentFromAOCIPensionAndOtherPostretirementBenefitPlansForNetTransitionAssetObligationNetOfTax' xlink:to='loc_OtherComprehensiveIncomeLossReclassificationAdjustmentFromAOCIPensionAndOtherPostretirementBenefitPlansForNetTransitionAssetObligationTax' xlink:type='arc' />
    <link:calculationArc order='20' weight='-1.0' xlink:arcrole='http://www.xbrl.org/2003/arcrole/summation-item' xlink:from='loc_OtherComprehensiveIncomeLossReclassificationAdjustmentFromAOCIPensionAndOtherPostretirementBenefitPlansNetOfTax' xlink:to='loc_OtherComprehensiveIncomeLossReclassificationAdjustmentFromAOCIPensionAndOtherPostretirementBenefitPlansForNetGainLossNetOfTax' xlink:type='arc' />
    <link:calculationArc order='10' weight='1.0' xlink:arcrole='http://www.xbrl.org/2003/arcrole/summation-item' xlink:from='loc_OtherComprehensiveIncomeLossReclassificationAdjustmentFromAOCIPensionAndOtherPostretirementBenefitPlansForNetGainLossNetOfTax' xlink:to='loc_OtherComprehensiveIncomeLossReclassificationAdjustmentFromAOCIPensionAndOtherPostretirementBenefitPlansForNetGainLossBeforeTax' xlink:type='arc' />
    <link:calculationArc order='20' weight='-1.0' xlink:arcrole='http://www.xbrl.org/2003/arcrole/summation-item' xlink:from='loc_OtherComprehensiveIncomeLossReclassificationAdjustmentFromAOCIPensionAndOtherPostretirementBenefitPlansForNetGainLossNetOfTax' xlink:to='loc_OtherComprehensiveIncomeLossReclassificationAdjustmentFromAOCIPensionAndOtherPostretirementBenefitPlansForNetGainLossTax' xlink:type='arc' />
    <link:calculationArc order='30' weight='1.0' xlink:arcrole='http://www.xbrl.org/2003/arcrole/summation-item' xlink:from='loc_OtherComprehensiveIncomeLossReclassificationAdjustmentFromAOCIPensionAndOtherPostretirementBenefitPlansNetOfTax' xlink:to='loc_OtherComprehensiveIncomeLossAmortizationAdjustmentFromAOCIPensionAndOtherPostretirementBenefitPlansForNetPriorServiceCostCreditNetOfTax' xlink:type='arc' />
    <link:calculationArc order='10' weight='1.0' xlink:arcrole='http://www.xbrl.org/2003/arcrole/summation-item' xlink:from='loc_OtherComprehensiveIncomeLossAmortizationAdjustmentFromAOCIPensionAndOtherPostretirementBenefitPlansForNetPriorServiceCostCreditNetOfTax' xlink:to='loc_OtherComprehensiveIncomeLossAmortizationAdjustmentFromAOCIPensionAndOtherPostretirementBenefitPlansForNetPriorServiceCostCreditBeforeTax' xlink:type='arc' />
    <link:calculationArc order='20' weight='-1.0' xlink:arcrole='http://www.xbrl.org/2003/arcrole/summation-item' xlink:from='loc_OtherComprehensiveIncomeLossAmortizationAdjustmentFromAOCIPensionAndOtherPostretirementBenefitPlansForNetPriorServiceCostCreditNetOfTax' xlink:to='loc_OtherComprehensiveIncomeLossAmortizationAdjustmentFromAOCIPensionAndOtherPostretirementBenefitPlansForNetPriorServiceCostCreditTax' xlink:type='arc' />
    <link:calculationArc order='10' weight='1.0' xlink:arcrole='http://www.xbrl.org/2003/arcrole/summation-item' xlink:from='loc_OtherComprehensiveIncomeLossCashFlowHedgeGainLossAfterReclassificationAndTax' xlink:to='loc_OtherComprehensiveIncomeLossCashFlowHedgeGainLossBeforeReclassificationAfterTax' xlink:type='arc' />
    <link:calculationArc order='10' weight='1.0' xlink:arcrole='http://www.xbrl.org/2003/arcrole/summation-item' xlink:from='loc_OtherComprehensiveIncomeLossCashFlowHedgeGainLossBeforeReclassificationAfterTax' xlink:to='loc_OtherComprehensiveIncomeLossCashFlowHedgeGainLossBeforeReclassificationAndTax' xlink:type='arc' />
    <link:calculationArc order='20' weight='-1.0' xlink:arcrole='http://www.xbrl.org/2003/arcrole/summation-item' xlink:from='loc_OtherComprehensiveIncomeLossCashFlowHedgeGainLossBeforeReclassificationAfterTax' xlink:to='loc_OtherComprehensiveIncomeLossCashFlowHedgeGainLossBeforeReclassificationTax' xlink:type='arc' />
    <link:calculationArc order='20' weight='-1.0' xlink:arcrole='http://www.xbrl.org/2003/arcrole/summation-item' xlink:from='loc_OtherComprehensiveIncomeLossCashFlowHedgeGainLossAfterReclassificationAndTax' xlink:to='loc_OtherComprehensiveIncomeLossCashFlowHedgeGainLossReclassificationAfterTax' xlink:type='arc' />
    <link:calculationArc order='10' weight='1.0' xlink:arcrole='http://www.xbrl.org/2003/arcrole/summation-item' xlink:from='loc_OtherComprehensiveIncomeLossCashFlowHedgeGainLossReclassificationAfterTax' xlink:to='loc_OtherComprehensiveIncomeLossCashFlowHedgeGainLossReclassificationBeforeTax' xlink:type='arc' />
    <link:calculationArc order='10' weight='1.0' xlink:arcrole='http://www.xbrl.org/2003/arcrole/summation-item' xlink:from='loc_OtherComprehensiveIncomeLossCashFlowHedgeGainLossReclassificationBeforeTax' xlink:to='loc_OtherComprehensiveIncomeLossCashFlowHedgeReclassificationForDiscontinuanceBeforeTax' xlink:type='arc' />
    <link:calculationArc order='20' weight='-1.0' xlink:arcrole='http://www.xbrl.org/2003/arcrole/summation-item' xlink:from='loc_OtherComprehensiveIncomeLossCashFlowHedgeGainLossReclassificationAfterTax' xlink:to='loc_OtherComprehensiveIncomeLossCashFlowHedgeGainLossReclassificationTax' xlink:type='arc' />
    <link:calculationArc order='10' weight='1.0' xlink:arcrole='http://www.xbrl.org/2003/arcrole/summation-item' xlink:from='loc_OtherComprehensiveIncomeLossDerivativeExcludedComponentIncreaseDecreaseAfterAdjustmentsAndTax' xlink:to='loc_OtherComprehensiveIncomeLossDerivativeExcludedComponentIncreaseDecreaseBeforeAdjustmentsAfterTax' xlink:type='arc' />
    <link:calculationArc order='10' weight='1.0' xlink:arcrole='http://www.xbrl.org/2003/arcrole/summation-item' xlink:from='loc_OtherComprehensiveIncomeLossDerivativeExcludedComponentIncreaseDecreaseBeforeAdjustmentsAfterTax' xlink:to='loc_OtherComprehensiveIncomeLossDerivativeExcludedComponentIncreaseDecreaseBeforeAdjustmentsAndTax' xlink:type='arc' />
    <link:calculationArc order='20' weight='-1.0' xlink:arcrole='http://www.xbrl.org/2003/arcrole/summation-item' xlink:from='loc_OtherComprehensiveIncomeLossDerivativeExcludedComponentIncreaseDecreaseBeforeAdjustmentsAfterTax' xlink:to='loc_OtherComprehensiveIncomeLossDerivativeExcludedComponentIncreaseDecreaseBeforeAdjustmentsTax' xlink:type='arc' />
    <link:calculationArc order='20' weight='-1.0' xlink:arcrole='http://www.xbrl.org/2003/arcrole/summation-item' xlink:from='loc_OtherComprehensiveIncomeLossDerivativeExcludedComponentIncreaseDecreaseAfterAdjustmentsAndTax' xlink:to='loc_OtherComprehensiveIncomeLossDerivativeExcludedComponentIncreaseDecreaseAdjustmentsAfterTax' xlink:type='arc' />
    <link:calculationArc order='10' weight='1.0' xlink:arcrole='http://www.xbrl.org/2003/arcrole/summation-item' xlink:from='loc_OtherComprehensiveIncomeLossDerivativeExcludedComponentIncreaseDecreaseAdjustmentsAfterTax' xlink:to='loc_OtherComprehensiveIncomeLossDerivativeExcludedComponentIncreaseDecreaseAdjustmentsBeforeTax' xlink:type='arc' />
    <link:calculationArc order='20' weight='-1.0' xlink:arcrole='http://www.xbrl.org/2003/arcrole/summation-item' xlink:from='loc_OtherComprehensiveIncomeLossDerivativeExcludedComponentIncreaseDecreaseAdjustmentsAfterTax' xlink:to='loc_OtherComprehensiveIncomeLossDerivativeExcludedComponentIncreaseDecreaseAdjustmentsTax' xlink:type='arc' />
    <link:calculationArc order='10' weight='1.0' xlink:arcrole='http://www.xbrl.org/2003/arcrole/summation-item' xlink:from='loc_OtherComprehensiveIncomeLossFinancialLiabilityFairValueOptionAfterTaxAndReclassificationAdjustment' xlink:to='loc_OtherComprehensiveIncomeLossFinancialLiabilityFairValueOptionUnrealizedGainLossArisingDuringPeriodAfterTax' xlink:type='arc' />
    <link:calculationArc order='10' weight='1.0' xlink:arcrole='http://www.xbrl.org/2003/arcrole/summation-item' xlink:from='loc_OtherComprehensiveIncomeLossFinancialLiabilityFairValueOptionUnrealizedGainLossArisingDuringPeriodAfterTax' xlink:to='loc_OtherComprehensiveIncomeLossFinancialLiabilityFairValueOptionUnrealizedGainLossArisingDuringPeriodBeforeTax' xlink:type='arc' />
    <link:calculationArc order='20' weight='-1.0' xlink:arcrole='http://www.xbrl.org/2003/arcrole/summation-item' xlink:from='loc_OtherComprehensiveIncomeLossFinancialLiabilityFairValueOptionUnrealizedGainLossArisingDuringPeriodAfterTax' xlink:to='loc_OtherComprehensiveIncomeLossFinancialLiabilityFairValueOptionUnrealizedGainLossArisingDuringPeriodTax' xlink:type='arc' />
    <link:calculationArc order='20' weight='-1.0' xlink:arcrole='http://www.xbrl.org/2003/arcrole/summation-item' xlink:from='loc_OtherComprehensiveIncomeLossFinancialLiabilityFairValueOptionAfterTaxAndReclassificationAdjustment' xlink:to='loc_OtherComprehensiveIncomeLossFinancialLiabilityFairValueOptionReclassificationAdjustmentFromAociForDerecognitionAfterTax' xlink:type='arc' />
    <link:calculationArc order='10' weight='1.0' xlink:arcrole='http://www.xbrl.org/2003/arcrole/summation-item' xlink:from='loc_OtherComprehensiveIncomeLossFinancialLiabilityFairValueOptionReclassificationAdjustmentFromAociForDerecognitionAfterTax' xlink:to='loc_OtherComprehensiveIncomeLossFinancialLiabilityFairValueOptionReclassificationAdjustmentFromAociForDerecognitionBeforeTax' xlink:type='arc' />
    <link:calculationArc order='20' weight='-1.0' xlink:arcrole='http://www.xbrl.org/2003/arcrole/summation-item' xlink:from='loc_OtherComprehensiveIncomeLossFinancialLiabilityFairValueOptionReclassificationAdjustmentFromAociForDerecognitionAfterTax' xlink:to='loc_OtherComprehensiveIncomeLossFinancialLiabilityFairValueOptionReclassificationAdjustmentFromAociForDerecognitionTax' xlink:type='arc' />
    <link:calculationArc order='10' weight='1.0' xlink:arcrole='http://www.xbrl.org/2003/arcrole/summation-item' xlink:from='loc_OtherComprehensiveIncomeLossForeignCurrencyTransactionAndTranslationAdjustmentNetOfTax' xlink:to='loc_OtherComprehensiveIncomeForeignCurrencyTransactionAndTranslationGainLossArisingDuringPeriodNetOfTax' xlink:type='arc' />
    <link:calculationArc order='10' weight='1.0' xlink:arcrole='http://www.xbrl.org/2003/arcrole/summation-item' xlink:from='loc_OtherComprehensiveIncomeForeignCurrencyTransactionAndTranslationGainLossArisingDuringPeriodNetOfTax' xlink:to='loc_OtherComprehensiveIncomeForeignCurrencyTransactionAndTranslationGainLossBeforeReclassificationAndTax' xlink:type='arc' />
    <link:calculationArc order='10' weight='1.0' xlink:arcrole='http://www.xbrl.org/2003/arcrole/summation-item' xlink:from='loc_OtherComprehensiveIncomeForeignCurrencyTransactionAndTranslationGainLossBeforeReclassificationAndTax' xlink:to='loc_OtherComprehensiveIncomeLossNetInvestmentHedgeGainLossBeforeReclassificationAndTax' xlink:type='arc' />
    <link:calculationArc order='20' weight='-1.0' xlink:arcrole='http://www.xbrl.org/2003/arcrole/summation-item' xlink:from='loc_OtherComprehensiveIncomeForeignCurrencyTransactionAndTranslationGainLossArisingDuringPeriodNetOfTax' xlink:to='loc_OtherComprehensiveIncomeForeignCurrencyTranslationGainLossArisingDuringPeriodTax' xlink:type='arc' />
    <link:calculationArc order='20' weight='-1.0' xlink:arcrole='http://www.xbrl.org/2003/arcrole/summation-item' xlink:from='loc_OtherComprehensiveIncomeLossForeignCurrencyTransactionAndTranslationAdjustmentNetOfTax' xlink:to='loc_OtherComprehensiveIncomeLossForeignCurrencyTransactionAndTranslationReclassificationAdjustmentFromAOCIRealizedUponSaleOrLiquidationNetOfTax' xlink:type='arc' />
    <link:calculationArc order='10' weight='1.0' xlink:arcrole='http://www.xbrl.org/2003/arcrole/summation-item' xlink:from='loc_OtherComprehensiveIncomeLossForeignCurrencyTransactionAndTranslationReclassificationAdjustmentFromAOCIRealizedUponSaleOrLiquidationNetOfTax' xlink:to='loc_OtherComprehensiveIncomeLossForeignCurrencyTransactionAndTranslationReclassificationAdjustmentFromAOCIRealizedUponSaleOrLiquidationBeforeTax' xlink:type='arc' />
    <link:calculationArc order='10' weight='1.0' xlink:arcrole='http://www.xbrl.org/2003/arcrole/summation-item' xlink:from='loc_OtherComprehensiveIncomeLossForeignCurrencyTransactionAndTranslationReclassificationAdjustmentFromAOCIRealizedUponSaleOrLiquidationBeforeTax' xlink:to='loc_OtherComprehensiveIncomeLossNetInvestmentHedgeGainLossReclassificationBeforeTax' xlink:type='arc' />
    <link:calculationArc order='20' weight='-1.0' xlink:arcrole='http://www.xbrl.org/2003/arcrole/summation-item' xlink:from='loc_OtherComprehensiveIncomeLossForeignCurrencyTransactionAndTranslationReclassificationAdjustmentFromAOCIRealizedUponSaleOrLiquidationNetOfTax' xlink:to='loc_OtherComprehensiveIncomeLossForeignCurrencyTransactionAndTranslationReclassificationAdjustmentFromAOCIRealizedUponSaleOrLiquidationTax' xlink:type='arc' />
    <link:calculationArc order='10' weight='1.0' xlink:arcrole='http://www.xbrl.org/2003/arcrole/summation-item' xlink:from='loc_OtherComprehensiveIncomeLossNetOfTaxPortionAttributableToParent' xlink:to='loc_OciBeforeReclassificationsNetOfTaxAttributableToParent' xlink:type='arc' />
    <link:calculationArc order='20' weight='-1.0' xlink:arcrole='http://www.xbrl.org/2003/arcrole/summation-item' xlink:from='loc_OtherComprehensiveIncomeLossNetOfTaxPortionAttributableToParent' xlink:to='loc_ReclassificationFromAociCurrentPeriodNetOfTaxAttributableToParent' xlink:type='arc' />
    <link:calculationArc order='10' weight='-1.0' xlink:arcrole='http://www.xbrl.org/2003/arcrole/summation-item' xlink:from='loc_OtherComprehensiveLossHeldToMaturitySecurityOttiAfterAdjustmentsTaxAttributableToParent' xlink:to='loc_OtherComprehensiveLossHeldToMaturitySecurityOttiAfterAdjustmentsTaxAttributableToNoncontrollingInterest' xlink:type='arc' />
    <link:calculationArc order='20' weight='1.0' xlink:arcrole='http://www.xbrl.org/2003/arcrole/summation-item' xlink:from='loc_OtherComprehensiveLossHeldToMaturitySecurityOttiAfterAdjustmentsTaxAttributableToParent' xlink:to='loc_OtherComprehensiveLossHeldToMaturitySecurityOttiAfterAdjustmentsTax' xlink:type='arc' />
    <link:calculationArc order='10' weight='1.0' xlink:arcrole='http://www.xbrl.org/2003/arcrole/summation-item' xlink:from='loc_OtherComprehensiveLossHeldToMaturitySecurityOttiAfterTaxAndAdjustments' xlink:to='loc_OtherThanTemporaryImpairmentLossesInvestmentsPortionInOtherComprehensiveIncomeLossNetOfTaxIncludingPortionAttributableToNoncontrollingInterestHeldtomaturitySecurities' xlink:type='arc' />
    <link:calculationArc order='10' weight='1.0' xlink:arcrole='http://www.xbrl.org/2003/arcrole/summation-item' xlink:from='loc_OtherThanTemporaryImpairmentLossesInvestmentsPortionInOtherComprehensiveIncomeLossNetOfTaxIncludingPortionAttributableToNoncontrollingInterestHeldtomaturitySecurities' xlink:to='loc_OtherThanTemporaryImpairmentLossesInvestmentsPortionInOtherComprehensiveIncomeLossBeforeTaxIncludingPortionAttributableToNoncontrollingInterestHeldtomaturitySecurities' xlink:type='arc' />
    <link:calculationArc order='20' weight='-1.0' xlink:arcrole='http://www.xbrl.org/2003/arcrole/summation-item' xlink:from='loc_OtherThanTemporaryImpairmentLossesInvestmentsPortionInOtherComprehensiveIncomeLossNetOfTaxIncludingPortionAttributableToNoncontrollingInterestHeldtomaturitySecurities' xlink:to='loc_OtherThanTemporaryImpairmentLossesInvestmentsPortionInOtherComprehensiveIncomeLossTaxIncludingPortionAttributableToNoncontrollingInterestHeldtomaturitySecurities' xlink:type='arc' />
    <link:calculationArc order='20' weight='-1.0' xlink:arcrole='http://www.xbrl.org/2003/arcrole/summation-item' xlink:from='loc_OtherComprehensiveLossHeldToMaturitySecurityOttiAfterTaxAndAdjustments' xlink:to='loc_OtherComprehensiveLossHeldToMaturitySecurityAdjustmentFromAociForAccretionOfNoncreditPortionOfOttiAfterTax' xlink:type='arc' />
    <link:calculationArc order='10' weight='1.0' xlink:arcrole='http://www.xbrl.org/2003/arcrole/summation-item' xlink:from='loc_OtherComprehensiveLossHeldToMaturitySecurityAdjustmentFromAociForAccretionOfNoncreditPortionOfOttiAfterTax' xlink:to='loc_OtherComprehensiveLossHeldToMaturitySecurityAdjustmentFromAociForAccretionOfNoncreditPortionOfOttiBeforeTax' xlink:type='arc' />
    <link:calculationArc order='20' weight='-1.0' xlink:arcrole='http://www.xbrl.org/2003/arcrole/summation-item' xlink:from='loc_OtherComprehensiveLossHeldToMaturitySecurityAdjustmentFromAociForAccretionOfNoncreditPortionOfOttiAfterTax' xlink:to='loc_OtherComprehensiveLossHeldToMaturitySecurityAdjustmentFromAociForAccretionOfNoncreditPortionOfOttiTax' xlink:type='arc' />
    <link:calculationArc order='30' weight='-1.0' xlink:arcrole='http://www.xbrl.org/2003/arcrole/summation-item' xlink:from='loc_OtherComprehensiveLossHeldToMaturitySecurityOttiAfterTaxAndAdjustments' xlink:to='loc_OtherComprehensiveLossHeldToMaturitySecurityReclassificationAdjustmentFromAociForNoncreditPortionOfOttiAfterTax' xlink:type='arc' />
    <link:calculationArc order='10' weight='1.0' xlink:arcrole='http://www.xbrl.org/2003/arcrole/summation-item' xlink:from='loc_OtherComprehensiveLossHeldToMaturitySecurityReclassificationAdjustmentFromAociForNoncreditPortionOfOttiAfterTax' xlink:to='loc_OtherComprehensiveLossHeldToMaturitySecurityReclassificationAdjustmentFromAociForNoncreditPortionOfOttiSaleAfterTax' xlink:type='arc' />
    <link:calculationArc order='10' weight='1.0' xlink:arcrole='http://www.xbrl.org/2003/arcrole/summation-item' xlink:from='loc_OtherComprehensiveLossHeldToMaturitySecurityReclassificationAdjustmentFromAociForNoncreditPortionOfOttiSaleAfterTax' xlink:to='loc_OtherComprehensiveLossHeldToMaturitySecurityReclassificationAdjustmentFromAociForNoncreditPortionOfOttiSaleBeforeTax' xlink:type='arc' />
    <link:calculationArc order='20' weight='-1.0' xlink:arcrole='http://www.xbrl.org/2003/arcrole/summation-item' xlink:from='loc_OtherComprehensiveLossHeldToMaturitySecurityReclassificationAdjustmentFromAociForNoncreditPortionOfOttiSaleAfterTax' xlink:to='loc_OtherComprehensiveLossHeldToMaturitySecurityReclassificationAdjustmentFromAociForNoncreditPortionOfOttiSaleTax' xlink:type='arc' />
    <link:calculationArc order='20' weight='1.0' xlink:arcrole='http://www.xbrl.org/2003/arcrole/summation-item' xlink:from='loc_OtherComprehensiveLossHeldToMaturitySecurityReclassificationAdjustmentFromAociForNoncreditPortionOfOttiAfterTax' xlink:to='loc_OtherComprehensiveLossHeldToMaturitySecurityReclassificationAdjustmentFromAociForNoncreditPortionOfOttiAdditionalCreditLossAfterTax' xlink:type='arc' />
    <link:calculationArc order='10' weight='1.0' xlink:arcrole='http://www.xbrl.org/2003/arcrole/summation-item' xlink:from='loc_OtherComprehensiveLossHeldToMaturitySecurityReclassificationAdjustmentFromAociForNoncreditPortionOfOttiAdditionalCreditLossAfterTax' xlink:to='loc_OtherComprehensiveLossHeldToMaturitySecurityReclassificationAdjustmentFromAociForNoncreditPortionOfOttiAdditionalCreditLossBeforeTax' xlink:type='arc' />
    <link:calculationArc order='20' weight='-1.0' xlink:arcrole='http://www.xbrl.org/2003/arcrole/summation-item' xlink:from='loc_OtherComprehensiveLossHeldToMaturitySecurityReclassificationAdjustmentFromAociForNoncreditPortionOfOttiAdditionalCreditLossAfterTax' xlink:to='loc_OtherComprehensiveLossHeldToMaturitySecurityReclassificationAdjustmentFromAociForNoncreditPortionOfOttiAdditionalCreditLossTax' xlink:type='arc' />
    <link:calculationArc order='10' weight='1.0' xlink:arcrole='http://www.xbrl.org/2003/arcrole/summation-item' xlink:from='loc_OtherComprehensiveLossHeldToMaturitySecurityOttiBeforeTaxAfterAdjustmentsAttributableToParent' xlink:to='loc_OtherComprehensiveLossHeldToMaturitySecurityOttiBeforeTaxAfterAdjustments' xlink:type='arc' />
    <link:calculationArc order='20' weight='-1.0' xlink:arcrole='http://www.xbrl.org/2003/arcrole/summation-item' xlink:from='loc_OtherComprehensiveLossHeldToMaturitySecurityOttiBeforeTaxAfterAdjustmentsAttributableToParent' xlink:to='loc_OtherComprehensiveLossHeldToMaturitySecurityOttiBeforeTaxAfterAdjustmentsAttributableToNoncontrollingInterest' xlink:type='arc' />
  </link:calculationLink>
</link:linkbase>
