<?xml version='1.0' encoding='UTF-8'?>

<!--
(c) 2010-2021 Financial Accounting Foundation; (c) 2007-2010 XBRL US, Inc.  All Rights Reserved.
Notice: Authorized Uses are Set Forth at https://xbrl.fasb.org/terms/TaxonomiesTermsConditions.html
  -->
<link:linkbase xmlns:link='http://www.xbrl.org/2003/linkbase' xmlns:xbrldt='http://xbrl.org/2005/xbrldt' xmlns:xlink='http://www.w3.org/1999/xlink' xmlns:xsi='http://www.w3.org/2001/XMLSchema-instance' xsi:schemaLocation='http://www.xbrl.org/2003/linkbase http://www.xbrl.org/2003/xbrl-linkbase-2003-12-31.xsd'>
  <link:roleRef roleURI='http://fasb.org/us-gaap/role/disclosure/SubsequentEvents' xlink:href='../elts/us-roles-2021-01-31.xsd#se' xlink:type='simple' />
  <link:presentationLink xlink:role='http://fasb.org/us-gaap/role/disclosure/SubsequentEvents' xlink:type='extended'>
    <link:loc xlink:href='../elts/us-gaap-2021-01-31.xsd#us-gaap_DisclosureTextBlockSupplementAbstract' xlink:label='loc_DisclosureTextBlockSupplementAbstract' xlink:type='locator' />
    <link:loc xlink:href='../elts/us-gaap-2021-01-31.xsd#us-gaap_SubsequentEventProFormaBusinessCombinations' xlink:label='loc_SubsequentEventProFormaBusinessCombinations' xlink:type='locator' />
    <link:loc xlink:href='../elts/us-gaap-2021-01-31.xsd#us-gaap_SubsequentEventTypeAxis' xlink:label='loc_SubsequentEventTypeAxis' xlink:type='locator' />
    <link:loc xlink:href='../elts/us-gaap-2021-01-31.xsd#us-gaap_SubsequentEventTypeDomain' xlink:label='loc_SubsequentEventTypeDomain' xlink:type='locator' />
    <link:loc xlink:href='../elts/us-gaap-2021-01-31.xsd#us-gaap_SubsequentEventMember' xlink:label='loc_SubsequentEventMember' xlink:type='locator' />
    <link:loc xlink:href='../elts/us-gaap-2021-01-31.xsd#us-gaap_SubsequentEventLineItems' xlink:label='loc_SubsequentEventLineItems' xlink:type='locator' />
    <link:loc xlink:href='../elts/us-gaap-2021-01-31.xsd#us-gaap_SubsequentEventsDate' xlink:label='loc_SubsequentEventsDate' xlink:type='locator' />
    <link:loc xlink:href='../elts/us-gaap-2021-01-31.xsd#us-gaap_SubsequentEventDescription' xlink:label='loc_SubsequentEventDescription' xlink:type='locator' />
    <link:loc xlink:href='../elts/us-gaap-2021-01-31.xsd#us-gaap_SubsequentEventAmountInestimable' xlink:label='loc_SubsequentEventAmountInestimable' xlink:type='locator' />
    <link:loc xlink:href='../elts/us-gaap-2021-01-31.xsd#us-gaap_SubsequentEventEffectOfChangeInTaxStatus' xlink:label='loc_SubsequentEventEffectOfChangeInTaxStatus' xlink:type='locator' />
    <link:loc xlink:href='../elts/us-gaap-2021-01-31.xsd#us-gaap_SubsequentEventTable' xlink:label='loc_SubsequentEventTable' xlink:type='locator' />
    <link:loc xlink:href='../elts/us-gaap-2021-01-31.xsd#us-gaap_SubsequentEventsAbstract' xlink:label='loc_SubsequentEventsAbstract' xlink:type='locator' />
    <link:loc xlink:href='../elts/us-gaap-2021-01-31.xsd#us-gaap_SubsequentEventsTextBlock' xlink:label='loc_SubsequentEventsTextBlock' xlink:type='locator' />
    <link:loc xlink:href='../elts/us-gaap-2021-01-31.xsd#us-gaap_ScheduleOfSubsequentEventsTextBlock' xlink:label='loc_ScheduleOfSubsequentEventsTextBlock' xlink:type='locator' />
    <link:presentationArc order='10' xlink:arcrole='http://www.xbrl.org/2003/arcrole/parent-child' xlink:from='loc_DisclosureTextBlockSupplementAbstract' xlink:to='loc_SubsequentEventProFormaBusinessCombinations' xlink:type='arc' />
    <link:presentationArc order='10' use='optional' xlink:arcrole='http://www.xbrl.org/2003/arcrole/parent-child' xlink:from='loc_SubsequentEventTypeAxis' xlink:to='loc_SubsequentEventTypeDomain' xlink:type='arc' />
    <link:presentationArc order='10' xlink:arcrole='http://www.xbrl.org/2003/arcrole/parent-child' xlink:from='loc_SubsequentEventTypeDomain' xlink:to='loc_SubsequentEventMember' xlink:type='arc' />
    <link:presentationArc order='10' xlink:arcrole='http://www.xbrl.org/2003/arcrole/parent-child' xlink:from='loc_SubsequentEventLineItems' xlink:to='loc_SubsequentEventsDate' xlink:type='arc' />
    <link:presentationArc order='20' use='optional' xlink:arcrole='http://www.xbrl.org/2003/arcrole/parent-child' xlink:from='loc_SubsequentEventLineItems' xlink:to='loc_SubsequentEventDescription' xlink:type='arc' />
    <link:presentationArc order='30' xlink:arcrole='http://www.xbrl.org/2003/arcrole/parent-child' xlink:from='loc_SubsequentEventLineItems' xlink:to='loc_SubsequentEventAmountInestimable' xlink:type='arc' />
    <link:presentationArc order='40' xlink:arcrole='http://www.xbrl.org/2003/arcrole/parent-child' xlink:from='loc_SubsequentEventLineItems' xlink:to='loc_SubsequentEventEffectOfChangeInTaxStatus' xlink:type='arc' />
    <link:presentationArc order='10' use='optional' xlink:arcrole='http://www.xbrl.org/2003/arcrole/parent-child' xlink:from='loc_SubsequentEventTable' xlink:to='loc_SubsequentEventTypeAxis' xlink:type='arc' />
    <link:presentationArc order='20' use='optional' xlink:arcrole='http://www.xbrl.org/2003/arcrole/parent-child' xlink:from='loc_SubsequentEventTable' xlink:to='loc_SubsequentEventLineItems' xlink:type='arc' />
    <link:presentationArc order='10' xlink:arcrole='http://www.xbrl.org/2003/arcrole/parent-child' xlink:from='loc_SubsequentEventsAbstract' xlink:to='loc_SubsequentEventsTextBlock' xlink:type='arc' />
    <link:presentationArc order='10' xlink:arcrole='http://www.xbrl.org/2003/arcrole/parent-child' xlink:from='loc_SubsequentEventsTextBlock' xlink:to='loc_ScheduleOfSubsequentEventsTextBlock' xlink:type='arc' />
    <link:presentationArc order='10' use='optional' xlink:arcrole='http://www.xbrl.org/2003/arcrole/parent-child' xlink:from='loc_ScheduleOfSubsequentEventsTextBlock' xlink:to='loc_SubsequentEventTable' xlink:type='arc' />
    <link:presentationArc order='20' xlink:arcrole='http://www.xbrl.org/2003/arcrole/parent-child' xlink:from='loc_SubsequentEventsAbstract' xlink:to='loc_DisclosureTextBlockSupplementAbstract' xlink:type='arc' />
  </link:presentationLink>
</link:linkbase>
