<?xml version='1.0' encoding='UTF-8'?>

<!--
(c) 2010-2021 Financial Accounting Foundation; (c) 2007-2010 XBRL US, Inc.  All Rights Reserved.
Notice: Authorized Uses are Set Forth at https://xbrl.fasb.org/terms/TaxonomiesTermsConditions.html
  -->
<link:linkbase xmlns:link='http://www.xbrl.org/2003/linkbase' xmlns:xbrldt='http://xbrl.org/2005/xbrldt' xmlns:xlink='http://www.w3.org/1999/xlink' xmlns:xsi='http://www.w3.org/2001/XMLSchema-instance' xsi:schemaLocation='http://www.xbrl.org/2003/linkbase http://www.xbrl.org/2003/xbrl-linkbase-2003-12-31.xsd'>
  <link:roleRef roleURI='http://fasb.org/us-gaap/role/disclosure/PropertyPlantAndEquipment' xlink:href='../elts/us-roles-2021-01-31.xsd#ppe' xlink:type='simple' />
  <link:calculationLink xlink:role='http://fasb.org/us-gaap/role/disclosure/PropertyPlantAndEquipment' xlink:type='extended'>
    <link:loc xlink:href='../elts/us-gaap-2021-01-31.xsd#us-gaap_AccumulatedDepreciationDepletionAndAmortizationPropertyPlantAndEquipment' xlink:label='loc_AccumulatedDepreciationDepletionAndAmortizationPropertyPlantAndEquipment' xlink:type='locator' />
    <link:loc xlink:href='../elts/us-gaap-2021-01-31.xsd#us-gaap_PropertySubjectToOrAvailableForOperatingLeaseAccumulatedDepreciation' xlink:label='loc_PropertySubjectToOrAvailableForOperatingLeaseAccumulatedDepreciation' xlink:type='locator' />
    <link:loc xlink:href='../elts/us-gaap-2021-01-31.xsd#us-gaap_PropertyPlantAndEquipmentExcludingLessorAssetUnderOperatingLeaseAccumulatedDepreciation' xlink:label='loc_PropertyPlantAndEquipmentExcludingLessorAssetUnderOperatingLeaseAccumulatedDepreciation' xlink:type='locator' />
    <link:loc xlink:href='../elts/us-gaap-2021-01-31.xsd#us-gaap_PropertyPlantAndEquipmentGross' xlink:label='loc_PropertyPlantAndEquipmentGross' xlink:type='locator' />
    <link:loc xlink:href='../elts/us-gaap-2021-01-31.xsd#us-gaap_PropertySubjectToOrAvailableForOperatingLeaseGross' xlink:label='loc_PropertySubjectToOrAvailableForOperatingLeaseGross' xlink:type='locator' />
    <link:loc xlink:href='../elts/us-gaap-2021-01-31.xsd#us-gaap_PropertyPlantAndEquipmentExcludingLessorAssetUnderOperatingLeaseBeforeAccumulatedDepreciation' xlink:label='loc_PropertyPlantAndEquipmentExcludingLessorAssetUnderOperatingLeaseBeforeAccumulatedDepreciation' xlink:type='locator' />
    <link:calculationArc order='10' weight='1.0' xlink:arcrole='http://www.xbrl.org/2003/arcrole/summation-item' xlink:from='loc_AccumulatedDepreciationDepletionAndAmortizationPropertyPlantAndEquipment' xlink:to='loc_PropertySubjectToOrAvailableForOperatingLeaseAccumulatedDepreciation' xlink:type='arc' />
    <link:calculationArc order='20' weight='1.0' xlink:arcrole='http://www.xbrl.org/2003/arcrole/summation-item' xlink:from='loc_AccumulatedDepreciationDepletionAndAmortizationPropertyPlantAndEquipment' xlink:to='loc_PropertyPlantAndEquipmentExcludingLessorAssetUnderOperatingLeaseAccumulatedDepreciation' xlink:type='arc' />
    <link:calculationArc order='10' weight='1.0' xlink:arcrole='http://www.xbrl.org/2003/arcrole/summation-item' xlink:from='loc_PropertyPlantAndEquipmentGross' xlink:to='loc_PropertySubjectToOrAvailableForOperatingLeaseGross' xlink:type='arc' />
    <link:calculationArc order='20' weight='1.0' xlink:arcrole='http://www.xbrl.org/2003/arcrole/summation-item' xlink:from='loc_PropertyPlantAndEquipmentGross' xlink:to='loc_PropertyPlantAndEquipmentExcludingLessorAssetUnderOperatingLeaseBeforeAccumulatedDepreciation' xlink:type='arc' />
  </link:calculationLink>
</link:linkbase>
