<?xml version='1.0' encoding='UTF-8'?>

<!--
(c) 2010-2021 Financial Accounting Foundation; (c) 2007-2010 XBRL US, Inc.  All Rights Reserved.
Notice: Authorized Uses are Set Forth at https://xbrl.fasb.org/terms/TaxonomiesTermsConditions.html
  -->
<link:linkbase xmlns:link='http://www.xbrl.org/2003/linkbase' xmlns:xbrldt='http://xbrl.org/2005/xbrldt' xmlns:xlink='http://www.w3.org/1999/xlink' xmlns:xsi='http://www.w3.org/2001/XMLSchema-instance' xsi:schemaLocation='http://www.xbrl.org/2003/linkbase http://www.xbrl.org/2003/xbrl-linkbase-2003-12-31.xsd'>
  <link:roleRef roleURI='http://fasb.org/us-gaap/role/disclosure/InvestmentsDebtAndEquitySecuritiesCalcAlt1' xlink:href='../elts/us-roles-2021-01-31.xsd#ides1' xlink:type='simple' />
  <link:calculationLink xlink:role='http://fasb.org/us-gaap/role/disclosure/InvestmentsDebtAndEquitySecuritiesCalcAlt1' xlink:type='extended'>
    <link:loc xlink:href='../elts/us-gaap-2021-01-31.xsd#us-gaap_AvailableForSaleSecuritiesDebtMaturitiesSingleMaturityDateAmortizedCostBasis' xlink:label='loc_AvailableForSaleSecuritiesDebtMaturitiesSingleMaturityDateAmortizedCostBasis' xlink:type='locator' />
    <link:loc xlink:href='../elts/us-gaap-2021-01-31.xsd#us-gaap_AvailableForSaleSecuritiesDebtMaturitiesNextRollingTwelveMonthsAmortizedCostBasis' xlink:label='loc_AvailableForSaleSecuritiesDebtMaturitiesNextRollingTwelveMonthsAmortizedCostBasis' xlink:type='locator' />
    <link:loc xlink:href='../elts/us-gaap-2021-01-31.xsd#us-gaap_AvailableForSaleSecuritiesDebtMaturitiesRollingYearTwoThroughFiveAmortizedCostBasis' xlink:label='loc_AvailableForSaleSecuritiesDebtMaturitiesRollingYearTwoThroughFiveAmortizedCostBasis' xlink:type='locator' />
    <link:loc xlink:href='../elts/us-gaap-2021-01-31.xsd#us-gaap_AvailableForSaleSecuritiesDebtMaturitiesRollingYearSixThroughTenAmortizedCostBasis' xlink:label='loc_AvailableForSaleSecuritiesDebtMaturitiesRollingYearSixThroughTenAmortizedCostBasis' xlink:type='locator' />
    <link:loc xlink:href='../elts/us-gaap-2021-01-31.xsd#us-gaap_AvailableForSaleSecuritiesDebtMaturitiesRollingAfterYearTenAmortizedCostBasis' xlink:label='loc_AvailableForSaleSecuritiesDebtMaturitiesRollingAfterYearTenAmortizedCostBasis' xlink:type='locator' />
    <link:loc xlink:href='../elts/us-gaap-2021-01-31.xsd#us-gaap_DebtSecuritiesAvailableForSaleAndHeldToMaturityAmortizedCostAfterAllowanceForCreditLoss' xlink:label='loc_DebtSecuritiesAvailableForSaleAndHeldToMaturityAmortizedCostAfterAllowanceForCreditLoss' xlink:type='locator' />
    <link:loc xlink:href='../elts/us-gaap-2021-01-31.xsd#us-gaap_DebtSecuritiesAvailableForSaleAndHeldToMaturityAllowanceForCreditLoss' xlink:label='loc_DebtSecuritiesAvailableForSaleAndHeldToMaturityAllowanceForCreditLoss' xlink:type='locator' />
    <link:loc xlink:href='../elts/us-gaap-2021-01-31.xsd#us-gaap_DebtSecuritiesAvailableForSaleAndHeldToMaturityAmortizedCostBeforeAllowanceForCreditLoss' xlink:label='loc_DebtSecuritiesAvailableForSaleAndHeldToMaturityAmortizedCostBeforeAllowanceForCreditLoss' xlink:type='locator' />
    <link:loc xlink:href='../elts/us-gaap-2021-01-31.xsd#us-gaap_DebtSecuritiesAvailableForSaleAndHeldToMaturityCumulativeUnrecognizedLoss' xlink:label='loc_DebtSecuritiesAvailableForSaleAndHeldToMaturityCumulativeUnrecognizedLoss' xlink:type='locator' />
    <link:loc xlink:href='../elts/us-gaap-2021-01-31.xsd#us-gaap_DebtSecuritiesAvailableForSaleAndHeldToMaturityCumulativeUnrecognizedGain' xlink:label='loc_DebtSecuritiesAvailableForSaleAndHeldToMaturityCumulativeUnrecognizedGain' xlink:type='locator' />
    <link:loc xlink:href='../elts/us-gaap-2021-01-31.xsd#us-gaap_DebtSecuritiesAvailableForSaleAndHeldToMaturityFairValue' xlink:label='loc_DebtSecuritiesAvailableForSaleAndHeldToMaturityFairValue' xlink:type='locator' />
    <link:loc xlink:href='../elts/us-gaap-2021-01-31.xsd#us-gaap_DebtSecuritiesAvailableForSaleAndHeldToMaturity' xlink:label='loc_DebtSecuritiesAvailableForSaleAndHeldToMaturity' xlink:type='locator' />
    <link:loc xlink:href='../elts/us-gaap-2021-01-31.xsd#us-gaap_DebtSecuritiesHeldToMaturityAmortizedCostAfterAllowanceForCreditLoss' xlink:label='loc_DebtSecuritiesHeldToMaturityAmortizedCostAfterAllowanceForCreditLoss' xlink:type='locator' />
    <link:loc xlink:href='../elts/us-gaap-2021-01-31.xsd#us-gaap_AvailableForSaleSecuritiesDebtSecurities' xlink:label='loc_AvailableForSaleSecuritiesDebtSecurities' xlink:type='locator' />
    <link:loc xlink:href='../elts/us-gaap-2021-01-31.xsd#us-gaap_DebtSecuritiesAvailableForSaleRealizedGainLossExcludingOtherThanTemporaryImpairment' xlink:label='loc_DebtSecuritiesAvailableForSaleRealizedGainLossExcludingOtherThanTemporaryImpairment' xlink:type='locator' />
    <link:loc xlink:href='../elts/us-gaap-2021-01-31.xsd#us-gaap_DebtSecuritiesAvailableForSaleRealizedGain' xlink:label='loc_DebtSecuritiesAvailableForSaleRealizedGain' xlink:type='locator' />
    <link:loc xlink:href='../elts/us-gaap-2021-01-31.xsd#us-gaap_DebtSecuritiesAvailableForSaleRealizedLossExcludingOtherThanTemporaryImpairment' xlink:label='loc_DebtSecuritiesAvailableForSaleRealizedLossExcludingOtherThanTemporaryImpairment' xlink:type='locator' />
    <link:loc xlink:href='../elts/us-gaap-2021-01-31.xsd#us-gaap_DebtSecuritiesGainLoss' xlink:label='loc_DebtSecuritiesGainLoss' xlink:type='locator' />
    <link:loc xlink:href='../elts/us-gaap-2021-01-31.xsd#us-gaap_DebtSecuritiesUnrealizedGainLoss' xlink:label='loc_DebtSecuritiesUnrealizedGainLoss' xlink:type='locator' />
    <link:loc xlink:href='../elts/us-gaap-2021-01-31.xsd#us-gaap_DebtSecuritiesRealizedGainLoss' xlink:label='loc_DebtSecuritiesRealizedGainLoss' xlink:type='locator' />
    <link:loc xlink:href='../elts/us-gaap-2021-01-31.xsd#us-gaap_DebtSecuritiesGainLossExcludingOtti' xlink:label='loc_DebtSecuritiesGainLossExcludingOtti' xlink:type='locator' />
    <link:loc xlink:href='../elts/us-gaap-2021-01-31.xsd#us-gaap_DebtSecuritiesUnrealizedGainLossExcludingOtherThanTemporaryImpairment' xlink:label='loc_DebtSecuritiesUnrealizedGainLossExcludingOtherThanTemporaryImpairment' xlink:type='locator' />
    <link:loc xlink:href='../elts/us-gaap-2021-01-31.xsd#us-gaap_DebtSecuritiesTradingUnrealizedGainLoss' xlink:label='loc_DebtSecuritiesTradingUnrealizedGainLoss' xlink:type='locator' />
    <link:loc xlink:href='../elts/us-gaap-2021-01-31.xsd#us-gaap_AvailableforsaleSecuritiesTransfersToTradingGainsLossesExcludingOtherThanTemporaryImpairments' xlink:label='loc_AvailableforsaleSecuritiesTransfersToTradingGainsLossesExcludingOtherThanTemporaryImpairments' xlink:type='locator' />
    <link:loc xlink:href='../elts/us-gaap-2021-01-31.xsd#us-gaap_HeldtomaturitySecuritiesTransferredToTradingSecuritiesUnrealizedGainLossExcludingOtherThanTemporaryImpairments' xlink:label='loc_HeldtomaturitySecuritiesTransferredToTradingSecuritiesUnrealizedGainLossExcludingOtherThanTemporaryImpairments' xlink:type='locator' />
    <link:loc xlink:href='../elts/us-gaap-2021-01-31.xsd#us-gaap_DebtSecuritiesRealizedGainLossExcludingOtherThanTemporaryImpairment' xlink:label='loc_DebtSecuritiesRealizedGainLossExcludingOtherThanTemporaryImpairment' xlink:type='locator' />
    <link:loc xlink:href='../elts/us-gaap-2021-01-31.xsd#us-gaap_HeldToMaturitySecuritiesDebtMaturitiesSingleMaturityDateAmortizedCostBasis' xlink:label='loc_HeldToMaturitySecuritiesDebtMaturitiesSingleMaturityDateAmortizedCostBasis' xlink:type='locator' />
    <link:loc xlink:href='../elts/us-gaap-2021-01-31.xsd#us-gaap_HeldtomaturitySecuritiesDebtMaturitiesNextRollingTwelveMonthsAmortizedCost' xlink:label='loc_HeldtomaturitySecuritiesDebtMaturitiesNextRollingTwelveMonthsAmortizedCost' xlink:type='locator' />
    <link:loc xlink:href='../elts/us-gaap-2021-01-31.xsd#us-gaap_HeldtomaturitySecuritiesDebtMaturitiesRollingAfterTenYearsAmortizedCost' xlink:label='loc_HeldtomaturitySecuritiesDebtMaturitiesRollingAfterTenYearsAmortizedCost' xlink:type='locator' />
    <link:loc xlink:href='../elts/us-gaap-2021-01-31.xsd#us-gaap_HeldtomaturitySecuritiesDebtMaturitiesRollingYearSixThroughTenAmortizedCost' xlink:label='loc_HeldtomaturitySecuritiesDebtMaturitiesRollingYearSixThroughTenAmortizedCost' xlink:type='locator' />
    <link:loc xlink:href='../elts/us-gaap-2021-01-31.xsd#us-gaap_HeldtomaturitySecuritiesDebtMaturitiesRollingYearTwoThroughFiveAmortizedCost' xlink:label='loc_HeldtomaturitySecuritiesDebtMaturitiesRollingYearTwoThroughFiveAmortizedCost' xlink:type='locator' />
    <link:loc xlink:href='../elts/us-gaap-2021-01-31.xsd#us-gaap_DebtAndEquitySecuritiesGainLoss' xlink:label='loc_DebtAndEquitySecuritiesGainLoss' xlink:type='locator' />
    <link:loc xlink:href='../elts/us-gaap-2021-01-31.xsd#us-gaap_DebtAndEquitySecuritiesUnrealizedGainLoss' xlink:label='loc_DebtAndEquitySecuritiesUnrealizedGainLoss' xlink:type='locator' />
    <link:loc xlink:href='../elts/us-gaap-2021-01-31.xsd#us-gaap_DebtAndEquitySecuritiesRealizedGainLoss' xlink:label='loc_DebtAndEquitySecuritiesRealizedGainLoss' xlink:type='locator' />
    <link:loc xlink:href='../elts/us-gaap-2021-01-31.xsd#us-gaap_EquityMethodInvestmentSoldCarryingAmount' xlink:label='loc_EquityMethodInvestmentSoldCarryingAmount' xlink:type='locator' />
    <link:loc xlink:href='../elts/us-gaap-2021-01-31.xsd#us-gaap_EquityMethodInvestmentRealizedGainLossOnDisposal' xlink:label='loc_EquityMethodInvestmentRealizedGainLossOnDisposal' xlink:type='locator' />
    <link:loc xlink:href='../elts/us-gaap-2021-01-31.xsd#us-gaap_ProceedsFromSaleOfEquityMethodInvestments' xlink:label='loc_ProceedsFromSaleOfEquityMethodInvestments' xlink:type='locator' />
    <link:loc xlink:href='../elts/us-gaap-2021-01-31.xsd#us-gaap_EquityMethodInvestmentDifferenceBetweenCarryingAmountAndUnderlyingEquity' xlink:label='loc_EquityMethodInvestmentDifferenceBetweenCarryingAmountAndUnderlyingEquity' xlink:type='locator' />
    <link:loc xlink:href='../elts/us-gaap-2021-01-31.xsd#us-gaap_EquityMethodInvestments' xlink:label='loc_EquityMethodInvestments' xlink:type='locator' />
    <link:loc xlink:href='../elts/us-gaap-2021-01-31.xsd#us-gaap_EquityMethodInvestmentUnderlyingEquityInNetAssets' xlink:label='loc_EquityMethodInvestmentUnderlyingEquityInNetAssets' xlink:type='locator' />
    <link:loc xlink:href='../elts/us-gaap-2021-01-31.xsd#us-gaap_EquitySecuritiesFvNiCurrentAndNoncurrent' xlink:label='loc_EquitySecuritiesFvNiCurrentAndNoncurrent' xlink:type='locator' />
    <link:loc xlink:href='../elts/us-gaap-2021-01-31.xsd#us-gaap_EquitySecuritiesFvNi' xlink:label='loc_EquitySecuritiesFvNi' xlink:type='locator' />
    <link:loc xlink:href='../elts/us-gaap-2021-01-31.xsd#us-gaap_EquitySecuritiesFVNINoncurrent' xlink:label='loc_EquitySecuritiesFVNINoncurrent' xlink:type='locator' />
    <link:loc xlink:href='../elts/us-gaap-2021-01-31.xsd#us-gaap_EquitySecuritiesFvNiGainLoss' xlink:label='loc_EquitySecuritiesFvNiGainLoss' xlink:type='locator' />
    <link:loc xlink:href='../elts/us-gaap-2021-01-31.xsd#us-gaap_EquitySecuritiesFvNiUnrealizedGainLoss' xlink:label='loc_EquitySecuritiesFvNiUnrealizedGainLoss' xlink:type='locator' />
    <link:loc xlink:href='../elts/us-gaap-2021-01-31.xsd#us-gaap_EquitySecuritiesFvNiUnrealizedGain' xlink:label='loc_EquitySecuritiesFvNiUnrealizedGain' xlink:type='locator' />
    <link:loc xlink:href='../elts/us-gaap-2021-01-31.xsd#us-gaap_EquitySecuritiesFvNiUnrealizedLoss' xlink:label='loc_EquitySecuritiesFvNiUnrealizedLoss' xlink:type='locator' />
    <link:loc xlink:href='../elts/us-gaap-2021-01-31.xsd#us-gaap_EquitySecuritiesFvNiRealizedGainLoss' xlink:label='loc_EquitySecuritiesFvNiRealizedGainLoss' xlink:type='locator' />
    <link:loc xlink:href='../elts/us-gaap-2021-01-31.xsd#us-gaap_EquitySecuritiesFvNiRealizedGain' xlink:label='loc_EquitySecuritiesFvNiRealizedGain' xlink:type='locator' />
    <link:loc xlink:href='../elts/us-gaap-2021-01-31.xsd#us-gaap_EquitySecuritiesFvNiRealizedLoss' xlink:label='loc_EquitySecuritiesFvNiRealizedLoss' xlink:type='locator' />
    <link:loc xlink:href='../elts/us-gaap-2021-01-31.xsd#us-gaap_GainLossOnSaleOfInvestments' xlink:label='loc_GainLossOnSaleOfInvestments' xlink:type='locator' />
    <link:loc xlink:href='../elts/us-gaap-2021-01-31.xsd#us-gaap_LossOnSaleOfInvestments' xlink:label='loc_LossOnSaleOfInvestments' xlink:type='locator' />
    <link:loc xlink:href='../elts/us-gaap-2021-01-31.xsd#us-gaap_GainOnSaleOfInvestments' xlink:label='loc_GainOnSaleOfInvestments' xlink:type='locator' />
    <link:loc xlink:href='../elts/us-gaap-2021-01-31.xsd#us-gaap_HeldToMaturitySecuritiesDebtMaturitiesSingleMaturityDateFairValue' xlink:label='loc_HeldToMaturitySecuritiesDebtMaturitiesSingleMaturityDateFairValue' xlink:type='locator' />
    <link:loc xlink:href='../elts/us-gaap-2021-01-31.xsd#us-gaap_HeldToMaturitySecuritiesDebtMaturitiesNextRollingTwelveMonthsFairValue' xlink:label='loc_HeldToMaturitySecuritiesDebtMaturitiesNextRollingTwelveMonthsFairValue' xlink:type='locator' />
    <link:loc xlink:href='../elts/us-gaap-2021-01-31.xsd#us-gaap_HeldToMaturitySecuritiesDebtMaturitiesRollingYearTwoThroughFiveFairValue' xlink:label='loc_HeldToMaturitySecuritiesDebtMaturitiesRollingYearTwoThroughFiveFairValue' xlink:type='locator' />
    <link:loc xlink:href='../elts/us-gaap-2021-01-31.xsd#us-gaap_HeldToMaturitySecuritiesDebtMaturitiesRollingYearSixThroughTenFairValue' xlink:label='loc_HeldToMaturitySecuritiesDebtMaturitiesRollingYearSixThroughTenFairValue' xlink:type='locator' />
    <link:loc xlink:href='../elts/us-gaap-2021-01-31.xsd#us-gaap_HeldToMaturitySecuritiesDebtMaturitiesRollingAfterTenYearsFairValue' xlink:label='loc_HeldToMaturitySecuritiesDebtMaturitiesRollingAfterTenYearsFairValue' xlink:type='locator' />
    <link:loc xlink:href='../elts/us-gaap-2021-01-31.xsd#us-gaap_LifeSettlementContractsFairValueMethodCarryingAmount' xlink:label='loc_LifeSettlementContractsFairValueMethodCarryingAmount' xlink:type='locator' />
    <link:loc xlink:href='../elts/us-gaap-2021-01-31.xsd#us-gaap_LifeSettlementContractsFairValueMaturingInNextRollingTwelveMonths' xlink:label='loc_LifeSettlementContractsFairValueMaturingInNextRollingTwelveMonths' xlink:type='locator' />
    <link:loc xlink:href='../elts/us-gaap-2021-01-31.xsd#us-gaap_LifeSettlementContractsFairValueMaturingInRollingYearTwo' xlink:label='loc_LifeSettlementContractsFairValueMaturingInRollingYearTwo' xlink:type='locator' />
    <link:loc xlink:href='../elts/us-gaap-2021-01-31.xsd#us-gaap_LifeSettlementContractsFairValueMaturingInRollingYearThree' xlink:label='loc_LifeSettlementContractsFairValueMaturingInRollingYearThree' xlink:type='locator' />
    <link:loc xlink:href='../elts/us-gaap-2021-01-31.xsd#us-gaap_LifeSettlementContractsFairValueMaturingInRollingYearFour' xlink:label='loc_LifeSettlementContractsFairValueMaturingInRollingYearFour' xlink:type='locator' />
    <link:loc xlink:href='../elts/us-gaap-2021-01-31.xsd#us-gaap_LifeSettlementContractsFairValueMaturingInRollingYearFive' xlink:label='loc_LifeSettlementContractsFairValueMaturingInRollingYearFive' xlink:type='locator' />
    <link:loc xlink:href='../elts/us-gaap-2021-01-31.xsd#us-gaap_LifeSettlementContractsFairValueMaturingAfterRollingYearFive' xlink:label='loc_LifeSettlementContractsFairValueMaturingAfterRollingYearFive' xlink:type='locator' />
    <link:loc xlink:href='../elts/us-gaap-2021-01-31.xsd#us-gaap_LifeSettlementContractsFairValueMethodFaceValue' xlink:label='loc_LifeSettlementContractsFairValueMethodFaceValue' xlink:type='locator' />
    <link:loc xlink:href='../elts/us-gaap-2021-01-31.xsd#us-gaap_LifeSettlementContractsFairValueMethodFaceValueMaturingInNextRollingTwelveMonths' xlink:label='loc_LifeSettlementContractsFairValueMethodFaceValueMaturingInNextRollingTwelveMonths' xlink:type='locator' />
    <link:loc xlink:href='../elts/us-gaap-2021-01-31.xsd#us-gaap_LifeSettlementContractsFairValueMethodFaceValueMaturingInRollingYearTwo' xlink:label='loc_LifeSettlementContractsFairValueMethodFaceValueMaturingInRollingYearTwo' xlink:type='locator' />
    <link:loc xlink:href='../elts/us-gaap-2021-01-31.xsd#us-gaap_LifeSettlementContractsFairValueMethodFaceValueMaturingInRollingYearThree' xlink:label='loc_LifeSettlementContractsFairValueMethodFaceValueMaturingInRollingYearThree' xlink:type='locator' />
    <link:loc xlink:href='../elts/us-gaap-2021-01-31.xsd#us-gaap_LifeSettlementContractsFairValueMethodFaceValueMaturingInRollingYearFour' xlink:label='loc_LifeSettlementContractsFairValueMethodFaceValueMaturingInRollingYearFour' xlink:type='locator' />
    <link:loc xlink:href='../elts/us-gaap-2021-01-31.xsd#us-gaap_LifeSettlementContractsFairValueMethodFaceValueMaturingInRollingYearFive' xlink:label='loc_LifeSettlementContractsFairValueMethodFaceValueMaturingInRollingYearFive' xlink:type='locator' />
    <link:loc xlink:href='../elts/us-gaap-2021-01-31.xsd#us-gaap_LifeSettlementContractsFairValueMethodFaceValueMaturingAfterRollingYearFive' xlink:label='loc_LifeSettlementContractsFairValueMethodFaceValueMaturingAfterRollingYearFive' xlink:type='locator' />
    <link:loc xlink:href='../elts/us-gaap-2021-01-31.xsd#us-gaap_LifeSettlementContractsFairValueMethodNumberOfContracts' xlink:label='loc_LifeSettlementContractsFairValueMethodNumberOfContracts' xlink:type='locator' />
    <link:loc xlink:href='../elts/us-gaap-2021-01-31.xsd#us-gaap_LifeSettlementContractsFairValueMethodNumberOfContractsMaturingInNextRollingTwelveMonths' xlink:label='loc_LifeSettlementContractsFairValueMethodNumberOfContractsMaturingInNextRollingTwelveMonths' xlink:type='locator' />
    <link:loc xlink:href='../elts/us-gaap-2021-01-31.xsd#us-gaap_LifeSettlementContractsFairValueMethodNumberOfContractsMaturingInRollingYearTwo' xlink:label='loc_LifeSettlementContractsFairValueMethodNumberOfContractsMaturingInRollingYearTwo' xlink:type='locator' />
    <link:loc xlink:href='../elts/us-gaap-2021-01-31.xsd#us-gaap_LifeSettlementContractsFairValueMethodNumberOfContractsMaturingInRollingYearThree' xlink:label='loc_LifeSettlementContractsFairValueMethodNumberOfContractsMaturingInRollingYearThree' xlink:type='locator' />
    <link:loc xlink:href='../elts/us-gaap-2021-01-31.xsd#us-gaap_LifeSettlementContractsFairValueMethodNumberOfContractsMaturingInRollingYearFour' xlink:label='loc_LifeSettlementContractsFairValueMethodNumberOfContractsMaturingInRollingYearFour' xlink:type='locator' />
    <link:loc xlink:href='../elts/us-gaap-2021-01-31.xsd#us-gaap_LifeSettlementContractsFairValueMethodNumberOfContractsMaturingInRollingYearFive' xlink:label='loc_LifeSettlementContractsFairValueMethodNumberOfContractsMaturingInRollingYearFive' xlink:type='locator' />
    <link:loc xlink:href='../elts/us-gaap-2021-01-31.xsd#us-gaap_LifeSettlementContractsFairValueMethodNumberOfContractsMaturingAfterRollingYearFive' xlink:label='loc_LifeSettlementContractsFairValueMethodNumberOfContractsMaturingAfterRollingYearFive' xlink:type='locator' />
    <link:loc xlink:href='../elts/us-gaap-2021-01-31.xsd#us-gaap_LifeSettlementContractsInvestmentMethodCarryingAmount' xlink:label='loc_LifeSettlementContractsInvestmentMethodCarryingAmount' xlink:type='locator' />
    <link:loc xlink:href='../elts/us-gaap-2021-01-31.xsd#us-gaap_LifeSettlementContractsInvestmentMethodCarryingAmountMaturingInNextRollingTwelveMonths' xlink:label='loc_LifeSettlementContractsInvestmentMethodCarryingAmountMaturingInNextRollingTwelveMonths' xlink:type='locator' />
    <link:loc xlink:href='../elts/us-gaap-2021-01-31.xsd#us-gaap_LifeSettlementContractsInvestmentMethodCarryingAmountMaturingInRollingYearTwo' xlink:label='loc_LifeSettlementContractsInvestmentMethodCarryingAmountMaturingInRollingYearTwo' xlink:type='locator' />
    <link:loc xlink:href='../elts/us-gaap-2021-01-31.xsd#us-gaap_LifeSettlementContractsInvestmentMethodCarryingAmountMaturingInRollingYearThree' xlink:label='loc_LifeSettlementContractsInvestmentMethodCarryingAmountMaturingInRollingYearThree' xlink:type='locator' />
    <link:loc xlink:href='../elts/us-gaap-2021-01-31.xsd#us-gaap_LifeSettlementContractsInvestmentMethodCarryingAmountMaturingInRollingYearFour' xlink:label='loc_LifeSettlementContractsInvestmentMethodCarryingAmountMaturingInRollingYearFour' xlink:type='locator' />
    <link:loc xlink:href='../elts/us-gaap-2021-01-31.xsd#us-gaap_LifeSettlementContractsInvestmentMethodCarryingAmountMaturingInRollingYearFive' xlink:label='loc_LifeSettlementContractsInvestmentMethodCarryingAmountMaturingInRollingYearFive' xlink:type='locator' />
    <link:loc xlink:href='../elts/us-gaap-2021-01-31.xsd#us-gaap_LifeSettlementContractsInvestmentMethodCarryingAmountMaturingAfterRollingYearFive' xlink:label='loc_LifeSettlementContractsInvestmentMethodCarryingAmountMaturingAfterRollingYearFive' xlink:type='locator' />
    <link:loc xlink:href='../elts/us-gaap-2021-01-31.xsd#us-gaap_LifeSettlementContractsInvestmentMethodFaceValue' xlink:label='loc_LifeSettlementContractsInvestmentMethodFaceValue' xlink:type='locator' />
    <link:loc xlink:href='../elts/us-gaap-2021-01-31.xsd#us-gaap_LifeSettlementContractsInvestmentMethodFaceValueMaturingInNextRollingTwelveMonths' xlink:label='loc_LifeSettlementContractsInvestmentMethodFaceValueMaturingInNextRollingTwelveMonths' xlink:type='locator' />
    <link:loc xlink:href='../elts/us-gaap-2021-01-31.xsd#us-gaap_LifeSettlementContractsInvestmentMethodFaceValueMaturingInRollingYearTwo' xlink:label='loc_LifeSettlementContractsInvestmentMethodFaceValueMaturingInRollingYearTwo' xlink:type='locator' />
    <link:loc xlink:href='../elts/us-gaap-2021-01-31.xsd#us-gaap_LifeSettlementContractsInvestmentMethodFaceValueMaturingInRollingYearThree' xlink:label='loc_LifeSettlementContractsInvestmentMethodFaceValueMaturingInRollingYearThree' xlink:type='locator' />
    <link:loc xlink:href='../elts/us-gaap-2021-01-31.xsd#us-gaap_LifeSettlementContractsInvestmentMethodFaceValueMaturingInRollingYearFour' xlink:label='loc_LifeSettlementContractsInvestmentMethodFaceValueMaturingInRollingYearFour' xlink:type='locator' />
    <link:loc xlink:href='../elts/us-gaap-2021-01-31.xsd#us-gaap_LifeSettlementContractsInvestmentMethodFaceValueMaturingInRollingYearFive' xlink:label='loc_LifeSettlementContractsInvestmentMethodFaceValueMaturingInRollingYearFive' xlink:type='locator' />
    <link:loc xlink:href='../elts/us-gaap-2021-01-31.xsd#us-gaap_LifeSettlementContractsInvestmentMethodFaceValueMaturingAfterRollingYearFive' xlink:label='loc_LifeSettlementContractsInvestmentMethodFaceValueMaturingAfterRollingYearFive' xlink:type='locator' />
    <link:loc xlink:href='../elts/us-gaap-2021-01-31.xsd#us-gaap_LifeSettlementContractsInvestmentMethodNumberOfContracts' xlink:label='loc_LifeSettlementContractsInvestmentMethodNumberOfContracts' xlink:type='locator' />
    <link:loc xlink:href='../elts/us-gaap-2021-01-31.xsd#us-gaap_LifeSettlementContractsInvestmentMethodNumberOfContractsMaturingInNextTwelveMonths' xlink:label='loc_LifeSettlementContractsInvestmentMethodNumberOfContractsMaturingInNextTwelveMonths' xlink:type='locator' />
    <link:loc xlink:href='../elts/us-gaap-2021-01-31.xsd#us-gaap_LifeSettlementContractsInvestmentMethodNumberOfContractsMaturingInYearTwo' xlink:label='loc_LifeSettlementContractsInvestmentMethodNumberOfContractsMaturingInYearTwo' xlink:type='locator' />
    <link:loc xlink:href='../elts/us-gaap-2021-01-31.xsd#us-gaap_LifeSettlementContractsInvestmentMethodNumberOfContractsMaturingInYearThree' xlink:label='loc_LifeSettlementContractsInvestmentMethodNumberOfContractsMaturingInYearThree' xlink:type='locator' />
    <link:loc xlink:href='../elts/us-gaap-2021-01-31.xsd#us-gaap_LifeSettlementContractsInvestmentMethodNumberOfContractsMaturingInYearFour' xlink:label='loc_LifeSettlementContractsInvestmentMethodNumberOfContractsMaturingInYearFour' xlink:type='locator' />
    <link:loc xlink:href='../elts/us-gaap-2021-01-31.xsd#us-gaap_LifeSettlementContractsInvestmentMethodNumberOfContractsMaturingInYearFive' xlink:label='loc_LifeSettlementContractsInvestmentMethodNumberOfContractsMaturingInYearFive' xlink:type='locator' />
    <link:loc xlink:href='../elts/us-gaap-2021-01-31.xsd#us-gaap_LifeSettlementContractsInvestmentMethodNumberOfContractsMaturingAfterYearFive' xlink:label='loc_LifeSettlementContractsInvestmentMethodNumberOfContractsMaturingAfterYearFive' xlink:type='locator' />
    <link:loc xlink:href='../elts/us-gaap-2021-01-31.xsd#us-gaap_LifeSettlementContractsInvestmentMethodFiveYearDisclosurePremiumsToBePaid' xlink:label='loc_LifeSettlementContractsInvestmentMethodFiveYearDisclosurePremiumsToBePaid' xlink:type='locator' />
    <link:loc xlink:href='../elts/us-gaap-2021-01-31.xsd#us-gaap_LifeSettlementContractsInvestmentMethodPremiumsToBePaidInNextRollingTwelveMonths' xlink:label='loc_LifeSettlementContractsInvestmentMethodPremiumsToBePaidInNextRollingTwelveMonths' xlink:type='locator' />
    <link:loc xlink:href='../elts/us-gaap-2021-01-31.xsd#us-gaap_LifeSettlementContractsInvestmentMethodPremiumsToBePaidInRollingYearTwo' xlink:label='loc_LifeSettlementContractsInvestmentMethodPremiumsToBePaidInRollingYearTwo' xlink:type='locator' />
    <link:loc xlink:href='../elts/us-gaap-2021-01-31.xsd#us-gaap_LifeSettlementContractsInvestmentMethodPremiumsToBePaidInRollingYearThree' xlink:label='loc_LifeSettlementContractsInvestmentMethodPremiumsToBePaidInRollingYearThree' xlink:type='locator' />
    <link:loc xlink:href='../elts/us-gaap-2021-01-31.xsd#us-gaap_LifeSettlementContractsInvestmentMethodPremiumsToBePaidInRollingYearFour' xlink:label='loc_LifeSettlementContractsInvestmentMethodPremiumsToBePaidInRollingYearFour' xlink:type='locator' />
    <link:loc xlink:href='../elts/us-gaap-2021-01-31.xsd#us-gaap_LifeSettlementContractsInvestmentMethodPremiumsToBePaidInRollingYearFive' xlink:label='loc_LifeSettlementContractsInvestmentMethodPremiumsToBePaidInRollingYearFive' xlink:type='locator' />
    <link:loc xlink:href='../elts/us-gaap-2021-01-31.xsd#us-gaap_LifeSettlementContractsInvestmentMethodPremiumsToBePaidAfterRollingYearFive' xlink:label='loc_LifeSettlementContractsInvestmentMethodPremiumsToBePaidAfterRollingYearFive' xlink:type='locator' />
    <link:loc xlink:href='../elts/us-gaap-2021-01-31.xsd#us-gaap_MarketableSecuritiesGainLoss' xlink:label='loc_MarketableSecuritiesGainLoss' xlink:type='locator' />
    <link:loc xlink:href='../elts/us-gaap-2021-01-31.xsd#us-gaap_MarketableSecuritiesUnrealizedGainLoss' xlink:label='loc_MarketableSecuritiesUnrealizedGainLoss' xlink:type='locator' />
    <link:loc xlink:href='../elts/us-gaap-2021-01-31.xsd#us-gaap_MarketableSecuritiesRealizedGainLoss' xlink:label='loc_MarketableSecuritiesRealizedGainLoss' xlink:type='locator' />
    <link:loc xlink:href='../elts/us-gaap-2021-01-31.xsd#us-gaap_ImpairmentOfInvestments' xlink:label='loc_ImpairmentOfInvestments' xlink:type='locator' />
    <link:loc xlink:href='../elts/us-gaap-2021-01-31.xsd#us-gaap_OtherThanTemporaryImpairmentLossesInvestmentsHeldtomaturitySecurities' xlink:label='loc_OtherThanTemporaryImpairmentLossesInvestmentsHeldtomaturitySecurities' xlink:type='locator' />
    <link:loc xlink:href='../elts/us-gaap-2021-01-31.xsd#us-gaap_OtherThanTemporaryImpairmentLossesInvestmentsPortionInOtherComprehensiveIncomeLossBeforeTaxIncludingPortionAttributableToNoncontrollingInterestHeldtomaturitySecurities' xlink:label='loc_OtherThanTemporaryImpairmentLossesInvestmentsPortionInOtherComprehensiveIncomeLossBeforeTaxIncludingPortionAttributableToNoncontrollingInterestHeldtomaturitySecurities' xlink:type='locator' />
    <link:loc xlink:href='../elts/us-gaap-2021-01-31.xsd#us-gaap_OtherThanTemporaryImpairmentLossesInvestmentsPortionRecognizedInEarningsNetHeldtomaturitySecurities' xlink:label='loc_OtherThanTemporaryImpairmentLossesInvestmentsPortionRecognizedInEarningsNetHeldtomaturitySecurities' xlink:type='locator' />
    <link:loc xlink:href='../elts/us-gaap-2021-01-31.xsd#us-gaap_OtherThanTemporaryImpairmentLossDebtSecuritiesAvailableForSale' xlink:label='loc_OtherThanTemporaryImpairmentLossDebtSecuritiesAvailableForSale' xlink:type='locator' />
    <link:loc xlink:href='../elts/us-gaap-2021-01-31.xsd#us-gaap_OtherThanTemporaryImpairmentLossDebtSecuritiesAvailableForSaleRecognizedInEarnings' xlink:label='loc_OtherThanTemporaryImpairmentLossDebtSecuritiesAvailableForSaleRecognizedInEarnings' xlink:type='locator' />
    <link:loc xlink:href='../elts/us-gaap-2021-01-31.xsd#us-gaap_OtherThanTemporaryImpairmentLossesInvestmentsPortionInOtherComprehensiveIncomeLossBeforeTaxIncludingPortionAttributableToNoncontrollingInterestAvailableforsaleSecurities' xlink:label='loc_OtherThanTemporaryImpairmentLossesInvestmentsPortionInOtherComprehensiveIncomeLossBeforeTaxIncludingPortionAttributableToNoncontrollingInterestAvailableforsaleSecurities' xlink:type='locator' />
    <link:loc xlink:href='../elts/us-gaap-2021-01-31.xsd#us-gaap_OtherThanTemporaryImpairmentCreditLossesRecognizedInEarningsPeriodIncreaseDecrease' xlink:label='loc_OtherThanTemporaryImpairmentCreditLossesRecognizedInEarningsPeriodIncreaseDecrease' xlink:type='locator' />
    <link:loc xlink:href='../elts/us-gaap-2021-01-31.xsd#us-gaap_OtherThanTemporaryImpairmentCreditLossesRecognizedInEarningsAdditionsNoPreviousImpairment' xlink:label='loc_OtherThanTemporaryImpairmentCreditLossesRecognizedInEarningsAdditionsNoPreviousImpairment' xlink:type='locator' />
    <link:loc xlink:href='../elts/us-gaap-2021-01-31.xsd#us-gaap_OtherThanTemporaryImpairmentCreditLossesRecognizedInEarningsReductionsSecuritiesSold' xlink:label='loc_OtherThanTemporaryImpairmentCreditLossesRecognizedInEarningsReductionsSecuritiesSold' xlink:type='locator' />
    <link:loc xlink:href='../elts/us-gaap-2021-01-31.xsd#us-gaap_OtherThanTemporaryImpairmentCreditLossesRecognizedInEarningsReductionsChangeInStatus' xlink:label='loc_OtherThanTemporaryImpairmentCreditLossesRecognizedInEarningsReductionsChangeInStatus' xlink:type='locator' />
    <link:loc xlink:href='../elts/us-gaap-2021-01-31.xsd#us-gaap_OtherThanTemporaryImpairmentCreditLossesRecognizedInEarningsAdditionsAdditionalCreditLosses' xlink:label='loc_OtherThanTemporaryImpairmentCreditLossesRecognizedInEarningsAdditionsAdditionalCreditLosses' xlink:type='locator' />
    <link:loc xlink:href='../elts/us-gaap-2021-01-31.xsd#us-gaap_OtherThanTemporaryImpairmentCreditLossesRecognizedInEarningsReductionsCashFlows' xlink:label='loc_OtherThanTemporaryImpairmentCreditLossesRecognizedInEarningsReductionsCashFlows' xlink:type='locator' />
    <link:calculationArc order='10' weight='1.0' xlink:arcrole='http://www.xbrl.org/2003/arcrole/summation-item' xlink:from='loc_AvailableForSaleSecuritiesDebtMaturitiesSingleMaturityDateAmortizedCostBasis' xlink:to='loc_AvailableForSaleSecuritiesDebtMaturitiesNextRollingTwelveMonthsAmortizedCostBasis' xlink:type='arc' />
    <link:calculationArc order='20' weight='1.0' xlink:arcrole='http://www.xbrl.org/2003/arcrole/summation-item' xlink:from='loc_AvailableForSaleSecuritiesDebtMaturitiesSingleMaturityDateAmortizedCostBasis' xlink:to='loc_AvailableForSaleSecuritiesDebtMaturitiesRollingYearTwoThroughFiveAmortizedCostBasis' xlink:type='arc' />
    <link:calculationArc order='30' weight='1.0' xlink:arcrole='http://www.xbrl.org/2003/arcrole/summation-item' xlink:from='loc_AvailableForSaleSecuritiesDebtMaturitiesSingleMaturityDateAmortizedCostBasis' xlink:to='loc_AvailableForSaleSecuritiesDebtMaturitiesRollingYearSixThroughTenAmortizedCostBasis' xlink:type='arc' />
    <link:calculationArc order='40' weight='1.0' xlink:arcrole='http://www.xbrl.org/2003/arcrole/summation-item' xlink:from='loc_AvailableForSaleSecuritiesDebtMaturitiesSingleMaturityDateAmortizedCostBasis' xlink:to='loc_AvailableForSaleSecuritiesDebtMaturitiesRollingAfterYearTenAmortizedCostBasis' xlink:type='arc' />
    <link:calculationArc order='10' weight='-1.0' xlink:arcrole='http://www.xbrl.org/2003/arcrole/summation-item' xlink:from='loc_DebtSecuritiesAvailableForSaleAndHeldToMaturityAmortizedCostAfterAllowanceForCreditLoss' xlink:to='loc_DebtSecuritiesAvailableForSaleAndHeldToMaturityAllowanceForCreditLoss' xlink:type='arc' />
    <link:calculationArc order='20' weight='1.0' xlink:arcrole='http://www.xbrl.org/2003/arcrole/summation-item' xlink:from='loc_DebtSecuritiesAvailableForSaleAndHeldToMaturityAmortizedCostAfterAllowanceForCreditLoss' xlink:to='loc_DebtSecuritiesAvailableForSaleAndHeldToMaturityAmortizedCostBeforeAllowanceForCreditLoss' xlink:type='arc' />
    <link:calculationArc order='10' weight='1.0' xlink:arcrole='http://www.xbrl.org/2003/arcrole/summation-item' xlink:from='loc_DebtSecuritiesAvailableForSaleAndHeldToMaturityAmortizedCostBeforeAllowanceForCreditLoss' xlink:to='loc_DebtSecuritiesAvailableForSaleAndHeldToMaturityCumulativeUnrecognizedLoss' xlink:type='arc' />
    <link:calculationArc order='20' weight='-1.0' xlink:arcrole='http://www.xbrl.org/2003/arcrole/summation-item' xlink:from='loc_DebtSecuritiesAvailableForSaleAndHeldToMaturityAmortizedCostBeforeAllowanceForCreditLoss' xlink:to='loc_DebtSecuritiesAvailableForSaleAndHeldToMaturityCumulativeUnrecognizedGain' xlink:type='arc' />
    <link:calculationArc order='30' weight='1.0' xlink:arcrole='http://www.xbrl.org/2003/arcrole/summation-item' xlink:from='loc_DebtSecuritiesAvailableForSaleAndHeldToMaturityAmortizedCostBeforeAllowanceForCreditLoss' xlink:to='loc_DebtSecuritiesAvailableForSaleAndHeldToMaturityFairValue' xlink:type='arc' />
    <link:calculationArc order='10' weight='1.0' xlink:arcrole='http://www.xbrl.org/2003/arcrole/summation-item' xlink:from='loc_DebtSecuritiesAvailableForSaleAndHeldToMaturity' xlink:to='loc_DebtSecuritiesHeldToMaturityAmortizedCostAfterAllowanceForCreditLoss' xlink:type='arc' />
    <link:calculationArc order='20' weight='1.0' xlink:arcrole='http://www.xbrl.org/2003/arcrole/summation-item' xlink:from='loc_DebtSecuritiesAvailableForSaleAndHeldToMaturity' xlink:to='loc_AvailableForSaleSecuritiesDebtSecurities' xlink:type='arc' />
    <link:calculationArc order='10' weight='1.0' xlink:arcrole='http://www.xbrl.org/2003/arcrole/summation-item' xlink:from='loc_DebtSecuritiesAvailableForSaleRealizedGainLossExcludingOtherThanTemporaryImpairment' xlink:to='loc_DebtSecuritiesAvailableForSaleRealizedGain' xlink:type='arc' />
    <link:calculationArc order='20' weight='-1.0' xlink:arcrole='http://www.xbrl.org/2003/arcrole/summation-item' xlink:from='loc_DebtSecuritiesAvailableForSaleRealizedGainLossExcludingOtherThanTemporaryImpairment' xlink:to='loc_DebtSecuritiesAvailableForSaleRealizedLossExcludingOtherThanTemporaryImpairment' xlink:type='arc' />
    <link:calculationArc order='10' weight='1.0' xlink:arcrole='http://www.xbrl.org/2003/arcrole/summation-item' xlink:from='loc_DebtSecuritiesGainLoss' xlink:to='loc_DebtSecuritiesUnrealizedGainLoss' xlink:type='arc' />
    <link:calculationArc order='20' weight='1.0' xlink:arcrole='http://www.xbrl.org/2003/arcrole/summation-item' xlink:from='loc_DebtSecuritiesGainLoss' xlink:to='loc_DebtSecuritiesRealizedGainLoss' xlink:type='arc' />
    <link:calculationArc order='10' weight='1.0' xlink:arcrole='http://www.xbrl.org/2003/arcrole/summation-item' xlink:from='loc_DebtSecuritiesGainLossExcludingOtti' xlink:to='loc_DebtSecuritiesUnrealizedGainLossExcludingOtherThanTemporaryImpairment' xlink:type='arc' />
    <link:calculationArc order='10' weight='1.0' xlink:arcrole='http://www.xbrl.org/2003/arcrole/summation-item' xlink:from='loc_DebtSecuritiesUnrealizedGainLossExcludingOtherThanTemporaryImpairment' xlink:to='loc_DebtSecuritiesTradingUnrealizedGainLoss' xlink:type='arc' />
    <link:calculationArc order='20' weight='1.0' xlink:arcrole='http://www.xbrl.org/2003/arcrole/summation-item' xlink:from='loc_DebtSecuritiesUnrealizedGainLossExcludingOtherThanTemporaryImpairment' xlink:to='loc_AvailableforsaleSecuritiesTransfersToTradingGainsLossesExcludingOtherThanTemporaryImpairments' xlink:type='arc' />
    <link:calculationArc order='30' weight='1.0' xlink:arcrole='http://www.xbrl.org/2003/arcrole/summation-item' xlink:from='loc_DebtSecuritiesUnrealizedGainLossExcludingOtherThanTemporaryImpairment' xlink:to='loc_HeldtomaturitySecuritiesTransferredToTradingSecuritiesUnrealizedGainLossExcludingOtherThanTemporaryImpairments' xlink:type='arc' />
    <link:calculationArc order='20' weight='1.0' xlink:arcrole='http://www.xbrl.org/2003/arcrole/summation-item' xlink:from='loc_DebtSecuritiesGainLossExcludingOtti' xlink:to='loc_DebtSecuritiesRealizedGainLossExcludingOtherThanTemporaryImpairment' xlink:type='arc' />
    <link:calculationArc order='10' weight='1.0' xlink:arcrole='http://www.xbrl.org/2003/arcrole/summation-item' xlink:from='loc_HeldToMaturitySecuritiesDebtMaturitiesSingleMaturityDateAmortizedCostBasis' xlink:to='loc_HeldtomaturitySecuritiesDebtMaturitiesNextRollingTwelveMonthsAmortizedCost' xlink:type='arc' />
    <link:calculationArc order='20' weight='1.0' xlink:arcrole='http://www.xbrl.org/2003/arcrole/summation-item' xlink:from='loc_HeldToMaturitySecuritiesDebtMaturitiesSingleMaturityDateAmortizedCostBasis' xlink:to='loc_HeldtomaturitySecuritiesDebtMaturitiesRollingAfterTenYearsAmortizedCost' xlink:type='arc' />
    <link:calculationArc order='30' weight='1.0' xlink:arcrole='http://www.xbrl.org/2003/arcrole/summation-item' xlink:from='loc_HeldToMaturitySecuritiesDebtMaturitiesSingleMaturityDateAmortizedCostBasis' xlink:to='loc_HeldtomaturitySecuritiesDebtMaturitiesRollingYearSixThroughTenAmortizedCost' xlink:type='arc' />
    <link:calculationArc order='40' weight='1.0' xlink:arcrole='http://www.xbrl.org/2003/arcrole/summation-item' xlink:from='loc_HeldToMaturitySecuritiesDebtMaturitiesSingleMaturityDateAmortizedCostBasis' xlink:to='loc_HeldtomaturitySecuritiesDebtMaturitiesRollingYearTwoThroughFiveAmortizedCost' xlink:type='arc' />
    <link:calculationArc order='10' weight='1.0' xlink:arcrole='http://www.xbrl.org/2003/arcrole/summation-item' xlink:from='loc_DebtAndEquitySecuritiesGainLoss' xlink:to='loc_DebtAndEquitySecuritiesUnrealizedGainLoss' xlink:type='arc' />
    <link:calculationArc order='20' weight='1.0' xlink:arcrole='http://www.xbrl.org/2003/arcrole/summation-item' xlink:from='loc_DebtAndEquitySecuritiesGainLoss' xlink:to='loc_DebtAndEquitySecuritiesRealizedGainLoss' xlink:type='arc' />
    <link:calculationArc order='10' weight='-1.0' xlink:arcrole='http://www.xbrl.org/2003/arcrole/summation-item' xlink:from='loc_EquityMethodInvestmentSoldCarryingAmount' xlink:to='loc_EquityMethodInvestmentRealizedGainLossOnDisposal' xlink:type='arc' />
    <link:calculationArc order='20' weight='1.0' xlink:arcrole='http://www.xbrl.org/2003/arcrole/summation-item' xlink:from='loc_EquityMethodInvestmentSoldCarryingAmount' xlink:to='loc_ProceedsFromSaleOfEquityMethodInvestments' xlink:type='arc' />
    <link:calculationArc order='10' weight='1.0' xlink:arcrole='http://www.xbrl.org/2003/arcrole/summation-item' xlink:from='loc_EquityMethodInvestmentDifferenceBetweenCarryingAmountAndUnderlyingEquity' xlink:to='loc_EquityMethodInvestments' xlink:type='arc' />
    <link:calculationArc order='20' weight='-1.0' xlink:arcrole='http://www.xbrl.org/2003/arcrole/summation-item' xlink:from='loc_EquityMethodInvestmentDifferenceBetweenCarryingAmountAndUnderlyingEquity' xlink:to='loc_EquityMethodInvestmentUnderlyingEquityInNetAssets' xlink:type='arc' />
    <link:calculationArc order='10' weight='1.0' xlink:arcrole='http://www.xbrl.org/2003/arcrole/summation-item' xlink:from='loc_EquitySecuritiesFvNiCurrentAndNoncurrent' xlink:to='loc_EquitySecuritiesFvNi' xlink:type='arc' />
    <link:calculationArc order='20' weight='1.0' xlink:arcrole='http://www.xbrl.org/2003/arcrole/summation-item' xlink:from='loc_EquitySecuritiesFvNiCurrentAndNoncurrent' xlink:to='loc_EquitySecuritiesFVNINoncurrent' xlink:type='arc' />
    <link:calculationArc order='10' weight='1.0' xlink:arcrole='http://www.xbrl.org/2003/arcrole/summation-item' xlink:from='loc_EquitySecuritiesFvNiGainLoss' xlink:to='loc_EquitySecuritiesFvNiUnrealizedGainLoss' xlink:type='arc' />
    <link:calculationArc order='10' weight='1.0' xlink:arcrole='http://www.xbrl.org/2003/arcrole/summation-item' xlink:from='loc_EquitySecuritiesFvNiUnrealizedGainLoss' xlink:to='loc_EquitySecuritiesFvNiUnrealizedGain' xlink:type='arc' />
    <link:calculationArc order='20' weight='-1.0' xlink:arcrole='http://www.xbrl.org/2003/arcrole/summation-item' xlink:from='loc_EquitySecuritiesFvNiUnrealizedGainLoss' xlink:to='loc_EquitySecuritiesFvNiUnrealizedLoss' xlink:type='arc' />
    <link:calculationArc order='20' weight='1.0' xlink:arcrole='http://www.xbrl.org/2003/arcrole/summation-item' xlink:from='loc_EquitySecuritiesFvNiGainLoss' xlink:to='loc_EquitySecuritiesFvNiRealizedGainLoss' xlink:type='arc' />
    <link:calculationArc order='10' weight='1.0' xlink:arcrole='http://www.xbrl.org/2003/arcrole/summation-item' xlink:from='loc_EquitySecuritiesFvNiRealizedGainLoss' xlink:to='loc_EquitySecuritiesFvNiRealizedGain' xlink:type='arc' />
    <link:calculationArc order='20' weight='-1.0' xlink:arcrole='http://www.xbrl.org/2003/arcrole/summation-item' xlink:from='loc_EquitySecuritiesFvNiRealizedGainLoss' xlink:to='loc_EquitySecuritiesFvNiRealizedLoss' xlink:type='arc' />
    <link:calculationArc order='10' weight='-1.0' xlink:arcrole='http://www.xbrl.org/2003/arcrole/summation-item' xlink:from='loc_GainLossOnSaleOfInvestments' xlink:to='loc_LossOnSaleOfInvestments' xlink:type='arc' />
    <link:calculationArc order='20' weight='1.0' xlink:arcrole='http://www.xbrl.org/2003/arcrole/summation-item' xlink:from='loc_GainLossOnSaleOfInvestments' xlink:to='loc_GainOnSaleOfInvestments' xlink:type='arc' />
    <link:calculationArc order='10' weight='1.0' xlink:arcrole='http://www.xbrl.org/2003/arcrole/summation-item' xlink:from='loc_HeldToMaturitySecuritiesDebtMaturitiesSingleMaturityDateFairValue' xlink:to='loc_HeldToMaturitySecuritiesDebtMaturitiesNextRollingTwelveMonthsFairValue' xlink:type='arc' />
    <link:calculationArc order='20' weight='1.0' xlink:arcrole='http://www.xbrl.org/2003/arcrole/summation-item' xlink:from='loc_HeldToMaturitySecuritiesDebtMaturitiesSingleMaturityDateFairValue' xlink:to='loc_HeldToMaturitySecuritiesDebtMaturitiesRollingYearTwoThroughFiveFairValue' xlink:type='arc' />
    <link:calculationArc order='30' weight='1.0' xlink:arcrole='http://www.xbrl.org/2003/arcrole/summation-item' xlink:from='loc_HeldToMaturitySecuritiesDebtMaturitiesSingleMaturityDateFairValue' xlink:to='loc_HeldToMaturitySecuritiesDebtMaturitiesRollingYearSixThroughTenFairValue' xlink:type='arc' />
    <link:calculationArc order='40' weight='1.0' xlink:arcrole='http://www.xbrl.org/2003/arcrole/summation-item' xlink:from='loc_HeldToMaturitySecuritiesDebtMaturitiesSingleMaturityDateFairValue' xlink:to='loc_HeldToMaturitySecuritiesDebtMaturitiesRollingAfterTenYearsFairValue' xlink:type='arc' />
    <link:calculationArc order='10' weight='1.0' xlink:arcrole='http://www.xbrl.org/2003/arcrole/summation-item' xlink:from='loc_LifeSettlementContractsFairValueMethodCarryingAmount' xlink:to='loc_LifeSettlementContractsFairValueMaturingInNextRollingTwelveMonths' xlink:type='arc' />
    <link:calculationArc order='20' weight='1.0' xlink:arcrole='http://www.xbrl.org/2003/arcrole/summation-item' xlink:from='loc_LifeSettlementContractsFairValueMethodCarryingAmount' xlink:to='loc_LifeSettlementContractsFairValueMaturingInRollingYearTwo' xlink:type='arc' />
    <link:calculationArc order='30' weight='1.0' xlink:arcrole='http://www.xbrl.org/2003/arcrole/summation-item' xlink:from='loc_LifeSettlementContractsFairValueMethodCarryingAmount' xlink:to='loc_LifeSettlementContractsFairValueMaturingInRollingYearThree' xlink:type='arc' />
    <link:calculationArc order='40' weight='1.0' xlink:arcrole='http://www.xbrl.org/2003/arcrole/summation-item' xlink:from='loc_LifeSettlementContractsFairValueMethodCarryingAmount' xlink:to='loc_LifeSettlementContractsFairValueMaturingInRollingYearFour' xlink:type='arc' />
    <link:calculationArc order='50' weight='1.0' xlink:arcrole='http://www.xbrl.org/2003/arcrole/summation-item' xlink:from='loc_LifeSettlementContractsFairValueMethodCarryingAmount' xlink:to='loc_LifeSettlementContractsFairValueMaturingInRollingYearFive' xlink:type='arc' />
    <link:calculationArc order='60' weight='1.0' xlink:arcrole='http://www.xbrl.org/2003/arcrole/summation-item' xlink:from='loc_LifeSettlementContractsFairValueMethodCarryingAmount' xlink:to='loc_LifeSettlementContractsFairValueMaturingAfterRollingYearFive' xlink:type='arc' />
    <link:calculationArc order='10' weight='1.0' xlink:arcrole='http://www.xbrl.org/2003/arcrole/summation-item' xlink:from='loc_LifeSettlementContractsFairValueMethodFaceValue' xlink:to='loc_LifeSettlementContractsFairValueMethodFaceValueMaturingInNextRollingTwelveMonths' xlink:type='arc' />
    <link:calculationArc order='20' weight='1.0' xlink:arcrole='http://www.xbrl.org/2003/arcrole/summation-item' xlink:from='loc_LifeSettlementContractsFairValueMethodFaceValue' xlink:to='loc_LifeSettlementContractsFairValueMethodFaceValueMaturingInRollingYearTwo' xlink:type='arc' />
    <link:calculationArc order='30' weight='1.0' xlink:arcrole='http://www.xbrl.org/2003/arcrole/summation-item' xlink:from='loc_LifeSettlementContractsFairValueMethodFaceValue' xlink:to='loc_LifeSettlementContractsFairValueMethodFaceValueMaturingInRollingYearThree' xlink:type='arc' />
    <link:calculationArc order='40' weight='1.0' xlink:arcrole='http://www.xbrl.org/2003/arcrole/summation-item' xlink:from='loc_LifeSettlementContractsFairValueMethodFaceValue' xlink:to='loc_LifeSettlementContractsFairValueMethodFaceValueMaturingInRollingYearFour' xlink:type='arc' />
    <link:calculationArc order='50' weight='1.0' xlink:arcrole='http://www.xbrl.org/2003/arcrole/summation-item' xlink:from='loc_LifeSettlementContractsFairValueMethodFaceValue' xlink:to='loc_LifeSettlementContractsFairValueMethodFaceValueMaturingInRollingYearFive' xlink:type='arc' />
    <link:calculationArc order='60' weight='1.0' xlink:arcrole='http://www.xbrl.org/2003/arcrole/summation-item' xlink:from='loc_LifeSettlementContractsFairValueMethodFaceValue' xlink:to='loc_LifeSettlementContractsFairValueMethodFaceValueMaturingAfterRollingYearFive' xlink:type='arc' />
    <link:calculationArc order='10' weight='1.0' xlink:arcrole='http://www.xbrl.org/2003/arcrole/summation-item' xlink:from='loc_LifeSettlementContractsFairValueMethodNumberOfContracts' xlink:to='loc_LifeSettlementContractsFairValueMethodNumberOfContractsMaturingInNextRollingTwelveMonths' xlink:type='arc' />
    <link:calculationArc order='20' weight='1.0' xlink:arcrole='http://www.xbrl.org/2003/arcrole/summation-item' xlink:from='loc_LifeSettlementContractsFairValueMethodNumberOfContracts' xlink:to='loc_LifeSettlementContractsFairValueMethodNumberOfContractsMaturingInRollingYearTwo' xlink:type='arc' />
    <link:calculationArc order='30' weight='1.0' xlink:arcrole='http://www.xbrl.org/2003/arcrole/summation-item' xlink:from='loc_LifeSettlementContractsFairValueMethodNumberOfContracts' xlink:to='loc_LifeSettlementContractsFairValueMethodNumberOfContractsMaturingInRollingYearThree' xlink:type='arc' />
    <link:calculationArc order='40' weight='1.0' xlink:arcrole='http://www.xbrl.org/2003/arcrole/summation-item' xlink:from='loc_LifeSettlementContractsFairValueMethodNumberOfContracts' xlink:to='loc_LifeSettlementContractsFairValueMethodNumberOfContractsMaturingInRollingYearFour' xlink:type='arc' />
    <link:calculationArc order='50' weight='1.0' xlink:arcrole='http://www.xbrl.org/2003/arcrole/summation-item' xlink:from='loc_LifeSettlementContractsFairValueMethodNumberOfContracts' xlink:to='loc_LifeSettlementContractsFairValueMethodNumberOfContractsMaturingInRollingYearFive' xlink:type='arc' />
    <link:calculationArc order='60' weight='1.0' xlink:arcrole='http://www.xbrl.org/2003/arcrole/summation-item' xlink:from='loc_LifeSettlementContractsFairValueMethodNumberOfContracts' xlink:to='loc_LifeSettlementContractsFairValueMethodNumberOfContractsMaturingAfterRollingYearFive' xlink:type='arc' />
    <link:calculationArc order='10' weight='1.0' xlink:arcrole='http://www.xbrl.org/2003/arcrole/summation-item' xlink:from='loc_LifeSettlementContractsInvestmentMethodCarryingAmount' xlink:to='loc_LifeSettlementContractsInvestmentMethodCarryingAmountMaturingInNextRollingTwelveMonths' xlink:type='arc' />
    <link:calculationArc order='20' weight='1.0' xlink:arcrole='http://www.xbrl.org/2003/arcrole/summation-item' xlink:from='loc_LifeSettlementContractsInvestmentMethodCarryingAmount' xlink:to='loc_LifeSettlementContractsInvestmentMethodCarryingAmountMaturingInRollingYearTwo' xlink:type='arc' />
    <link:calculationArc order='30' weight='1.0' xlink:arcrole='http://www.xbrl.org/2003/arcrole/summation-item' xlink:from='loc_LifeSettlementContractsInvestmentMethodCarryingAmount' xlink:to='loc_LifeSettlementContractsInvestmentMethodCarryingAmountMaturingInRollingYearThree' xlink:type='arc' />
    <link:calculationArc order='40' weight='1.0' xlink:arcrole='http://www.xbrl.org/2003/arcrole/summation-item' xlink:from='loc_LifeSettlementContractsInvestmentMethodCarryingAmount' xlink:to='loc_LifeSettlementContractsInvestmentMethodCarryingAmountMaturingInRollingYearFour' xlink:type='arc' />
    <link:calculationArc order='50' weight='1.0' xlink:arcrole='http://www.xbrl.org/2003/arcrole/summation-item' xlink:from='loc_LifeSettlementContractsInvestmentMethodCarryingAmount' xlink:to='loc_LifeSettlementContractsInvestmentMethodCarryingAmountMaturingInRollingYearFive' xlink:type='arc' />
    <link:calculationArc order='60' weight='1.0' xlink:arcrole='http://www.xbrl.org/2003/arcrole/summation-item' xlink:from='loc_LifeSettlementContractsInvestmentMethodCarryingAmount' xlink:to='loc_LifeSettlementContractsInvestmentMethodCarryingAmountMaturingAfterRollingYearFive' xlink:type='arc' />
    <link:calculationArc order='10' weight='1.0' xlink:arcrole='http://www.xbrl.org/2003/arcrole/summation-item' xlink:from='loc_LifeSettlementContractsInvestmentMethodFaceValue' xlink:to='loc_LifeSettlementContractsInvestmentMethodFaceValueMaturingInNextRollingTwelveMonths' xlink:type='arc' />
    <link:calculationArc order='20' weight='1.0' xlink:arcrole='http://www.xbrl.org/2003/arcrole/summation-item' xlink:from='loc_LifeSettlementContractsInvestmentMethodFaceValue' xlink:to='loc_LifeSettlementContractsInvestmentMethodFaceValueMaturingInRollingYearTwo' xlink:type='arc' />
    <link:calculationArc order='30' weight='1.0' xlink:arcrole='http://www.xbrl.org/2003/arcrole/summation-item' xlink:from='loc_LifeSettlementContractsInvestmentMethodFaceValue' xlink:to='loc_LifeSettlementContractsInvestmentMethodFaceValueMaturingInRollingYearThree' xlink:type='arc' />
    <link:calculationArc order='40' weight='1.0' xlink:arcrole='http://www.xbrl.org/2003/arcrole/summation-item' xlink:from='loc_LifeSettlementContractsInvestmentMethodFaceValue' xlink:to='loc_LifeSettlementContractsInvestmentMethodFaceValueMaturingInRollingYearFour' xlink:type='arc' />
    <link:calculationArc order='50' weight='1.0' xlink:arcrole='http://www.xbrl.org/2003/arcrole/summation-item' xlink:from='loc_LifeSettlementContractsInvestmentMethodFaceValue' xlink:to='loc_LifeSettlementContractsInvestmentMethodFaceValueMaturingInRollingYearFive' xlink:type='arc' />
    <link:calculationArc order='60' weight='1.0' xlink:arcrole='http://www.xbrl.org/2003/arcrole/summation-item' xlink:from='loc_LifeSettlementContractsInvestmentMethodFaceValue' xlink:to='loc_LifeSettlementContractsInvestmentMethodFaceValueMaturingAfterRollingYearFive' xlink:type='arc' />
    <link:calculationArc order='10' weight='1.0' xlink:arcrole='http://www.xbrl.org/2003/arcrole/summation-item' xlink:from='loc_LifeSettlementContractsInvestmentMethodNumberOfContracts' xlink:to='loc_LifeSettlementContractsInvestmentMethodNumberOfContractsMaturingInNextTwelveMonths' xlink:type='arc' />
    <link:calculationArc order='20' weight='1.0' xlink:arcrole='http://www.xbrl.org/2003/arcrole/summation-item' xlink:from='loc_LifeSettlementContractsInvestmentMethodNumberOfContracts' xlink:to='loc_LifeSettlementContractsInvestmentMethodNumberOfContractsMaturingInYearTwo' xlink:type='arc' />
    <link:calculationArc order='30' weight='1.0' xlink:arcrole='http://www.xbrl.org/2003/arcrole/summation-item' xlink:from='loc_LifeSettlementContractsInvestmentMethodNumberOfContracts' xlink:to='loc_LifeSettlementContractsInvestmentMethodNumberOfContractsMaturingInYearThree' xlink:type='arc' />
    <link:calculationArc order='40' weight='1.0' xlink:arcrole='http://www.xbrl.org/2003/arcrole/summation-item' xlink:from='loc_LifeSettlementContractsInvestmentMethodNumberOfContracts' xlink:to='loc_LifeSettlementContractsInvestmentMethodNumberOfContractsMaturingInYearFour' xlink:type='arc' />
    <link:calculationArc order='50' weight='1.0' xlink:arcrole='http://www.xbrl.org/2003/arcrole/summation-item' xlink:from='loc_LifeSettlementContractsInvestmentMethodNumberOfContracts' xlink:to='loc_LifeSettlementContractsInvestmentMethodNumberOfContractsMaturingInYearFive' xlink:type='arc' />
    <link:calculationArc order='60' weight='1.0' xlink:arcrole='http://www.xbrl.org/2003/arcrole/summation-item' xlink:from='loc_LifeSettlementContractsInvestmentMethodNumberOfContracts' xlink:to='loc_LifeSettlementContractsInvestmentMethodNumberOfContractsMaturingAfterYearFive' xlink:type='arc' />
    <link:calculationArc order='10' weight='1.0' xlink:arcrole='http://www.xbrl.org/2003/arcrole/summation-item' xlink:from='loc_LifeSettlementContractsInvestmentMethodFiveYearDisclosurePremiumsToBePaid' xlink:to='loc_LifeSettlementContractsInvestmentMethodPremiumsToBePaidInNextRollingTwelveMonths' xlink:type='arc' />
    <link:calculationArc order='20' weight='1.0' xlink:arcrole='http://www.xbrl.org/2003/arcrole/summation-item' xlink:from='loc_LifeSettlementContractsInvestmentMethodFiveYearDisclosurePremiumsToBePaid' xlink:to='loc_LifeSettlementContractsInvestmentMethodPremiumsToBePaidInRollingYearTwo' xlink:type='arc' />
    <link:calculationArc order='30' weight='1.0' xlink:arcrole='http://www.xbrl.org/2003/arcrole/summation-item' xlink:from='loc_LifeSettlementContractsInvestmentMethodFiveYearDisclosurePremiumsToBePaid' xlink:to='loc_LifeSettlementContractsInvestmentMethodPremiumsToBePaidInRollingYearThree' xlink:type='arc' />
    <link:calculationArc order='40' weight='1.0' xlink:arcrole='http://www.xbrl.org/2003/arcrole/summation-item' xlink:from='loc_LifeSettlementContractsInvestmentMethodFiveYearDisclosurePremiumsToBePaid' xlink:to='loc_LifeSettlementContractsInvestmentMethodPremiumsToBePaidInRollingYearFour' xlink:type='arc' />
    <link:calculationArc order='50' weight='1.0' xlink:arcrole='http://www.xbrl.org/2003/arcrole/summation-item' xlink:from='loc_LifeSettlementContractsInvestmentMethodFiveYearDisclosurePremiumsToBePaid' xlink:to='loc_LifeSettlementContractsInvestmentMethodPremiumsToBePaidInRollingYearFive' xlink:type='arc' />
    <link:calculationArc order='60' weight='1.0' xlink:arcrole='http://www.xbrl.org/2003/arcrole/summation-item' xlink:from='loc_LifeSettlementContractsInvestmentMethodFiveYearDisclosurePremiumsToBePaid' xlink:to='loc_LifeSettlementContractsInvestmentMethodPremiumsToBePaidAfterRollingYearFive' xlink:type='arc' />
    <link:calculationArc order='10' weight='1.0' xlink:arcrole='http://www.xbrl.org/2003/arcrole/summation-item' xlink:from='loc_MarketableSecuritiesGainLoss' xlink:to='loc_MarketableSecuritiesUnrealizedGainLoss' xlink:type='arc' />
    <link:calculationArc order='20' weight='1.0' xlink:arcrole='http://www.xbrl.org/2003/arcrole/summation-item' xlink:from='loc_MarketableSecuritiesGainLoss' xlink:to='loc_MarketableSecuritiesRealizedGainLoss' xlink:type='arc' />
    <link:calculationArc order='10' weight='1.0' xlink:arcrole='http://www.xbrl.org/2003/arcrole/summation-item' xlink:from='loc_ImpairmentOfInvestments' xlink:to='loc_OtherThanTemporaryImpairmentLossesInvestmentsHeldtomaturitySecurities' xlink:type='arc' />
    <link:calculationArc order='10' weight='1.0' xlink:arcrole='http://www.xbrl.org/2003/arcrole/summation-item' xlink:from='loc_OtherThanTemporaryImpairmentLossesInvestmentsHeldtomaturitySecurities' xlink:to='loc_OtherThanTemporaryImpairmentLossesInvestmentsPortionInOtherComprehensiveIncomeLossBeforeTaxIncludingPortionAttributableToNoncontrollingInterestHeldtomaturitySecurities' xlink:type='arc' />
    <link:calculationArc order='20' weight='1.0' xlink:arcrole='http://www.xbrl.org/2003/arcrole/summation-item' xlink:from='loc_OtherThanTemporaryImpairmentLossesInvestmentsHeldtomaturitySecurities' xlink:to='loc_OtherThanTemporaryImpairmentLossesInvestmentsPortionRecognizedInEarningsNetHeldtomaturitySecurities' xlink:type='arc' />
    <link:calculationArc order='20' weight='1.0' xlink:arcrole='http://www.xbrl.org/2003/arcrole/summation-item' xlink:from='loc_ImpairmentOfInvestments' xlink:to='loc_OtherThanTemporaryImpairmentLossDebtSecuritiesAvailableForSale' xlink:type='arc' />
    <link:calculationArc order='10' weight='1.0' xlink:arcrole='http://www.xbrl.org/2003/arcrole/summation-item' xlink:from='loc_OtherThanTemporaryImpairmentLossDebtSecuritiesAvailableForSale' xlink:to='loc_OtherThanTemporaryImpairmentLossDebtSecuritiesAvailableForSaleRecognizedInEarnings' xlink:type='arc' />
    <link:calculationArc order='20' weight='1.0' xlink:arcrole='http://www.xbrl.org/2003/arcrole/summation-item' xlink:from='loc_OtherThanTemporaryImpairmentLossDebtSecuritiesAvailableForSale' xlink:to='loc_OtherThanTemporaryImpairmentLossesInvestmentsPortionInOtherComprehensiveIncomeLossBeforeTaxIncludingPortionAttributableToNoncontrollingInterestAvailableforsaleSecurities' xlink:type='arc' />
    <link:calculationArc order='10' weight='1.0' xlink:arcrole='http://www.xbrl.org/2003/arcrole/summation-item' xlink:from='loc_OtherThanTemporaryImpairmentCreditLossesRecognizedInEarningsPeriodIncreaseDecrease' xlink:to='loc_OtherThanTemporaryImpairmentCreditLossesRecognizedInEarningsAdditionsNoPreviousImpairment' xlink:type='arc' />
    <link:calculationArc order='20' weight='-1.0' xlink:arcrole='http://www.xbrl.org/2003/arcrole/summation-item' xlink:from='loc_OtherThanTemporaryImpairmentCreditLossesRecognizedInEarningsPeriodIncreaseDecrease' xlink:to='loc_OtherThanTemporaryImpairmentCreditLossesRecognizedInEarningsReductionsSecuritiesSold' xlink:type='arc' />
    <link:calculationArc order='30' weight='-1.0' xlink:arcrole='http://www.xbrl.org/2003/arcrole/summation-item' xlink:from='loc_OtherThanTemporaryImpairmentCreditLossesRecognizedInEarningsPeriodIncreaseDecrease' xlink:to='loc_OtherThanTemporaryImpairmentCreditLossesRecognizedInEarningsReductionsChangeInStatus' xlink:type='arc' />
    <link:calculationArc order='40' weight='1.0' xlink:arcrole='http://www.xbrl.org/2003/arcrole/summation-item' xlink:from='loc_OtherThanTemporaryImpairmentCreditLossesRecognizedInEarningsPeriodIncreaseDecrease' xlink:to='loc_OtherThanTemporaryImpairmentCreditLossesRecognizedInEarningsAdditionsAdditionalCreditLosses' xlink:type='arc' />
    <link:calculationArc order='50' weight='-1.0' xlink:arcrole='http://www.xbrl.org/2003/arcrole/summation-item' xlink:from='loc_OtherThanTemporaryImpairmentCreditLossesRecognizedInEarningsPeriodIncreaseDecrease' xlink:to='loc_OtherThanTemporaryImpairmentCreditLossesRecognizedInEarningsReductionsCashFlows' xlink:type='arc' />
  </link:calculationLink>
</link:linkbase>
