<?xml version='1.0' encoding='UTF-8'?>

<!--
(c) 2010-2021 Financial Accounting Foundation; (c) 2007-2010 XBRL US, Inc.  All Rights Reserved.
Notice: Authorized Uses are Set Forth at https://xbrl.fasb.org/terms/TaxonomiesTermsConditions.html
  -->
<link:linkbase xmlns:link='http://www.xbrl.org/2003/linkbase' xmlns:xbrldt='http://xbrl.org/2005/xbrldt' xmlns:xlink='http://www.w3.org/1999/xlink' xmlns:xsi='http://www.w3.org/2001/XMLSchema-instance' xsi:schemaLocation='http://www.xbrl.org/2003/linkbase http://www.xbrl.org/2003/xbrl-linkbase-2003-12-31.xsd'>
  <link:roleRef roleURI='http://fasb.org/us-gaap/role/disclosure/MiscellaneousIndustries' xlink:href='../elts/us-roles-2021-01-31.xsd#oi' xlink:type='simple' />
  <link:presentationLink xlink:role='http://fasb.org/us-gaap/role/disclosure/MiscellaneousIndustries' xlink:type='extended'>
    <link:loc xlink:href='../elts/us-gaap-2021-01-31.xsd#us-gaap_AccountingStandardsUpdate201902TransitionAbstract' xlink:label='loc_AccountingStandardsUpdate201902TransitionAbstract' xlink:type='locator' />
    <link:loc xlink:href='../elts/us-gaap-2021-01-31.xsd#us-gaap_TheatricalFilmCostsAbstract' xlink:label='loc_TheatricalFilmCostsAbstract' xlink:type='locator' />
    <link:loc xlink:href='../elts/us-gaap-2021-01-31.xsd#us-gaap_TheatricalFilmCostsPreproduction' xlink:label='loc_TheatricalFilmCostsPreproduction' xlink:type='locator' />
    <link:loc xlink:href='../elts/us-gaap-2021-01-31.xsd#us-gaap_TheatricalFilmCostsDevelopment' xlink:label='loc_TheatricalFilmCostsDevelopment' xlink:type='locator' />
    <link:loc xlink:href='../elts/us-gaap-2021-01-31.xsd#us-gaap_TheatricalFilmCostsProduction' xlink:label='loc_TheatricalFilmCostsProduction' xlink:type='locator' />
    <link:loc xlink:href='../elts/us-gaap-2021-01-31.xsd#us-gaap_TheatricalFilmCostsCompletedAndNotReleased' xlink:label='loc_TheatricalFilmCostsCompletedAndNotReleased' xlink:type='locator' />
    <link:loc xlink:href='../elts/us-gaap-2021-01-31.xsd#us-gaap_TheatricalFilmCostsReleased' xlink:label='loc_TheatricalFilmCostsReleased' xlink:type='locator' />
    <link:loc xlink:href='../elts/us-gaap-2021-01-31.xsd#us-gaap_TheatricalFilmCosts' xlink:label='loc_TheatricalFilmCosts' xlink:type='locator' />
    <link:loc xlink:href='../elts/us-gaap-2021-01-31.xsd#us-gaap_DirectToTelevisionFilmCostsAbstract' xlink:label='loc_DirectToTelevisionFilmCostsAbstract' xlink:type='locator' />
    <link:loc xlink:href='../elts/us-gaap-2021-01-31.xsd#us-gaap_DirectToTelevisionFilmCostsPreproduction' xlink:label='loc_DirectToTelevisionFilmCostsPreproduction' xlink:type='locator' />
    <link:loc xlink:href='../elts/us-gaap-2021-01-31.xsd#us-gaap_DirectToTelevisionFilmCostsDevelopment' xlink:label='loc_DirectToTelevisionFilmCostsDevelopment' xlink:type='locator' />
    <link:loc xlink:href='../elts/us-gaap-2021-01-31.xsd#us-gaap_DirectToTelevisionFilmCostsProduction' xlink:label='loc_DirectToTelevisionFilmCostsProduction' xlink:type='locator' />
    <link:loc xlink:href='../elts/us-gaap-2021-01-31.xsd#us-gaap_DirectToTelevisionFilmCostsCompletedAndNotReleased' xlink:label='loc_DirectToTelevisionFilmCostsCompletedAndNotReleased' xlink:type='locator' />
    <link:loc xlink:href='../elts/us-gaap-2021-01-31.xsd#us-gaap_DirectToTelevisionFilmCostsReleased' xlink:label='loc_DirectToTelevisionFilmCostsReleased' xlink:type='locator' />
    <link:loc xlink:href='../elts/us-gaap-2021-01-31.xsd#us-gaap_DirectToTelevisionFilmCosts' xlink:label='loc_DirectToTelevisionFilmCosts' xlink:type='locator' />
    <link:loc xlink:href='../elts/us-gaap-2021-01-31.xsd#us-gaap_FilmCostsAmortizedInNextOperatingCycle' xlink:label='loc_FilmCostsAmortizedInNextOperatingCycle' xlink:type='locator' />
    <link:loc xlink:href='../elts/us-gaap-2021-01-31.xsd#us-gaap_PercentageOfUnamortizedFilmCosts' xlink:label='loc_PercentageOfUnamortizedFilmCosts' xlink:type='locator' />
    <link:loc xlink:href='../elts/us-gaap-2021-01-31.xsd#us-gaap_PercentageOfUnamortizedFilmCostsDescription' xlink:label='loc_PercentageOfUnamortizedFilmCostsDescription' xlink:type='locator' />
    <link:loc xlink:href='../elts/us-gaap-2021-01-31.xsd#us-gaap_AdvanceRoyaltiesAbstract' xlink:label='loc_AdvanceRoyaltiesAbstract' xlink:type='locator' />
    <link:loc xlink:href='../elts/us-gaap-2021-01-31.xsd#us-gaap_AdvanceRoyaltiesCurrent' xlink:label='loc_AdvanceRoyaltiesCurrent' xlink:type='locator' />
    <link:loc xlink:href='../elts/us-gaap-2021-01-31.xsd#us-gaap_AdvanceRoyaltiesNoncurrent' xlink:label='loc_AdvanceRoyaltiesNoncurrent' xlink:type='locator' />
    <link:loc xlink:href='../elts/us-gaap-2021-01-31.xsd#us-gaap_AdvanceRoyalties' xlink:label='loc_AdvanceRoyalties' xlink:type='locator' />
    <link:loc xlink:href='../elts/us-gaap-2021-01-31.xsd#us-gaap_AgricultureAbstract' xlink:label='loc_AgricultureAbstract' xlink:type='locator' />
    <link:loc xlink:href='../elts/us-gaap-2021-01-31.xsd#us-gaap_AgricultureTextBlock' xlink:label='loc_AgricultureTextBlock' xlink:type='locator' />
    <link:loc xlink:href='../elts/us-gaap-2021-01-31.xsd#us-gaap_PatronEconomicallyDependentDescription' xlink:label='loc_PatronEconomicallyDependentDescription' xlink:type='locator' />
    <link:loc xlink:href='../elts/us-gaap-2021-01-31.xsd#us-gaap_CooperativeInventoryAmount' xlink:label='loc_CooperativeInventoryAmount' xlink:type='locator' />
    <link:loc xlink:href='../elts/us-gaap-2021-01-31.xsd#us-gaap_IntermediateLifePlantsAccumulatedCosts' xlink:label='loc_IntermediateLifePlantsAccumulatedCosts' xlink:type='locator' />
    <link:loc xlink:href='../elts/us-gaap-2021-01-31.xsd#us-gaap_IntermediateLifePlantsUsefulLife' xlink:label='loc_IntermediateLifePlantsUsefulLife' xlink:type='locator' />
    <link:loc xlink:href='../elts/us-gaap-2021-01-31.xsd#us-gaap_PatronageSourceEarnings' xlink:label='loc_PatronageSourceEarnings' xlink:type='locator' />
    <link:loc xlink:href='../elts/us-gaap-2021-01-31.xsd#us-gaap_NonpatronageSourceEarnings' xlink:label='loc_NonpatronageSourceEarnings' xlink:type='locator' />
    <link:loc xlink:href='../elts/us-gaap-2021-01-31.xsd#us-gaap_RetainedPatronageAllocations' xlink:label='loc_RetainedPatronageAllocations' xlink:type='locator' />
    <link:loc xlink:href='../elts/us-gaap-2021-01-31.xsd#us-gaap_Retains' xlink:label='loc_Retains' xlink:type='locator' />
    <link:loc xlink:href='../elts/us-gaap-2021-01-31.xsd#us-gaap_AircraftRentalAndLandingFeesAbstract' xlink:label='loc_AircraftRentalAndLandingFeesAbstract' xlink:type='locator' />
    <link:loc xlink:href='../elts/us-gaap-2021-01-31.xsd#us-gaap_LandingFeesAndOtherRentals' xlink:label='loc_LandingFeesAndOtherRentals' xlink:type='locator' />
    <link:loc xlink:href='../elts/us-gaap-2021-01-31.xsd#us-gaap_AircraftRental' xlink:label='loc_AircraftRental' xlink:type='locator' />
    <link:loc xlink:href='../elts/us-gaap-2021-01-31.xsd#us-gaap_AircraftRentalAndLandingFees' xlink:label='loc_AircraftRentalAndLandingFees' xlink:type='locator' />
    <link:loc xlink:href='https://xbrl.fasb.org/srt/2021/elts/srt-2021-01-31.xsd#srt_AircraftTypeAxis' xlink:label='loc_AircraftTypeAxis' xlink:type='locator' />
    <link:loc xlink:href='https://xbrl.fasb.org/srt/2021/elts/srt-2021-01-31.xsd#srt_AircraftTypeMember' xlink:label='loc_AircraftTypeMember' xlink:type='locator' />
    <link:loc xlink:href='https://xbrl.fasb.org/srt/2021/elts/srt-2021-01-31.xsd#srt_B717Member' xlink:label='loc_B717Member' xlink:type='locator' />
    <link:loc xlink:href='https://xbrl.fasb.org/srt/2021/elts/srt-2021-01-31.xsd#srt_B717200Member' xlink:label='loc_B717200Member' xlink:type='locator' />
    <link:loc xlink:href='https://xbrl.fasb.org/srt/2021/elts/srt-2021-01-31.xsd#srt_B737Member' xlink:label='loc_B737Member' xlink:type='locator' />
    <link:loc xlink:href='https://xbrl.fasb.org/srt/2021/elts/srt-2021-01-31.xsd#srt_B737700Member' xlink:label='loc_B737700Member' xlink:type='locator' />
    <link:loc xlink:href='https://xbrl.fasb.org/srt/2021/elts/srt-2021-01-31.xsd#srt_B737800Member' xlink:label='loc_B737800Member' xlink:type='locator' />
    <link:loc xlink:href='https://xbrl.fasb.org/srt/2021/elts/srt-2021-01-31.xsd#srt_B737820Member' xlink:label='loc_B737820Member' xlink:type='locator' />
    <link:loc xlink:href='https://xbrl.fasb.org/srt/2021/elts/srt-2021-01-31.xsd#srt_B737900Member' xlink:label='loc_B737900Member' xlink:type='locator' />
    <link:loc xlink:href='https://xbrl.fasb.org/srt/2021/elts/srt-2021-01-31.xsd#srt_B737MaxMember' xlink:label='loc_B737MaxMember' xlink:type='locator' />
    <link:loc xlink:href='https://xbrl.fasb.org/srt/2021/elts/srt-2021-01-31.xsd#srt_B757Member' xlink:label='loc_B757Member' xlink:type='locator' />
    <link:loc xlink:href='https://xbrl.fasb.org/srt/2021/elts/srt-2021-01-31.xsd#srt_B757200Member' xlink:label='loc_B757200Member' xlink:type='locator' />
    <link:loc xlink:href='https://xbrl.fasb.org/srt/2021/elts/srt-2021-01-31.xsd#srt_B757223Member' xlink:label='loc_B757223Member' xlink:type='locator' />
    <link:loc xlink:href='https://xbrl.fasb.org/srt/2021/elts/srt-2021-01-31.xsd#srt_B767Member' xlink:label='loc_B767Member' xlink:type='locator' />
    <link:loc xlink:href='https://xbrl.fasb.org/srt/2021/elts/srt-2021-01-31.xsd#srt_B767200Member' xlink:label='loc_B767200Member' xlink:type='locator' />
    <link:loc xlink:href='https://xbrl.fasb.org/srt/2021/elts/srt-2021-01-31.xsd#srt_B767300Member' xlink:label='loc_B767300Member' xlink:type='locator' />
    <link:loc xlink:href='https://xbrl.fasb.org/srt/2021/elts/srt-2021-01-31.xsd#srt_B767323Member' xlink:label='loc_B767323Member' xlink:type='locator' />
    <link:loc xlink:href='https://xbrl.fasb.org/srt/2021/elts/srt-2021-01-31.xsd#srt_B777Member' xlink:label='loc_B777Member' xlink:type='locator' />
    <link:loc xlink:href='https://xbrl.fasb.org/srt/2021/elts/srt-2021-01-31.xsd#srt_B777200Member' xlink:label='loc_B777200Member' xlink:type='locator' />
    <link:loc xlink:href='https://xbrl.fasb.org/srt/2021/elts/srt-2021-01-31.xsd#srt_B777223Member' xlink:label='loc_B777223Member' xlink:type='locator' />
    <link:loc xlink:href='https://xbrl.fasb.org/srt/2021/elts/srt-2021-01-31.xsd#srt_B777300Member' xlink:label='loc_B777300Member' xlink:type='locator' />
    <link:loc xlink:href='https://xbrl.fasb.org/srt/2021/elts/srt-2021-01-31.xsd#srt_A300Member' xlink:label='loc_A300Member' xlink:type='locator' />
    <link:loc xlink:href='https://xbrl.fasb.org/srt/2021/elts/srt-2021-01-31.xsd#srt_A312Member' xlink:label='loc_A312Member' xlink:type='locator' />
    <link:loc xlink:href='https://xbrl.fasb.org/srt/2021/elts/srt-2021-01-31.xsd#srt_A320Member' xlink:label='loc_A320Member' xlink:type='locator' />
    <link:loc xlink:href='https://xbrl.fasb.org/srt/2021/elts/srt-2021-01-31.xsd#srt_A320200Member' xlink:label='loc_A320200Member' xlink:type='locator' />
    <link:loc xlink:href='https://xbrl.fasb.org/srt/2021/elts/srt-2021-01-31.xsd#srt_A320NeoMember' xlink:label='loc_A320NeoMember' xlink:type='locator' />
    <link:loc xlink:href='https://xbrl.fasb.org/srt/2021/elts/srt-2021-01-31.xsd#srt_A330Member' xlink:label='loc_A330Member' xlink:type='locator' />
    <link:loc xlink:href='https://xbrl.fasb.org/srt/2021/elts/srt-2021-01-31.xsd#srt_A330200Member' xlink:label='loc_A330200Member' xlink:type='locator' />
    <link:loc xlink:href='https://xbrl.fasb.org/srt/2021/elts/srt-2021-01-31.xsd#srt_CRJMember' xlink:label='loc_CRJMember' xlink:type='locator' />
    <link:loc xlink:href='https://xbrl.fasb.org/srt/2021/elts/srt-2021-01-31.xsd#srt_CRJ200Member' xlink:label='loc_CRJ200Member' xlink:type='locator' />
    <link:loc xlink:href='https://xbrl.fasb.org/srt/2021/elts/srt-2021-01-31.xsd#srt_CRJ700Member' xlink:label='loc_CRJ700Member' xlink:type='locator' />
    <link:loc xlink:href='https://xbrl.fasb.org/srt/2021/elts/srt-2021-01-31.xsd#srt_CRJ900Member' xlink:label='loc_CRJ900Member' xlink:type='locator' />
    <link:loc xlink:href='https://xbrl.fasb.org/srt/2021/elts/srt-2021-01-31.xsd#srt_EMBMember' xlink:label='loc_EMBMember' xlink:type='locator' />
    <link:loc xlink:href='https://xbrl.fasb.org/srt/2021/elts/srt-2021-01-31.xsd#srt_EMB120Member' xlink:label='loc_EMB120Member' xlink:type='locator' />
    <link:loc xlink:href='https://xbrl.fasb.org/srt/2021/elts/srt-2021-01-31.xsd#srt_EMB135Member' xlink:label='loc_EMB135Member' xlink:type='locator' />
    <link:loc xlink:href='https://xbrl.fasb.org/srt/2021/elts/srt-2021-01-31.xsd#srt_EMB145Member' xlink:label='loc_EMB145Member' xlink:type='locator' />
    <link:loc xlink:href='../elts/us-gaap-2021-01-31.xsd#us-gaap_AirlineCashFlowElementsAbstract' xlink:label='loc_AirlineCashFlowElementsAbstract' xlink:type='locator' />
    <link:loc xlink:href='../elts/us-gaap-2021-01-31.xsd#us-gaap_IncreaseDecreaseCashCollateralFromCounterparties' xlink:label='loc_IncreaseDecreaseCashCollateralFromCounterparties' xlink:type='locator' />
    <link:loc xlink:href='../elts/us-gaap-2021-01-31.xsd#us-gaap_PaymentsForFlightEquipment' xlink:label='loc_PaymentsForFlightEquipment' xlink:type='locator' />
    <link:loc xlink:href='../elts/us-gaap-2021-01-31.xsd#us-gaap_ProceedsFromSaleOfFlightEquipment' xlink:label='loc_ProceedsFromSaleOfFlightEquipment' xlink:type='locator' />
    <link:loc xlink:href='../elts/us-gaap-2021-01-31.xsd#us-gaap_AirlineDestinationDomain' xlink:label='loc_AirlineDestinationDomain' xlink:type='locator' />
    <link:loc xlink:href='../elts/us-gaap-2021-01-31.xsd#us-gaap_DomesticDestinationMember' xlink:label='loc_DomesticDestinationMember' xlink:type='locator' />
    <link:loc xlink:href='../elts/us-gaap-2021-01-31.xsd#us-gaap_PacificDestinationMember' xlink:label='loc_PacificDestinationMember' xlink:type='locator' />
    <link:loc xlink:href='../elts/us-gaap-2021-01-31.xsd#us-gaap_AtlanticDestinationMember' xlink:label='loc_AtlanticDestinationMember' xlink:type='locator' />
    <link:loc xlink:href='../elts/us-gaap-2021-01-31.xsd#us-gaap_LatinAmericaDestinationMember' xlink:label='loc_LatinAmericaDestinationMember' xlink:type='locator' />
    <link:loc xlink:href='../elts/us-gaap-2021-01-31.xsd#us-gaap_AirlineDestinationTable' xlink:label='loc_AirlineDestinationTable' xlink:type='locator' />
    <link:loc xlink:href='../elts/us-gaap-2021-01-31.xsd#us-gaap_AirlineDestinationsAxis' xlink:label='loc_AirlineDestinationsAxis' xlink:type='locator' />
    <link:loc xlink:href='../elts/us-gaap-2021-01-31.xsd#us-gaap_AirlineDestinationDisclosureLineItems' xlink:label='loc_AirlineDestinationDisclosureLineItems' xlink:type='locator' />
    <link:loc xlink:href='../elts/us-gaap-2021-01-31.xsd#us-gaap_AirlineExpensesAbstract' xlink:label='loc_AirlineExpensesAbstract' xlink:type='locator' />
    <link:loc xlink:href='../elts/us-gaap-2021-01-31.xsd#us-gaap_AircraftMaintenanceMaterialsAndRepairs' xlink:label='loc_AircraftMaintenanceMaterialsAndRepairs' xlink:type='locator' />
    <link:loc xlink:href='../elts/us-gaap-2021-01-31.xsd#us-gaap_AirlineCapacityPurchaseArrangements' xlink:label='loc_AirlineCapacityPurchaseArrangements' xlink:type='locator' />
    <link:loc xlink:href='../elts/us-gaap-2021-01-31.xsd#us-gaap_CostOfServicesCatering' xlink:label='loc_CostOfServicesCatering' xlink:type='locator' />
    <link:loc xlink:href='../elts/us-gaap-2021-01-31.xsd#us-gaap_ProfessionalAndContractServicesExpense' xlink:label='loc_ProfessionalAndContractServicesExpense' xlink:type='locator' />
    <link:loc xlink:href='../elts/us-gaap-2021-01-31.xsd#us-gaap_FuelCostsGrossOfHedging' xlink:label='loc_FuelCostsGrossOfHedging' xlink:type='locator' />
    <link:loc xlink:href='../elts/us-gaap-2021-01-31.xsd#us-gaap_AirlinePropertyPlantAndEquipmentAbstract' xlink:label='loc_AirlinePropertyPlantAndEquipmentAbstract' xlink:type='locator' />
    <link:loc xlink:href='../elts/us-gaap-2021-01-31.xsd#us-gaap_PropertyPlantAndEquipmentOtherNetAbstract' xlink:label='loc_PropertyPlantAndEquipmentOtherNetAbstract' xlink:type='locator' />
    <link:loc xlink:href='../elts/us-gaap-2021-01-31.xsd#us-gaap_PropertyPlantAndEquipmentOwnedNetAbstract' xlink:label='loc_PropertyPlantAndEquipmentOwnedNetAbstract' xlink:type='locator' />
    <link:loc xlink:href='../elts/us-gaap-2021-01-31.xsd#us-gaap_FlightEquipmentNetAbstract' xlink:label='loc_FlightEquipmentNetAbstract' xlink:type='locator' />
    <link:loc xlink:href='../elts/us-gaap-2021-01-31.xsd#us-gaap_PropertyPlantAndEquipmentNumberOfAircraftSold' xlink:label='loc_PropertyPlantAndEquipmentNumberOfAircraftSold' xlink:type='locator' />
    <link:loc xlink:href='../elts/us-gaap-2021-01-31.xsd#us-gaap_AirlineRelatedInventoryGrossAbstract' xlink:label='loc_AirlineRelatedInventoryGrossAbstract' xlink:type='locator' />
    <link:loc xlink:href='../elts/us-gaap-2021-01-31.xsd#us-gaap_AirlineRelatedInventoryAircraftFuel' xlink:label='loc_AirlineRelatedInventoryAircraftFuel' xlink:type='locator' />
    <link:loc xlink:href='../elts/us-gaap-2021-01-31.xsd#us-gaap_AirlineRelatedInventoryAircraftParts' xlink:label='loc_AirlineRelatedInventoryAircraftParts' xlink:type='locator' />
    <link:loc xlink:href='../elts/us-gaap-2021-01-31.xsd#us-gaap_AirlineRelatedInventory' xlink:label='loc_AirlineRelatedInventory' xlink:type='locator' />
    <link:loc xlink:href='../elts/us-gaap-2021-01-31.xsd#us-gaap_AirlineRelatedInventoryNetAbstract' xlink:label='loc_AirlineRelatedInventoryNetAbstract' xlink:type='locator' />
    <link:loc xlink:href='../elts/us-gaap-2021-01-31.xsd#us-gaap_AirlineRelatedInventoryValuationReserves' xlink:label='loc_AirlineRelatedInventoryValuationReserves' xlink:type='locator' />
    <link:loc xlink:href='../elts/us-gaap-2021-01-31.xsd#us-gaap_AirlineRelatedInventoryNet' xlink:label='loc_AirlineRelatedInventoryNet' xlink:type='locator' />
    <link:loc xlink:href='../elts/us-gaap-2021-01-31.xsd#us-gaap_AirlineAbstract' xlink:label='loc_AirlineAbstract' xlink:type='locator' />
    <link:loc xlink:href='../elts/us-gaap-2021-01-31.xsd#us-gaap_TypesOfCommercialAircraftAbstract' xlink:label='loc_TypesOfCommercialAircraftAbstract' xlink:type='locator' />
    <link:loc xlink:href='../elts/us-gaap-2021-01-31.xsd#us-gaap_AirlineProductsAndServicesAbstract' xlink:label='loc_AirlineProductsAndServicesAbstract' xlink:type='locator' />
    <link:loc xlink:href='../elts/us-gaap-2021-01-31.xsd#us-gaap_DepositsOnFlightEquipment' xlink:label='loc_DepositsOnFlightEquipment' xlink:type='locator' />
    <link:loc xlink:href='../elts/us-gaap-2021-01-31.xsd#us-gaap_IndefiniteLivedSlotsAndRoutesAbstract' xlink:label='loc_IndefiniteLivedSlotsAndRoutesAbstract' xlink:type='locator' />
    <link:loc xlink:href='../elts/us-gaap-2021-01-31.xsd#us-gaap_NumberOfAircraftOperated' xlink:label='loc_NumberOfAircraftOperated' xlink:type='locator' />
    <link:loc xlink:href='../elts/us-gaap-2021-01-31.xsd#us-gaap_AirlineDestinationTableTextBlock' xlink:label='loc_AirlineDestinationTableTextBlock' xlink:type='locator' />
    <link:loc xlink:href='../elts/us-gaap-2021-01-31.xsd#us-gaap_AirlineProductsAndServicesTable' xlink:label='loc_AirlineProductsAndServicesTable' xlink:type='locator' />
    <link:loc xlink:href='../elts/us-gaap-2021-01-31.xsd#us-gaap_EntertainmentCashFlowElementsAbstract' xlink:label='loc_EntertainmentCashFlowElementsAbstract' xlink:type='locator' />
    <link:loc xlink:href='../elts/us-gaap-2021-01-31.xsd#us-gaap_IncreaseDecreaseInFilmCosts1' xlink:label='loc_IncreaseDecreaseInFilmCosts1' xlink:type='locator' />
    <link:loc xlink:href='../elts/us-gaap-2021-01-31.xsd#us-gaap_IncreaseDecreaseInParticipationLiabilities' xlink:label='loc_IncreaseDecreaseInParticipationLiabilities' xlink:type='locator' />
    <link:loc xlink:href='../elts/us-gaap-2021-01-31.xsd#us-gaap_IncreaseDecreaseInExploitationLiabilities' xlink:label='loc_IncreaseDecreaseInExploitationLiabilities' xlink:type='locator' />
    <link:loc xlink:href='../elts/us-gaap-2021-01-31.xsd#us-gaap_PaymentsForFilmCosts' xlink:label='loc_PaymentsForFilmCosts' xlink:type='locator' />
    <link:loc xlink:href='../elts/us-gaap-2021-01-31.xsd#us-gaap_PaymentsForParticipationLiabilities' xlink:label='loc_PaymentsForParticipationLiabilities' xlink:type='locator' />
    <link:loc xlink:href='../elts/us-gaap-2021-01-31.xsd#us-gaap_EntertainmentAbstract' xlink:label='loc_EntertainmentAbstract' xlink:type='locator' />
    <link:loc xlink:href='../elts/us-gaap-2021-01-31.xsd#us-gaap_EntertainmentTextBlock' xlink:label='loc_EntertainmentTextBlock' xlink:type='locator' />
    <link:loc xlink:href='../elts/us-gaap-2021-01-31.xsd#us-gaap_BroadcastersLicenseAgreementCommitmentsDescription' xlink:label='loc_BroadcastersLicenseAgreementCommitmentsDescription' xlink:type='locator' />
    <link:loc xlink:href='../elts/us-gaap-2021-01-31.xsd#us-gaap_EntertainmentFilmAbstract' xlink:label='loc_EntertainmentFilmAbstract' xlink:type='locator' />
    <link:loc xlink:href='../elts/us-gaap-2021-01-31.xsd#us-gaap_EntertainmentLicenseAgreementForProgramMaterialAbstract' xlink:label='loc_EntertainmentLicenseAgreementForProgramMaterialAbstract' xlink:type='locator' />
    <link:loc xlink:href='../elts/us-gaap-2021-01-31.xsd#us-gaap_ArtistAdvancesAndRoyaltyGuaranteesCommitments' xlink:label='loc_ArtistAdvancesAndRoyaltyGuaranteesCommitments' xlink:type='locator' />
    <link:loc xlink:href='../elts/us-gaap-2021-01-31.xsd#us-gaap_ArtistAdvancesCommitmentsAmount' xlink:label='loc_ArtistAdvancesCommitmentsAmount' xlink:type='locator' />
    <link:loc xlink:href='../elts/us-gaap-2021-01-31.xsd#us-gaap_RoyaltyGuaranteesCommitmentsAmount' xlink:label='loc_RoyaltyGuaranteesCommitmentsAmount' xlink:type='locator' />
    <link:loc xlink:href='../elts/us-gaap-2021-01-31.xsd#us-gaap_AccruedParticipationLiabilitiesDueInNextOperatingCycle' xlink:label='loc_AccruedParticipationLiabilitiesDueInNextOperatingCycle' xlink:type='locator' />
    <link:loc xlink:href='../elts/us-gaap-2021-01-31.xsd#us-gaap_FilmCostsAbstract' xlink:label='loc_FilmCostsAbstract' xlink:type='locator' />
    <link:loc xlink:href='../elts/us-gaap-2021-01-31.xsd#us-gaap_FilmCostDisclosuresAbstract' xlink:label='loc_FilmCostDisclosuresAbstract' xlink:type='locator' />
    <link:loc xlink:href='../elts/us-gaap-2021-01-31.xsd#us-gaap_EntertainmentLicenseAgreementForProgramMaterialCapitalizedCost' xlink:label='loc_EntertainmentLicenseAgreementForProgramMaterialCapitalizedCost' xlink:type='locator' />
    <link:loc xlink:href='../elts/us-gaap-2021-01-31.xsd#us-gaap_EntertainmentLicenseAgreementForProgramMaterialAmortizationExpense' xlink:label='loc_EntertainmentLicenseAgreementForProgramMaterialAmortizationExpense' xlink:type='locator' />
    <link:loc xlink:href='../elts/us-gaap-2021-01-31.xsd#us-gaap_EntertainmentLicenseAgreementForProgramMaterialExpenseAmortizationStatementOfIncomeExtensibleList' xlink:label='loc_EntertainmentLicenseAgreementForProgramMaterialExpenseAmortizationStatementOfIncomeExtensibleList' xlink:type='locator' />
    <link:loc xlink:href='../elts/us-gaap-2021-01-31.xsd#us-gaap_EntertainmentLicenseAgreementForProgramMaterialExpectedAmortizationAbstract' xlink:label='loc_EntertainmentLicenseAgreementForProgramMaterialExpectedAmortizationAbstract' xlink:type='locator' />
    <link:loc xlink:href='../elts/us-gaap-2021-01-31.xsd#us-gaap_EntertainmentLicenseAgreementForProgramMaterialNotInFilmGroupImpairment' xlink:label='loc_EntertainmentLicenseAgreementForProgramMaterialNotInFilmGroupImpairment' xlink:type='locator' />
    <link:loc xlink:href='../elts/us-gaap-2021-01-31.xsd#us-gaap_EntertainmentLicenseAgreementForProgramMaterialNotInFilmGroupImpairmentStatementOfIncomeExtensibleList' xlink:label='loc_EntertainmentLicenseAgreementForProgramMaterialNotInFilmGroupImpairmentStatementOfIncomeExtensibleList' xlink:type='locator' />
    <link:loc xlink:href='../elts/us-gaap-2021-01-31.xsd#us-gaap_EntertainmentLicenseAgreementForProgramMaterialNotInFilmGroupImpairmentSegmentExtensibleList' xlink:label='loc_EntertainmentLicenseAgreementForProgramMaterialNotInFilmGroupImpairmentSegmentExtensibleList' xlink:type='locator' />
    <link:loc xlink:href='../elts/us-gaap-2021-01-31.xsd#us-gaap_EntertainmentLicenseAgreementForProgramMaterialLiabilityAbstract' xlink:label='loc_EntertainmentLicenseAgreementForProgramMaterialLiabilityAbstract' xlink:type='locator' />
    <link:loc xlink:href='../elts/us-gaap-2021-01-31.xsd#us-gaap_EntertainmentLicenseAgreementForProgramMaterialExpectedAmortizationYearOne' xlink:label='loc_EntertainmentLicenseAgreementForProgramMaterialExpectedAmortizationYearOne' xlink:type='locator' />
    <link:loc xlink:href='../elts/us-gaap-2021-01-31.xsd#us-gaap_EntertainmentLicenseAgreementForProgramMaterialExpectedAmortizationYearTwo' xlink:label='loc_EntertainmentLicenseAgreementForProgramMaterialExpectedAmortizationYearTwo' xlink:type='locator' />
    <link:loc xlink:href='../elts/us-gaap-2021-01-31.xsd#us-gaap_EntertainmentLicenseAgreementForProgramMaterialExpectedAmortizationYearThree' xlink:label='loc_EntertainmentLicenseAgreementForProgramMaterialExpectedAmortizationYearThree' xlink:type='locator' />
    <link:loc xlink:href='../elts/us-gaap-2021-01-31.xsd#us-gaap_EntertainmentLicenseAgreementForProgramMaterialLiabilityCurrent' xlink:label='loc_EntertainmentLicenseAgreementForProgramMaterialLiabilityCurrent' xlink:type='locator' />
    <link:loc xlink:href='../elts/us-gaap-2021-01-31.xsd#us-gaap_EntertainmentLicenseAgreementForProgramMaterialLiabilityNoncurrent' xlink:label='loc_EntertainmentLicenseAgreementForProgramMaterialLiabilityNoncurrent' xlink:type='locator' />
    <link:loc xlink:href='../elts/us-gaap-2021-01-31.xsd#us-gaap_EntertainmentLicenseAgreementForProgramMaterialLiability' xlink:label='loc_EntertainmentLicenseAgreementForProgramMaterialLiability' xlink:type='locator' />
    <link:loc xlink:href='../elts/us-gaap-2021-01-31.xsd#us-gaap_FilmMonetizedOnItsOwnCapitalizedCostAbstract' xlink:label='loc_FilmMonetizedOnItsOwnCapitalizedCostAbstract' xlink:type='locator' />
    <link:loc xlink:href='../elts/us-gaap-2021-01-31.xsd#us-gaap_FilmMonetizedInFilmGroupCapitalizedCostAbstract' xlink:label='loc_FilmMonetizedInFilmGroupCapitalizedCostAbstract' xlink:type='locator' />
    <link:loc xlink:href='../elts/us-gaap-2021-01-31.xsd#us-gaap_FilmCosts' xlink:label='loc_FilmCosts' xlink:type='locator' />
    <link:loc xlink:href='../elts/us-gaap-2021-01-31.xsd#us-gaap_FilmMonetizedOnItsOwnAndFilmMonetizedInFilmGroupAmortizationExpenseAbstract' xlink:label='loc_FilmMonetizedOnItsOwnAndFilmMonetizedInFilmGroupAmortizationExpenseAbstract' xlink:type='locator' />
    <link:loc xlink:href='../elts/us-gaap-2021-01-31.xsd#us-gaap_FilmMonetizedOnItsOwnCompletedAndNotReleasedFilmExpectedAmortizationInNextOperatingCycle' xlink:label='loc_FilmMonetizedOnItsOwnCompletedAndNotReleasedFilmExpectedAmortizationInNextOperatingCycle' xlink:type='locator' />
    <link:loc xlink:href='../elts/us-gaap-2021-01-31.xsd#us-gaap_FilmMonetizedInFilmGroupCompletedAndNotReleasedFilmExpectedAmortizationInNextOperatingCycle' xlink:label='loc_FilmMonetizedInFilmGroupCompletedAndNotReleasedFilmExpectedAmortizationInNextOperatingCycle' xlink:type='locator' />
    <link:loc xlink:href='../elts/us-gaap-2021-01-31.xsd#us-gaap_OperatingCycle1' xlink:label='loc_OperatingCycle1' xlink:type='locator' />
    <link:loc xlink:href='../elts/us-gaap-2021-01-31.xsd#us-gaap_FilmMonetizedOnItsOwnReleasedFilmExpectedAmortizationAbstract' xlink:label='loc_FilmMonetizedOnItsOwnReleasedFilmExpectedAmortizationAbstract' xlink:type='locator' />
    <link:loc xlink:href='../elts/us-gaap-2021-01-31.xsd#us-gaap_FilmMonetizedInFilmGroupReleasedFilmExpectedAmortizationAbstract' xlink:label='loc_FilmMonetizedInFilmGroupReleasedFilmExpectedAmortizationAbstract' xlink:type='locator' />
    <link:loc xlink:href='../elts/us-gaap-2021-01-31.xsd#us-gaap_FilmMonetizedOnItsOwnAndFilmGroupImpairment' xlink:label='loc_FilmMonetizedOnItsOwnAndFilmGroupImpairment' xlink:type='locator' />
    <link:loc xlink:href='../elts/us-gaap-2021-01-31.xsd#us-gaap_FilmMonetizedOnItsOwnAndFilmGroupImpairmentStatementOfIncomeExtensibleList' xlink:label='loc_FilmMonetizedOnItsOwnAndFilmGroupImpairmentStatementOfIncomeExtensibleList' xlink:type='locator' />
    <link:loc xlink:href='../elts/us-gaap-2021-01-31.xsd#us-gaap_FilmMonetizedOnItsOwnAndFilmGroupImpairmentSegmentExtensibleList' xlink:label='loc_FilmMonetizedOnItsOwnAndFilmGroupImpairmentSegmentExtensibleList' xlink:type='locator' />
    <link:loc xlink:href='../elts/us-gaap-2021-01-31.xsd#us-gaap_FilmMonetizedInFilmGroupCapitalizedCostDevelopmentAndPreproduction' xlink:label='loc_FilmMonetizedInFilmGroupCapitalizedCostDevelopmentAndPreproduction' xlink:type='locator' />
    <link:loc xlink:href='../elts/us-gaap-2021-01-31.xsd#us-gaap_FilmMonetizedInFilmGroupCapitalizedCostProduction' xlink:label='loc_FilmMonetizedInFilmGroupCapitalizedCostProduction' xlink:type='locator' />
    <link:loc xlink:href='../elts/us-gaap-2021-01-31.xsd#us-gaap_FilmMonetizedInFilmGroupCapitalizedCostCompletedAndNotReleased' xlink:label='loc_FilmMonetizedInFilmGroupCapitalizedCostCompletedAndNotReleased' xlink:type='locator' />
    <link:loc xlink:href='../elts/us-gaap-2021-01-31.xsd#us-gaap_FilmMonetizedInFilmGroupCapitalizedCostReleased' xlink:label='loc_FilmMonetizedInFilmGroupCapitalizedCostReleased' xlink:type='locator' />
    <link:loc xlink:href='../elts/us-gaap-2021-01-31.xsd#us-gaap_FilmMonetizedInFilmGroupCapitalizedCost' xlink:label='loc_FilmMonetizedInFilmGroupCapitalizedCost' xlink:type='locator' />
    <link:loc xlink:href='../elts/us-gaap-2021-01-31.xsd#us-gaap_FilmMonetizedInFilmGroupReleasedFilmExpectedAmortizationYearOne' xlink:label='loc_FilmMonetizedInFilmGroupReleasedFilmExpectedAmortizationYearOne' xlink:type='locator' />
    <link:loc xlink:href='../elts/us-gaap-2021-01-31.xsd#us-gaap_FilmMonetizedInFilmGroupReleasedFilmExpectedAmortizationYearTwo' xlink:label='loc_FilmMonetizedInFilmGroupReleasedFilmExpectedAmortizationYearTwo' xlink:type='locator' />
    <link:loc xlink:href='../elts/us-gaap-2021-01-31.xsd#us-gaap_FilmMonetizedInFilmGroupReleasedFilmExpectedAmortizationYearThree' xlink:label='loc_FilmMonetizedInFilmGroupReleasedFilmExpectedAmortizationYearThree' xlink:type='locator' />
    <link:loc xlink:href='../elts/us-gaap-2021-01-31.xsd#us-gaap_FilmMonetizedOnItsOwnCapitalizedCostDevelopmentAndPreproduction' xlink:label='loc_FilmMonetizedOnItsOwnCapitalizedCostDevelopmentAndPreproduction' xlink:type='locator' />
    <link:loc xlink:href='../elts/us-gaap-2021-01-31.xsd#us-gaap_FilmMonetizedOnItsOwnCapitalizedCostProduction' xlink:label='loc_FilmMonetizedOnItsOwnCapitalizedCostProduction' xlink:type='locator' />
    <link:loc xlink:href='../elts/us-gaap-2021-01-31.xsd#us-gaap_FilmMonetizedOnItsOwnCapitalizedCostCompletedAndNotReleased' xlink:label='loc_FilmMonetizedOnItsOwnCapitalizedCostCompletedAndNotReleased' xlink:type='locator' />
    <link:loc xlink:href='../elts/us-gaap-2021-01-31.xsd#us-gaap_FilmMonetizedOnItsOwnCapitalizedCostReleased' xlink:label='loc_FilmMonetizedOnItsOwnCapitalizedCostReleased' xlink:type='locator' />
    <link:loc xlink:href='../elts/us-gaap-2021-01-31.xsd#us-gaap_FilmMonetizedOnItsOwnCapitalizedCost' xlink:label='loc_FilmMonetizedOnItsOwnCapitalizedCost' xlink:type='locator' />
    <link:loc xlink:href='../elts/us-gaap-2021-01-31.xsd#us-gaap_FilmMonetizedOnItsOwnReleasedFilmExpectedAmortizationYearOne' xlink:label='loc_FilmMonetizedOnItsOwnReleasedFilmExpectedAmortizationYearOne' xlink:type='locator' />
    <link:loc xlink:href='../elts/us-gaap-2021-01-31.xsd#us-gaap_FilmMonetizedOnItsOwnReleasedFilmExpectedAmortizationYearTwo' xlink:label='loc_FilmMonetizedOnItsOwnReleasedFilmExpectedAmortizationYearTwo' xlink:type='locator' />
    <link:loc xlink:href='../elts/us-gaap-2021-01-31.xsd#us-gaap_FilmMonetizedOnItsOwnReleasedFilmExpectedAmortizationYearThree' xlink:label='loc_FilmMonetizedOnItsOwnReleasedFilmExpectedAmortizationYearThree' xlink:type='locator' />
    <link:loc xlink:href='../elts/us-gaap-2021-01-31.xsd#us-gaap_FilmMonetizedOnItsOwnAmortizationExpense' xlink:label='loc_FilmMonetizedOnItsOwnAmortizationExpense' xlink:type='locator' />
    <link:loc xlink:href='../elts/us-gaap-2021-01-31.xsd#us-gaap_FilmMonetizedOnItsOwnAmortizationExpenseStatementOfIncomeExtensibleList' xlink:label='loc_FilmMonetizedOnItsOwnAmortizationExpenseStatementOfIncomeExtensibleList' xlink:type='locator' />
    <link:loc xlink:href='../elts/us-gaap-2021-01-31.xsd#us-gaap_FilmMonetizedInFilmGroupAmortizationExpense' xlink:label='loc_FilmMonetizedInFilmGroupAmortizationExpense' xlink:type='locator' />
    <link:loc xlink:href='../elts/us-gaap-2021-01-31.xsd#us-gaap_FilmMonetizedInFilmGroupAmortizationExpenseStatementOfIncomeExtensibleList' xlink:label='loc_FilmMonetizedInFilmGroupAmortizationExpenseStatementOfIncomeExtensibleList' xlink:type='locator' />
    <link:loc xlink:href='../elts/us-gaap-2021-01-31.xsd#us-gaap_FilmMonetizedOnItsOwnAndFilmMonetizedInFilmGroupAmortizationExpense' xlink:label='loc_FilmMonetizedOnItsOwnAndFilmMonetizedInFilmGroupAmortizationExpense' xlink:type='locator' />
    <link:loc xlink:href='../elts/us-gaap-2021-01-31.xsd#us-gaap_FlightEquipmentGross' xlink:label='loc_FlightEquipmentGross' xlink:type='locator' />
    <link:loc xlink:href='../elts/us-gaap-2021-01-31.xsd#us-gaap_FlightEquipmentAccumulatedDepreciation' xlink:label='loc_FlightEquipmentAccumulatedDepreciation' xlink:type='locator' />
    <link:loc xlink:href='../elts/us-gaap-2021-01-31.xsd#us-gaap_FlightEquipmentNet' xlink:label='loc_FlightEquipmentNet' xlink:type='locator' />
    <link:loc xlink:href='../elts/us-gaap-2021-01-31.xsd#us-gaap_FranchisorCostsAbstract' xlink:label='loc_FranchisorCostsAbstract' xlink:type='locator' />
    <link:loc xlink:href='../elts/us-gaap-2021-01-31.xsd#us-gaap_CostsOfFranchisorOwnedOutlets' xlink:label='loc_CostsOfFranchisorOwnedOutlets' xlink:type='locator' />
    <link:loc xlink:href='../elts/us-gaap-2021-01-31.xsd#us-gaap_CostsOfFranchisedOutlets' xlink:label='loc_CostsOfFranchisedOutlets' xlink:type='locator' />
    <link:loc xlink:href='../elts/us-gaap-2021-01-31.xsd#us-gaap_FranchisorCosts' xlink:label='loc_FranchisorCosts' xlink:type='locator' />
    <link:loc xlink:href='../elts/us-gaap-2021-01-31.xsd#us-gaap_FranchisorsAbstract' xlink:label='loc_FranchisorsAbstract' xlink:type='locator' />
    <link:loc xlink:href='../elts/us-gaap-2021-01-31.xsd#us-gaap_FranchisorsTextBlock' xlink:label='loc_FranchisorsTextBlock' xlink:type='locator' />
    <link:loc xlink:href='../elts/us-gaap-2021-01-31.xsd#us-gaap_SignificantChangesInOperationsAbstract' xlink:label='loc_SignificantChangesInOperationsAbstract' xlink:type='locator' />
    <link:loc xlink:href='../elts/us-gaap-2021-01-31.xsd#us-gaap_CommitmentsFromFranchiseAgreements' xlink:label='loc_CommitmentsFromFranchiseAgreements' xlink:type='locator' />
    <link:loc xlink:href='../elts/us-gaap-2021-01-31.xsd#us-gaap_GainLossOnSaleOfTrustAssetsToPayExpensesAbstract' xlink:label='loc_GainLossOnSaleOfTrustAssetsToPayExpensesAbstract' xlink:type='locator' />
    <link:loc xlink:href='../elts/us-gaap-2021-01-31.xsd#us-gaap_SaleOfTrustAssetsToPayExpenses' xlink:label='loc_SaleOfTrustAssetsToPayExpenses' xlink:type='locator' />
    <link:loc xlink:href='../elts/us-gaap-2021-01-31.xsd#us-gaap_CostOfTrustAssetsSoldToPayExpenses' xlink:label='loc_CostOfTrustAssetsSoldToPayExpenses' xlink:type='locator' />
    <link:loc xlink:href='../elts/us-gaap-2021-01-31.xsd#us-gaap_GainLossOnSaleOfTrustAssetsToPayExpenses' xlink:label='loc_GainLossOnSaleOfTrustAssetsToPayExpenses' xlink:type='locator' />
    <link:loc xlink:href='../elts/us-gaap-2021-01-31.xsd#us-gaap_IndefiniteLivedInternationalSlotsAndRoutes' xlink:label='loc_IndefiniteLivedInternationalSlotsAndRoutes' xlink:type='locator' />
    <link:loc xlink:href='../elts/us-gaap-2021-01-31.xsd#us-gaap_IndefiniteLivedDomesticSlotsAndRoutes' xlink:label='loc_IndefiniteLivedDomesticSlotsAndRoutes' xlink:type='locator' />
    <link:loc xlink:href='../elts/us-gaap-2021-01-31.xsd#us-gaap_IndefiniteLivedSlotsAndRoutes' xlink:label='loc_IndefiniteLivedSlotsAndRoutes' xlink:type='locator' />
    <link:loc xlink:href='../elts/us-gaap-2021-01-31.xsd#us-gaap_OtherIndustriesAbstract' xlink:label='loc_OtherIndustriesAbstract' xlink:type='locator' />
    <link:loc xlink:href='../elts/us-gaap-2021-01-31.xsd#us-gaap_TrustsAbstract' xlink:label='loc_TrustsAbstract' xlink:type='locator' />
    <link:loc xlink:href='https://xbrl.fasb.org/srt/2021/elts/srt-2021-01-31.xsd#srt_ProductOrServiceAxis' xlink:label='loc_ProductOrServiceAxis' xlink:type='locator' />
    <link:loc xlink:href='https://xbrl.fasb.org/srt/2021/elts/srt-2021-01-31.xsd#srt_ProductsAndServicesDomain' xlink:label='loc_ProductsAndServicesDomain' xlink:type='locator' />
    <link:loc xlink:href='../elts/us-gaap-2021-01-31.xsd#us-gaap_MainlineMember' xlink:label='loc_MainlineMember' xlink:type='locator' />
    <link:loc xlink:href='../elts/us-gaap-2021-01-31.xsd#us-gaap_RegionalCarrierMember' xlink:label='loc_RegionalCarrierMember' xlink:type='locator' />
    <link:loc xlink:href='../elts/us-gaap-2021-01-31.xsd#us-gaap_PropertyPlantAndEquipmentOther' xlink:label='loc_PropertyPlantAndEquipmentOther' xlink:type='locator' />
    <link:loc xlink:href='../elts/us-gaap-2021-01-31.xsd#us-gaap_PropertyPlantAndEquipmentOtherAccumulatedDepreciation' xlink:label='loc_PropertyPlantAndEquipmentOtherAccumulatedDepreciation' xlink:type='locator' />
    <link:loc xlink:href='../elts/us-gaap-2021-01-31.xsd#us-gaap_PropertyPlantAndEquipmentOtherNet' xlink:label='loc_PropertyPlantAndEquipmentOtherNet' xlink:type='locator' />
    <link:loc xlink:href='../elts/us-gaap-2021-01-31.xsd#us-gaap_PropertyPlantAndEquipmentOwnedGross' xlink:label='loc_PropertyPlantAndEquipmentOwnedGross' xlink:type='locator' />
    <link:loc xlink:href='../elts/us-gaap-2021-01-31.xsd#us-gaap_PropertyPlantAndEquipmentOwnedAccumulatedDepreciation' xlink:label='loc_PropertyPlantAndEquipmentOwnedAccumulatedDepreciation' xlink:type='locator' />
    <link:loc xlink:href='../elts/us-gaap-2021-01-31.xsd#us-gaap_PropertyPlantAndEquipmentOwnedNet' xlink:label='loc_PropertyPlantAndEquipmentOwnedNet' xlink:type='locator' />
    <link:loc xlink:href='../elts/us-gaap-2021-01-31.xsd#us-gaap_SignificantChangesFranchisesSold' xlink:label='loc_SignificantChangesFranchisesSold' xlink:type='locator' />
    <link:loc xlink:href='../elts/us-gaap-2021-01-31.xsd#us-gaap_SignificantChangesFranchisesPurchasedDuringPeriod' xlink:label='loc_SignificantChangesFranchisesPurchasedDuringPeriod' xlink:type='locator' />
    <link:loc xlink:href='../elts/us-gaap-2021-01-31.xsd#us-gaap_SignificantChangesFrachisedOutletsInOperation' xlink:label='loc_SignificantChangesFrachisedOutletsInOperation' xlink:type='locator' />
    <link:loc xlink:href='../elts/us-gaap-2021-01-31.xsd#us-gaap_SignificantChangesFrachisorOutletsInOperation' xlink:label='loc_SignificantChangesFrachisorOutletsInOperation' xlink:type='locator' />
    <link:loc xlink:href='../elts/us-gaap-2021-01-31.xsd#us-gaap_ProceedsFromSaleOfTrustAssetsToPayExpenses' xlink:label='loc_ProceedsFromSaleOfTrustAssetsToPayExpenses' xlink:type='locator' />
    <link:loc xlink:href='../elts/us-gaap-2021-01-31.xsd#us-gaap_TypesOfCommercialAircraftTableTextBlock' xlink:label='loc_TypesOfCommercialAircraftTableTextBlock' xlink:type='locator' />
    <link:loc xlink:href='../elts/us-gaap-2021-01-31.xsd#us-gaap_TypesOfCommercialAircraftTable' xlink:label='loc_TypesOfCommercialAircraftTable' xlink:type='locator' />
    <link:presentationArc order='10' xlink:arcrole='http://www.xbrl.org/2003/arcrole/parent-child' xlink:from='loc_AccountingStandardsUpdate201902TransitionAbstract' xlink:to='loc_TheatricalFilmCostsAbstract' xlink:type='arc' />
    <link:presentationArc order='20' xlink:arcrole='http://www.xbrl.org/2003/arcrole/parent-child' xlink:from='loc_AccountingStandardsUpdate201902TransitionAbstract' xlink:to='loc_TheatricalFilmCostsPreproduction' xlink:type='arc' />
    <link:presentationArc order='30' xlink:arcrole='http://www.xbrl.org/2003/arcrole/parent-child' xlink:from='loc_AccountingStandardsUpdate201902TransitionAbstract' xlink:to='loc_TheatricalFilmCostsDevelopment' xlink:type='arc' />
    <link:presentationArc order='40' xlink:arcrole='http://www.xbrl.org/2003/arcrole/parent-child' xlink:from='loc_AccountingStandardsUpdate201902TransitionAbstract' xlink:to='loc_TheatricalFilmCostsProduction' xlink:type='arc' />
    <link:presentationArc order='50' xlink:arcrole='http://www.xbrl.org/2003/arcrole/parent-child' xlink:from='loc_AccountingStandardsUpdate201902TransitionAbstract' xlink:to='loc_TheatricalFilmCostsCompletedAndNotReleased' xlink:type='arc' />
    <link:presentationArc order='60' xlink:arcrole='http://www.xbrl.org/2003/arcrole/parent-child' xlink:from='loc_AccountingStandardsUpdate201902TransitionAbstract' xlink:to='loc_TheatricalFilmCostsReleased' xlink:type='arc' />
    <link:presentationArc order='70' xlink:arcrole='http://www.xbrl.org/2003/arcrole/parent-child' xlink:from='loc_AccountingStandardsUpdate201902TransitionAbstract' xlink:to='loc_TheatricalFilmCosts' xlink:type='arc' />
    <link:presentationArc order='80' xlink:arcrole='http://www.xbrl.org/2003/arcrole/parent-child' xlink:from='loc_AccountingStandardsUpdate201902TransitionAbstract' xlink:to='loc_DirectToTelevisionFilmCostsAbstract' xlink:type='arc' />
    <link:presentationArc order='90' xlink:arcrole='http://www.xbrl.org/2003/arcrole/parent-child' xlink:from='loc_AccountingStandardsUpdate201902TransitionAbstract' xlink:to='loc_DirectToTelevisionFilmCostsPreproduction' xlink:type='arc' />
    <link:presentationArc order='100' xlink:arcrole='http://www.xbrl.org/2003/arcrole/parent-child' xlink:from='loc_AccountingStandardsUpdate201902TransitionAbstract' xlink:to='loc_DirectToTelevisionFilmCostsDevelopment' xlink:type='arc' />
    <link:presentationArc order='110' xlink:arcrole='http://www.xbrl.org/2003/arcrole/parent-child' xlink:from='loc_AccountingStandardsUpdate201902TransitionAbstract' xlink:to='loc_DirectToTelevisionFilmCostsProduction' xlink:type='arc' />
    <link:presentationArc order='120' xlink:arcrole='http://www.xbrl.org/2003/arcrole/parent-child' xlink:from='loc_AccountingStandardsUpdate201902TransitionAbstract' xlink:to='loc_DirectToTelevisionFilmCostsCompletedAndNotReleased' xlink:type='arc' />
    <link:presentationArc order='130' xlink:arcrole='http://www.xbrl.org/2003/arcrole/parent-child' xlink:from='loc_AccountingStandardsUpdate201902TransitionAbstract' xlink:to='loc_DirectToTelevisionFilmCostsReleased' xlink:type='arc' />
    <link:presentationArc order='140' xlink:arcrole='http://www.xbrl.org/2003/arcrole/parent-child' xlink:from='loc_AccountingStandardsUpdate201902TransitionAbstract' xlink:to='loc_DirectToTelevisionFilmCosts' xlink:type='arc' />
    <link:presentationArc order='150' xlink:arcrole='http://www.xbrl.org/2003/arcrole/parent-child' xlink:from='loc_AccountingStandardsUpdate201902TransitionAbstract' xlink:to='loc_FilmCostsAmortizedInNextOperatingCycle' xlink:type='arc' />
    <link:presentationArc order='160' xlink:arcrole='http://www.xbrl.org/2003/arcrole/parent-child' xlink:from='loc_AccountingStandardsUpdate201902TransitionAbstract' xlink:to='loc_PercentageOfUnamortizedFilmCosts' xlink:type='arc' />
    <link:presentationArc order='170' xlink:arcrole='http://www.xbrl.org/2003/arcrole/parent-child' xlink:from='loc_AccountingStandardsUpdate201902TransitionAbstract' xlink:to='loc_PercentageOfUnamortizedFilmCostsDescription' xlink:type='arc' />
    <link:presentationArc order='10' xlink:arcrole='http://www.xbrl.org/2003/arcrole/parent-child' xlink:from='loc_AdvanceRoyaltiesAbstract' xlink:to='loc_AdvanceRoyaltiesCurrent' xlink:type='arc' />
    <link:presentationArc order='20' xlink:arcrole='http://www.xbrl.org/2003/arcrole/parent-child' xlink:from='loc_AdvanceRoyaltiesAbstract' xlink:to='loc_AdvanceRoyaltiesNoncurrent' xlink:type='arc' />
    <link:presentationArc order='30' preferredLabel='http://www.xbrl.org/2003/role/totalLabel' xlink:arcrole='http://www.xbrl.org/2003/arcrole/parent-child' xlink:from='loc_AdvanceRoyaltiesAbstract' xlink:to='loc_AdvanceRoyalties' xlink:type='arc' />
    <link:presentationArc order='10' xlink:arcrole='http://www.xbrl.org/2003/arcrole/parent-child' xlink:from='loc_AgricultureAbstract' xlink:to='loc_AgricultureTextBlock' xlink:type='arc' />
    <link:presentationArc order='10' xlink:arcrole='http://www.xbrl.org/2003/arcrole/parent-child' xlink:from='loc_AgricultureTextBlock' xlink:to='loc_PatronEconomicallyDependentDescription' xlink:type='arc' />
    <link:presentationArc order='20' xlink:arcrole='http://www.xbrl.org/2003/arcrole/parent-child' xlink:from='loc_AgricultureTextBlock' xlink:to='loc_CooperativeInventoryAmount' xlink:type='arc' />
    <link:presentationArc order='30' xlink:arcrole='http://www.xbrl.org/2003/arcrole/parent-child' xlink:from='loc_AgricultureTextBlock' xlink:to='loc_IntermediateLifePlantsAccumulatedCosts' xlink:type='arc' />
    <link:presentationArc order='40' xlink:arcrole='http://www.xbrl.org/2003/arcrole/parent-child' xlink:from='loc_AgricultureTextBlock' xlink:to='loc_IntermediateLifePlantsUsefulLife' xlink:type='arc' />
    <link:presentationArc order='50' xlink:arcrole='http://www.xbrl.org/2003/arcrole/parent-child' xlink:from='loc_AgricultureTextBlock' xlink:to='loc_PatronageSourceEarnings' xlink:type='arc' />
    <link:presentationArc order='60' xlink:arcrole='http://www.xbrl.org/2003/arcrole/parent-child' xlink:from='loc_AgricultureTextBlock' xlink:to='loc_NonpatronageSourceEarnings' xlink:type='arc' />
    <link:presentationArc order='70' xlink:arcrole='http://www.xbrl.org/2003/arcrole/parent-child' xlink:from='loc_AgricultureTextBlock' xlink:to='loc_RetainedPatronageAllocations' xlink:type='arc' />
    <link:presentationArc order='80' xlink:arcrole='http://www.xbrl.org/2003/arcrole/parent-child' xlink:from='loc_AgricultureTextBlock' xlink:to='loc_Retains' xlink:type='arc' />
    <link:presentationArc order='10' xlink:arcrole='http://www.xbrl.org/2003/arcrole/parent-child' xlink:from='loc_AircraftRentalAndLandingFeesAbstract' xlink:to='loc_LandingFeesAndOtherRentals' xlink:type='arc' />
    <link:presentationArc order='20' xlink:arcrole='http://www.xbrl.org/2003/arcrole/parent-child' xlink:from='loc_AircraftRentalAndLandingFeesAbstract' xlink:to='loc_AircraftRental' xlink:type='arc' />
    <link:presentationArc order='30' preferredLabel='http://www.xbrl.org/2003/role/totalLabel' xlink:arcrole='http://www.xbrl.org/2003/arcrole/parent-child' xlink:from='loc_AircraftRentalAndLandingFeesAbstract' xlink:to='loc_AircraftRentalAndLandingFees' xlink:type='arc' />
    <link:presentationArc order='10' xlink:arcrole='http://www.xbrl.org/2003/arcrole/parent-child' xlink:from='loc_AircraftTypeAxis' xlink:to='loc_AircraftTypeMember' xlink:type='arc' />
    <link:presentationArc order='10' xlink:arcrole='http://www.xbrl.org/2003/arcrole/parent-child' xlink:from='loc_AircraftTypeMember' xlink:to='loc_B717Member' xlink:type='arc' />
    <link:presentationArc order='20' xlink:arcrole='http://www.xbrl.org/2003/arcrole/parent-child' xlink:from='loc_AircraftTypeMember' xlink:to='loc_B717200Member' xlink:type='arc' />
    <link:presentationArc order='30' xlink:arcrole='http://www.xbrl.org/2003/arcrole/parent-child' xlink:from='loc_AircraftTypeMember' xlink:to='loc_B737Member' xlink:type='arc' />
    <link:presentationArc order='40' xlink:arcrole='http://www.xbrl.org/2003/arcrole/parent-child' xlink:from='loc_AircraftTypeMember' xlink:to='loc_B737700Member' xlink:type='arc' />
    <link:presentationArc order='50' xlink:arcrole='http://www.xbrl.org/2003/arcrole/parent-child' xlink:from='loc_AircraftTypeMember' xlink:to='loc_B737800Member' xlink:type='arc' />
    <link:presentationArc order='60' xlink:arcrole='http://www.xbrl.org/2003/arcrole/parent-child' xlink:from='loc_AircraftTypeMember' xlink:to='loc_B737820Member' xlink:type='arc' />
    <link:presentationArc order='70' xlink:arcrole='http://www.xbrl.org/2003/arcrole/parent-child' xlink:from='loc_AircraftTypeMember' xlink:to='loc_B737900Member' xlink:type='arc' />
    <link:presentationArc order='80' xlink:arcrole='http://www.xbrl.org/2003/arcrole/parent-child' xlink:from='loc_AircraftTypeMember' xlink:to='loc_B737MaxMember' xlink:type='arc' />
    <link:presentationArc order='90' xlink:arcrole='http://www.xbrl.org/2003/arcrole/parent-child' xlink:from='loc_AircraftTypeMember' xlink:to='loc_B757Member' xlink:type='arc' />
    <link:presentationArc order='100' xlink:arcrole='http://www.xbrl.org/2003/arcrole/parent-child' xlink:from='loc_AircraftTypeMember' xlink:to='loc_B757200Member' xlink:type='arc' />
    <link:presentationArc order='110' xlink:arcrole='http://www.xbrl.org/2003/arcrole/parent-child' xlink:from='loc_AircraftTypeMember' xlink:to='loc_B757223Member' xlink:type='arc' />
    <link:presentationArc order='120' xlink:arcrole='http://www.xbrl.org/2003/arcrole/parent-child' xlink:from='loc_AircraftTypeMember' xlink:to='loc_B767Member' xlink:type='arc' />
    <link:presentationArc order='130' xlink:arcrole='http://www.xbrl.org/2003/arcrole/parent-child' xlink:from='loc_AircraftTypeMember' xlink:to='loc_B767200Member' xlink:type='arc' />
    <link:presentationArc order='140' xlink:arcrole='http://www.xbrl.org/2003/arcrole/parent-child' xlink:from='loc_AircraftTypeMember' xlink:to='loc_B767300Member' xlink:type='arc' />
    <link:presentationArc order='150' xlink:arcrole='http://www.xbrl.org/2003/arcrole/parent-child' xlink:from='loc_AircraftTypeMember' xlink:to='loc_B767323Member' xlink:type='arc' />
    <link:presentationArc order='160' xlink:arcrole='http://www.xbrl.org/2003/arcrole/parent-child' xlink:from='loc_AircraftTypeMember' xlink:to='loc_B777Member' xlink:type='arc' />
    <link:presentationArc order='170' xlink:arcrole='http://www.xbrl.org/2003/arcrole/parent-child' xlink:from='loc_AircraftTypeMember' xlink:to='loc_B777200Member' xlink:type='arc' />
    <link:presentationArc order='180' xlink:arcrole='http://www.xbrl.org/2003/arcrole/parent-child' xlink:from='loc_AircraftTypeMember' xlink:to='loc_B777223Member' xlink:type='arc' />
    <link:presentationArc order='190' xlink:arcrole='http://www.xbrl.org/2003/arcrole/parent-child' xlink:from='loc_AircraftTypeMember' xlink:to='loc_B777300Member' xlink:type='arc' />
    <link:presentationArc order='200' xlink:arcrole='http://www.xbrl.org/2003/arcrole/parent-child' xlink:from='loc_AircraftTypeMember' xlink:to='loc_A300Member' xlink:type='arc' />
    <link:presentationArc order='210' xlink:arcrole='http://www.xbrl.org/2003/arcrole/parent-child' xlink:from='loc_AircraftTypeMember' xlink:to='loc_A312Member' xlink:type='arc' />
    <link:presentationArc order='220' xlink:arcrole='http://www.xbrl.org/2003/arcrole/parent-child' xlink:from='loc_AircraftTypeMember' xlink:to='loc_A320Member' xlink:type='arc' />
    <link:presentationArc order='230' xlink:arcrole='http://www.xbrl.org/2003/arcrole/parent-child' xlink:from='loc_AircraftTypeMember' xlink:to='loc_A320200Member' xlink:type='arc' />
    <link:presentationArc order='240' xlink:arcrole='http://www.xbrl.org/2003/arcrole/parent-child' xlink:from='loc_AircraftTypeMember' xlink:to='loc_A320NeoMember' xlink:type='arc' />
    <link:presentationArc order='250' xlink:arcrole='http://www.xbrl.org/2003/arcrole/parent-child' xlink:from='loc_AircraftTypeMember' xlink:to='loc_A330Member' xlink:type='arc' />
    <link:presentationArc order='260' xlink:arcrole='http://www.xbrl.org/2003/arcrole/parent-child' xlink:from='loc_AircraftTypeMember' xlink:to='loc_A330200Member' xlink:type='arc' />
    <link:presentationArc order='270' xlink:arcrole='http://www.xbrl.org/2003/arcrole/parent-child' xlink:from='loc_AircraftTypeMember' xlink:to='loc_CRJMember' xlink:type='arc' />
    <link:presentationArc order='280' xlink:arcrole='http://www.xbrl.org/2003/arcrole/parent-child' xlink:from='loc_AircraftTypeMember' xlink:to='loc_CRJ200Member' xlink:type='arc' />
    <link:presentationArc order='290' xlink:arcrole='http://www.xbrl.org/2003/arcrole/parent-child' xlink:from='loc_AircraftTypeMember' xlink:to='loc_CRJ700Member' xlink:type='arc' />
    <link:presentationArc order='300' xlink:arcrole='http://www.xbrl.org/2003/arcrole/parent-child' xlink:from='loc_AircraftTypeMember' xlink:to='loc_CRJ900Member' xlink:type='arc' />
    <link:presentationArc order='310' xlink:arcrole='http://www.xbrl.org/2003/arcrole/parent-child' xlink:from='loc_AircraftTypeMember' xlink:to='loc_EMBMember' xlink:type='arc' />
    <link:presentationArc order='320' xlink:arcrole='http://www.xbrl.org/2003/arcrole/parent-child' xlink:from='loc_AircraftTypeMember' xlink:to='loc_EMB120Member' xlink:type='arc' />
    <link:presentationArc order='330' xlink:arcrole='http://www.xbrl.org/2003/arcrole/parent-child' xlink:from='loc_AircraftTypeMember' xlink:to='loc_EMB135Member' xlink:type='arc' />
    <link:presentationArc order='340' xlink:arcrole='http://www.xbrl.org/2003/arcrole/parent-child' xlink:from='loc_AircraftTypeMember' xlink:to='loc_EMB145Member' xlink:type='arc' />
    <link:presentationArc order='10' xlink:arcrole='http://www.xbrl.org/2003/arcrole/parent-child' xlink:from='loc_AirlineCashFlowElementsAbstract' xlink:to='loc_IncreaseDecreaseCashCollateralFromCounterparties' xlink:type='arc' />
    <link:presentationArc order='20' xlink:arcrole='http://www.xbrl.org/2003/arcrole/parent-child' xlink:from='loc_AirlineCashFlowElementsAbstract' xlink:to='loc_PaymentsForFlightEquipment' xlink:type='arc' />
    <link:presentationArc order='30' xlink:arcrole='http://www.xbrl.org/2003/arcrole/parent-child' xlink:from='loc_AirlineCashFlowElementsAbstract' xlink:to='loc_ProceedsFromSaleOfFlightEquipment' xlink:type='arc' />
    <link:presentationArc order='10' xlink:arcrole='http://www.xbrl.org/2003/arcrole/parent-child' xlink:from='loc_AirlineDestinationDomain' xlink:to='loc_DomesticDestinationMember' xlink:type='arc' />
    <link:presentationArc order='20' xlink:arcrole='http://www.xbrl.org/2003/arcrole/parent-child' xlink:from='loc_AirlineDestinationDomain' xlink:to='loc_PacificDestinationMember' xlink:type='arc' />
    <link:presentationArc order='30' xlink:arcrole='http://www.xbrl.org/2003/arcrole/parent-child' xlink:from='loc_AirlineDestinationDomain' xlink:to='loc_AtlanticDestinationMember' xlink:type='arc' />
    <link:presentationArc order='40' xlink:arcrole='http://www.xbrl.org/2003/arcrole/parent-child' xlink:from='loc_AirlineDestinationDomain' xlink:to='loc_LatinAmericaDestinationMember' xlink:type='arc' />
    <link:presentationArc order='10' xlink:arcrole='http://www.xbrl.org/2003/arcrole/parent-child' xlink:from='loc_AirlineDestinationTable' xlink:to='loc_AirlineDestinationsAxis' xlink:type='arc' />
    <link:presentationArc order='20' xlink:arcrole='http://www.xbrl.org/2003/arcrole/parent-child' xlink:from='loc_AirlineDestinationTable' xlink:to='loc_AirlineDestinationDisclosureLineItems' xlink:type='arc' />
    <link:presentationArc order='10' xlink:arcrole='http://www.xbrl.org/2003/arcrole/parent-child' xlink:from='loc_AirlineDestinationsAxis' xlink:to='loc_AirlineDestinationDomain' xlink:type='arc' />
    <link:presentationArc order='10' xlink:arcrole='http://www.xbrl.org/2003/arcrole/parent-child' xlink:from='loc_AirlineExpensesAbstract' xlink:to='loc_AircraftRentalAndLandingFeesAbstract' xlink:type='arc' />
    <link:presentationArc order='20' xlink:arcrole='http://www.xbrl.org/2003/arcrole/parent-child' xlink:from='loc_AirlineExpensesAbstract' xlink:to='loc_AircraftMaintenanceMaterialsAndRepairs' xlink:type='arc' />
    <link:presentationArc order='30' xlink:arcrole='http://www.xbrl.org/2003/arcrole/parent-child' xlink:from='loc_AirlineExpensesAbstract' xlink:to='loc_AirlineCapacityPurchaseArrangements' xlink:type='arc' />
    <link:presentationArc order='40' xlink:arcrole='http://www.xbrl.org/2003/arcrole/parent-child' xlink:from='loc_AirlineExpensesAbstract' xlink:to='loc_CostOfServicesCatering' xlink:type='arc' />
    <link:presentationArc order='50' xlink:arcrole='http://www.xbrl.org/2003/arcrole/parent-child' xlink:from='loc_AirlineExpensesAbstract' xlink:to='loc_ProfessionalAndContractServicesExpense' xlink:type='arc' />
    <link:presentationArc order='60' xlink:arcrole='http://www.xbrl.org/2003/arcrole/parent-child' xlink:from='loc_AirlineExpensesAbstract' xlink:to='loc_FuelCostsGrossOfHedging' xlink:type='arc' />
    <link:presentationArc order='10' xlink:arcrole='http://www.xbrl.org/2003/arcrole/parent-child' xlink:from='loc_AirlinePropertyPlantAndEquipmentAbstract' xlink:to='loc_PropertyPlantAndEquipmentOtherNetAbstract' xlink:type='arc' />
    <link:presentationArc order='20' xlink:arcrole='http://www.xbrl.org/2003/arcrole/parent-child' xlink:from='loc_AirlinePropertyPlantAndEquipmentAbstract' xlink:to='loc_PropertyPlantAndEquipmentOwnedNetAbstract' xlink:type='arc' />
    <link:presentationArc order='30' xlink:arcrole='http://www.xbrl.org/2003/arcrole/parent-child' xlink:from='loc_AirlinePropertyPlantAndEquipmentAbstract' xlink:to='loc_FlightEquipmentNetAbstract' xlink:type='arc' />
    <link:presentationArc order='40' xlink:arcrole='http://www.xbrl.org/2003/arcrole/parent-child' xlink:from='loc_AirlinePropertyPlantAndEquipmentAbstract' xlink:to='loc_PropertyPlantAndEquipmentNumberOfAircraftSold' xlink:type='arc' />
    <link:presentationArc order='10' xlink:arcrole='http://www.xbrl.org/2003/arcrole/parent-child' xlink:from='loc_AirlineRelatedInventoryGrossAbstract' xlink:to='loc_AirlineRelatedInventoryAircraftFuel' xlink:type='arc' />
    <link:presentationArc order='20' xlink:arcrole='http://www.xbrl.org/2003/arcrole/parent-child' xlink:from='loc_AirlineRelatedInventoryGrossAbstract' xlink:to='loc_AirlineRelatedInventoryAircraftParts' xlink:type='arc' />
    <link:presentationArc order='30' preferredLabel='http://www.xbrl.org/2003/role/totalLabel' xlink:arcrole='http://www.xbrl.org/2003/arcrole/parent-child' xlink:from='loc_AirlineRelatedInventoryGrossAbstract' xlink:to='loc_AirlineRelatedInventory' xlink:type='arc' />
    <link:presentationArc order='10' xlink:arcrole='http://www.xbrl.org/2003/arcrole/parent-child' xlink:from='loc_AirlineRelatedInventoryNetAbstract' xlink:to='loc_AirlineRelatedInventoryGrossAbstract' xlink:type='arc' />
    <link:presentationArc order='20' xlink:arcrole='http://www.xbrl.org/2003/arcrole/parent-child' xlink:from='loc_AirlineRelatedInventoryNetAbstract' xlink:to='loc_AirlineRelatedInventoryValuationReserves' xlink:type='arc' />
    <link:presentationArc order='30' preferredLabel='http://www.xbrl.org/2003/role/totalLabel' xlink:arcrole='http://www.xbrl.org/2003/arcrole/parent-child' xlink:from='loc_AirlineRelatedInventoryNetAbstract' xlink:to='loc_AirlineRelatedInventoryNet' xlink:type='arc' />
    <link:presentationArc order='10' xlink:arcrole='http://www.xbrl.org/2003/arcrole/parent-child' xlink:from='loc_AirlineAbstract' xlink:to='loc_TypesOfCommercialAircraftAbstract' xlink:type='arc' />
    <link:presentationArc order='20' xlink:arcrole='http://www.xbrl.org/2003/arcrole/parent-child' xlink:from='loc_AirlineAbstract' xlink:to='loc_AirlineProductsAndServicesAbstract' xlink:type='arc' />
    <link:presentationArc order='30' xlink:arcrole='http://www.xbrl.org/2003/arcrole/parent-child' xlink:from='loc_AirlineAbstract' xlink:to='loc_AirlineRelatedInventoryNetAbstract' xlink:type='arc' />
    <link:presentationArc order='40' xlink:arcrole='http://www.xbrl.org/2003/arcrole/parent-child' xlink:from='loc_AirlineAbstract' xlink:to='loc_AirlinePropertyPlantAndEquipmentAbstract' xlink:type='arc' />
    <link:presentationArc order='50' xlink:arcrole='http://www.xbrl.org/2003/arcrole/parent-child' xlink:from='loc_AirlineAbstract' xlink:to='loc_DepositsOnFlightEquipment' xlink:type='arc' />
    <link:presentationArc order='60' xlink:arcrole='http://www.xbrl.org/2003/arcrole/parent-child' xlink:from='loc_AirlineAbstract' xlink:to='loc_IndefiniteLivedSlotsAndRoutesAbstract' xlink:type='arc' />
    <link:presentationArc order='70' xlink:arcrole='http://www.xbrl.org/2003/arcrole/parent-child' xlink:from='loc_AirlineAbstract' xlink:to='loc_AirlineExpensesAbstract' xlink:type='arc' />
    <link:presentationArc order='80' xlink:arcrole='http://www.xbrl.org/2003/arcrole/parent-child' xlink:from='loc_AirlineAbstract' xlink:to='loc_AirlineCashFlowElementsAbstract' xlink:type='arc' />
    <link:presentationArc order='90' xlink:arcrole='http://www.xbrl.org/2003/arcrole/parent-child' xlink:from='loc_AirlineAbstract' xlink:to='loc_NumberOfAircraftOperated' xlink:type='arc' />
    <link:presentationArc order='100' xlink:arcrole='http://www.xbrl.org/2003/arcrole/parent-child' xlink:from='loc_AirlineAbstract' xlink:to='loc_AirlineDestinationTableTextBlock' xlink:type='arc' />
    <link:presentationArc order='10' xlink:arcrole='http://www.xbrl.org/2003/arcrole/parent-child' xlink:from='loc_AirlineDestinationTableTextBlock' xlink:to='loc_AirlineDestinationTable' xlink:type='arc' />
    <link:presentationArc order='10' xlink:arcrole='http://www.xbrl.org/2003/arcrole/parent-child' xlink:from='loc_AirlineProductsAndServicesAbstract' xlink:to='loc_AirlineProductsAndServicesTable' xlink:type='arc' />
    <link:presentationArc order='10' xlink:arcrole='http://www.xbrl.org/2003/arcrole/parent-child' xlink:from='loc_EntertainmentCashFlowElementsAbstract' xlink:to='loc_IncreaseDecreaseInFilmCosts1' xlink:type='arc' />
    <link:presentationArc order='20' xlink:arcrole='http://www.xbrl.org/2003/arcrole/parent-child' xlink:from='loc_EntertainmentCashFlowElementsAbstract' xlink:to='loc_IncreaseDecreaseInParticipationLiabilities' xlink:type='arc' />
    <link:presentationArc order='30' xlink:arcrole='http://www.xbrl.org/2003/arcrole/parent-child' xlink:from='loc_EntertainmentCashFlowElementsAbstract' xlink:to='loc_IncreaseDecreaseInExploitationLiabilities' xlink:type='arc' />
    <link:presentationArc order='40' xlink:arcrole='http://www.xbrl.org/2003/arcrole/parent-child' xlink:from='loc_EntertainmentCashFlowElementsAbstract' xlink:to='loc_PaymentsForFilmCosts' xlink:type='arc' />
    <link:presentationArc order='50' xlink:arcrole='http://www.xbrl.org/2003/arcrole/parent-child' xlink:from='loc_EntertainmentCashFlowElementsAbstract' xlink:to='loc_PaymentsForParticipationLiabilities' xlink:type='arc' />
    <link:presentationArc order='10' xlink:arcrole='http://www.xbrl.org/2003/arcrole/parent-child' xlink:from='loc_EntertainmentAbstract' xlink:to='loc_EntertainmentTextBlock' xlink:type='arc' />
    <link:presentationArc order='10' xlink:arcrole='http://www.xbrl.org/2003/arcrole/parent-child' xlink:from='loc_EntertainmentTextBlock' xlink:to='loc_BroadcastersLicenseAgreementCommitmentsDescription' xlink:type='arc' />
    <link:presentationArc order='20' xlink:arcrole='http://www.xbrl.org/2003/arcrole/parent-child' xlink:from='loc_EntertainmentTextBlock' xlink:to='loc_EntertainmentFilmAbstract' xlink:type='arc' />
    <link:presentationArc order='30' xlink:arcrole='http://www.xbrl.org/2003/arcrole/parent-child' xlink:from='loc_EntertainmentTextBlock' xlink:to='loc_EntertainmentLicenseAgreementForProgramMaterialAbstract' xlink:type='arc' />
    <link:presentationArc order='40' xlink:arcrole='http://www.xbrl.org/2003/arcrole/parent-child' xlink:from='loc_EntertainmentTextBlock' xlink:to='loc_EntertainmentCashFlowElementsAbstract' xlink:type='arc' />
    <link:presentationArc order='50' xlink:arcrole='http://www.xbrl.org/2003/arcrole/parent-child' xlink:from='loc_EntertainmentTextBlock' xlink:to='loc_AdvanceRoyaltiesAbstract' xlink:type='arc' />
    <link:presentationArc order='60' xlink:arcrole='http://www.xbrl.org/2003/arcrole/parent-child' xlink:from='loc_EntertainmentTextBlock' xlink:to='loc_ArtistAdvancesAndRoyaltyGuaranteesCommitments' xlink:type='arc' />
    <link:presentationArc order='70' xlink:arcrole='http://www.xbrl.org/2003/arcrole/parent-child' xlink:from='loc_EntertainmentTextBlock' xlink:to='loc_ArtistAdvancesCommitmentsAmount' xlink:type='arc' />
    <link:presentationArc order='80' xlink:arcrole='http://www.xbrl.org/2003/arcrole/parent-child' xlink:from='loc_EntertainmentTextBlock' xlink:to='loc_RoyaltyGuaranteesCommitmentsAmount' xlink:type='arc' />
    <link:presentationArc order='90' xlink:arcrole='http://www.xbrl.org/2003/arcrole/parent-child' xlink:from='loc_EntertainmentTextBlock' xlink:to='loc_AccruedParticipationLiabilitiesDueInNextOperatingCycle' xlink:type='arc' />
    <link:presentationArc order='100' xlink:arcrole='http://www.xbrl.org/2003/arcrole/parent-child' xlink:from='loc_EntertainmentTextBlock' xlink:to='loc_AccountingStandardsUpdate201902TransitionAbstract' xlink:type='arc' />
    <link:presentationArc order='10' xlink:arcrole='http://www.xbrl.org/2003/arcrole/parent-child' xlink:from='loc_EntertainmentFilmAbstract' xlink:to='loc_FilmCostsAbstract' xlink:type='arc' />
    <link:presentationArc order='20' xlink:arcrole='http://www.xbrl.org/2003/arcrole/parent-child' xlink:from='loc_EntertainmentFilmAbstract' xlink:to='loc_FilmCostDisclosuresAbstract' xlink:type='arc' />
    <link:presentationArc order='10' xlink:arcrole='http://www.xbrl.org/2003/arcrole/parent-child' xlink:from='loc_EntertainmentLicenseAgreementForProgramMaterialAbstract' xlink:to='loc_EntertainmentLicenseAgreementForProgramMaterialCapitalizedCost' xlink:type='arc' />
    <link:presentationArc order='20' xlink:arcrole='http://www.xbrl.org/2003/arcrole/parent-child' xlink:from='loc_EntertainmentLicenseAgreementForProgramMaterialAbstract' xlink:to='loc_EntertainmentLicenseAgreementForProgramMaterialAmortizationExpense' xlink:type='arc' />
    <link:presentationArc order='10' xlink:arcrole='http://www.xbrl.org/2003/arcrole/parent-child' xlink:from='loc_EntertainmentLicenseAgreementForProgramMaterialAmortizationExpense' xlink:to='loc_EntertainmentLicenseAgreementForProgramMaterialExpenseAmortizationStatementOfIncomeExtensibleList' xlink:type='arc' />
    <link:presentationArc order='30' xlink:arcrole='http://www.xbrl.org/2003/arcrole/parent-child' xlink:from='loc_EntertainmentLicenseAgreementForProgramMaterialAbstract' xlink:to='loc_EntertainmentLicenseAgreementForProgramMaterialExpectedAmortizationAbstract' xlink:type='arc' />
    <link:presentationArc order='40' xlink:arcrole='http://www.xbrl.org/2003/arcrole/parent-child' xlink:from='loc_EntertainmentLicenseAgreementForProgramMaterialAbstract' xlink:to='loc_EntertainmentLicenseAgreementForProgramMaterialNotInFilmGroupImpairment' xlink:type='arc' />
    <link:presentationArc order='10' xlink:arcrole='http://www.xbrl.org/2003/arcrole/parent-child' xlink:from='loc_EntertainmentLicenseAgreementForProgramMaterialNotInFilmGroupImpairment' xlink:to='loc_EntertainmentLicenseAgreementForProgramMaterialNotInFilmGroupImpairmentStatementOfIncomeExtensibleList' xlink:type='arc' />
    <link:presentationArc order='20' xlink:arcrole='http://www.xbrl.org/2003/arcrole/parent-child' xlink:from='loc_EntertainmentLicenseAgreementForProgramMaterialNotInFilmGroupImpairment' xlink:to='loc_EntertainmentLicenseAgreementForProgramMaterialNotInFilmGroupImpairmentSegmentExtensibleList' xlink:type='arc' />
    <link:presentationArc order='50' xlink:arcrole='http://www.xbrl.org/2003/arcrole/parent-child' xlink:from='loc_EntertainmentLicenseAgreementForProgramMaterialAbstract' xlink:to='loc_EntertainmentLicenseAgreementForProgramMaterialLiabilityAbstract' xlink:type='arc' />
    <link:presentationArc order='10' xlink:arcrole='http://www.xbrl.org/2003/arcrole/parent-child' xlink:from='loc_EntertainmentLicenseAgreementForProgramMaterialExpectedAmortizationAbstract' xlink:to='loc_EntertainmentLicenseAgreementForProgramMaterialExpectedAmortizationYearOne' xlink:type='arc' />
    <link:presentationArc order='20' xlink:arcrole='http://www.xbrl.org/2003/arcrole/parent-child' xlink:from='loc_EntertainmentLicenseAgreementForProgramMaterialExpectedAmortizationAbstract' xlink:to='loc_EntertainmentLicenseAgreementForProgramMaterialExpectedAmortizationYearTwo' xlink:type='arc' />
    <link:presentationArc order='30' xlink:arcrole='http://www.xbrl.org/2003/arcrole/parent-child' xlink:from='loc_EntertainmentLicenseAgreementForProgramMaterialExpectedAmortizationAbstract' xlink:to='loc_EntertainmentLicenseAgreementForProgramMaterialExpectedAmortizationYearThree' xlink:type='arc' />
    <link:presentationArc order='10' xlink:arcrole='http://www.xbrl.org/2003/arcrole/parent-child' xlink:from='loc_EntertainmentLicenseAgreementForProgramMaterialLiabilityAbstract' xlink:to='loc_EntertainmentLicenseAgreementForProgramMaterialLiabilityCurrent' xlink:type='arc' />
    <link:presentationArc order='20' xlink:arcrole='http://www.xbrl.org/2003/arcrole/parent-child' xlink:from='loc_EntertainmentLicenseAgreementForProgramMaterialLiabilityAbstract' xlink:to='loc_EntertainmentLicenseAgreementForProgramMaterialLiabilityNoncurrent' xlink:type='arc' />
    <link:presentationArc order='30' preferredLabel='http://www.xbrl.org/2003/role/totalLabel' xlink:arcrole='http://www.xbrl.org/2003/arcrole/parent-child' xlink:from='loc_EntertainmentLicenseAgreementForProgramMaterialLiabilityAbstract' xlink:to='loc_EntertainmentLicenseAgreementForProgramMaterialLiability' xlink:type='arc' />
    <link:presentationArc order='10' xlink:arcrole='http://www.xbrl.org/2003/arcrole/parent-child' xlink:from='loc_FilmCostsAbstract' xlink:to='loc_FilmMonetizedOnItsOwnCapitalizedCostAbstract' xlink:type='arc' />
    <link:presentationArc order='20' xlink:arcrole='http://www.xbrl.org/2003/arcrole/parent-child' xlink:from='loc_FilmCostsAbstract' xlink:to='loc_FilmMonetizedInFilmGroupCapitalizedCostAbstract' xlink:type='arc' />
    <link:presentationArc order='30' preferredLabel='http://www.xbrl.org/2003/role/totalLabel' xlink:arcrole='http://www.xbrl.org/2003/arcrole/parent-child' xlink:from='loc_FilmCostsAbstract' xlink:to='loc_FilmCosts' xlink:type='arc' />
    <link:presentationArc order='10' xlink:arcrole='http://www.xbrl.org/2003/arcrole/parent-child' xlink:from='loc_FilmCostDisclosuresAbstract' xlink:to='loc_FilmMonetizedOnItsOwnAndFilmMonetizedInFilmGroupAmortizationExpenseAbstract' xlink:type='arc' />
    <link:presentationArc order='20' xlink:arcrole='http://www.xbrl.org/2003/arcrole/parent-child' xlink:from='loc_FilmCostDisclosuresAbstract' xlink:to='loc_FilmMonetizedOnItsOwnCompletedAndNotReleasedFilmExpectedAmortizationInNextOperatingCycle' xlink:type='arc' />
    <link:presentationArc order='30' xlink:arcrole='http://www.xbrl.org/2003/arcrole/parent-child' xlink:from='loc_FilmCostDisclosuresAbstract' xlink:to='loc_FilmMonetizedInFilmGroupCompletedAndNotReleasedFilmExpectedAmortizationInNextOperatingCycle' xlink:type='arc' />
    <link:presentationArc order='40' xlink:arcrole='http://www.xbrl.org/2003/arcrole/parent-child' xlink:from='loc_FilmCostDisclosuresAbstract' xlink:to='loc_OperatingCycle1' xlink:type='arc' />
    <link:presentationArc order='50' xlink:arcrole='http://www.xbrl.org/2003/arcrole/parent-child' xlink:from='loc_FilmCostDisclosuresAbstract' xlink:to='loc_FilmMonetizedOnItsOwnReleasedFilmExpectedAmortizationAbstract' xlink:type='arc' />
    <link:presentationArc order='60' xlink:arcrole='http://www.xbrl.org/2003/arcrole/parent-child' xlink:from='loc_FilmCostDisclosuresAbstract' xlink:to='loc_FilmMonetizedInFilmGroupReleasedFilmExpectedAmortizationAbstract' xlink:type='arc' />
    <link:presentationArc order='70' xlink:arcrole='http://www.xbrl.org/2003/arcrole/parent-child' xlink:from='loc_FilmCostDisclosuresAbstract' xlink:to='loc_FilmMonetizedOnItsOwnAndFilmGroupImpairment' xlink:type='arc' />
    <link:presentationArc order='10' xlink:arcrole='http://www.xbrl.org/2003/arcrole/parent-child' xlink:from='loc_FilmMonetizedOnItsOwnAndFilmGroupImpairment' xlink:to='loc_FilmMonetizedOnItsOwnAndFilmGroupImpairmentStatementOfIncomeExtensibleList' xlink:type='arc' />
    <link:presentationArc order='20' xlink:arcrole='http://www.xbrl.org/2003/arcrole/parent-child' xlink:from='loc_FilmMonetizedOnItsOwnAndFilmGroupImpairment' xlink:to='loc_FilmMonetizedOnItsOwnAndFilmGroupImpairmentSegmentExtensibleList' xlink:type='arc' />
    <link:presentationArc order='10' xlink:arcrole='http://www.xbrl.org/2003/arcrole/parent-child' xlink:from='loc_FilmMonetizedInFilmGroupCapitalizedCostAbstract' xlink:to='loc_FilmMonetizedInFilmGroupCapitalizedCostDevelopmentAndPreproduction' xlink:type='arc' />
    <link:presentationArc order='20' xlink:arcrole='http://www.xbrl.org/2003/arcrole/parent-child' xlink:from='loc_FilmMonetizedInFilmGroupCapitalizedCostAbstract' xlink:to='loc_FilmMonetizedInFilmGroupCapitalizedCostProduction' xlink:type='arc' />
    <link:presentationArc order='30' xlink:arcrole='http://www.xbrl.org/2003/arcrole/parent-child' xlink:from='loc_FilmMonetizedInFilmGroupCapitalizedCostAbstract' xlink:to='loc_FilmMonetizedInFilmGroupCapitalizedCostCompletedAndNotReleased' xlink:type='arc' />
    <link:presentationArc order='40' xlink:arcrole='http://www.xbrl.org/2003/arcrole/parent-child' xlink:from='loc_FilmMonetizedInFilmGroupCapitalizedCostAbstract' xlink:to='loc_FilmMonetizedInFilmGroupCapitalizedCostReleased' xlink:type='arc' />
    <link:presentationArc order='50' preferredLabel='http://www.xbrl.org/2003/role/totalLabel' xlink:arcrole='http://www.xbrl.org/2003/arcrole/parent-child' xlink:from='loc_FilmMonetizedInFilmGroupCapitalizedCostAbstract' xlink:to='loc_FilmMonetizedInFilmGroupCapitalizedCost' xlink:type='arc' />
    <link:presentationArc order='10' xlink:arcrole='http://www.xbrl.org/2003/arcrole/parent-child' xlink:from='loc_FilmMonetizedInFilmGroupReleasedFilmExpectedAmortizationAbstract' xlink:to='loc_FilmMonetizedInFilmGroupReleasedFilmExpectedAmortizationYearOne' xlink:type='arc' />
    <link:presentationArc order='20' xlink:arcrole='http://www.xbrl.org/2003/arcrole/parent-child' xlink:from='loc_FilmMonetizedInFilmGroupReleasedFilmExpectedAmortizationAbstract' xlink:to='loc_FilmMonetizedInFilmGroupReleasedFilmExpectedAmortizationYearTwo' xlink:type='arc' />
    <link:presentationArc order='30' xlink:arcrole='http://www.xbrl.org/2003/arcrole/parent-child' xlink:from='loc_FilmMonetizedInFilmGroupReleasedFilmExpectedAmortizationAbstract' xlink:to='loc_FilmMonetizedInFilmGroupReleasedFilmExpectedAmortizationYearThree' xlink:type='arc' />
    <link:presentationArc order='10' xlink:arcrole='http://www.xbrl.org/2003/arcrole/parent-child' xlink:from='loc_FilmMonetizedOnItsOwnCapitalizedCostAbstract' xlink:to='loc_FilmMonetizedOnItsOwnCapitalizedCostDevelopmentAndPreproduction' xlink:type='arc' />
    <link:presentationArc order='20' xlink:arcrole='http://www.xbrl.org/2003/arcrole/parent-child' xlink:from='loc_FilmMonetizedOnItsOwnCapitalizedCostAbstract' xlink:to='loc_FilmMonetizedOnItsOwnCapitalizedCostProduction' xlink:type='arc' />
    <link:presentationArc order='30' xlink:arcrole='http://www.xbrl.org/2003/arcrole/parent-child' xlink:from='loc_FilmMonetizedOnItsOwnCapitalizedCostAbstract' xlink:to='loc_FilmMonetizedOnItsOwnCapitalizedCostCompletedAndNotReleased' xlink:type='arc' />
    <link:presentationArc order='40' xlink:arcrole='http://www.xbrl.org/2003/arcrole/parent-child' xlink:from='loc_FilmMonetizedOnItsOwnCapitalizedCostAbstract' xlink:to='loc_FilmMonetizedOnItsOwnCapitalizedCostReleased' xlink:type='arc' />
    <link:presentationArc order='50' preferredLabel='http://www.xbrl.org/2003/role/totalLabel' xlink:arcrole='http://www.xbrl.org/2003/arcrole/parent-child' xlink:from='loc_FilmMonetizedOnItsOwnCapitalizedCostAbstract' xlink:to='loc_FilmMonetizedOnItsOwnCapitalizedCost' xlink:type='arc' />
    <link:presentationArc order='10' xlink:arcrole='http://www.xbrl.org/2003/arcrole/parent-child' xlink:from='loc_FilmMonetizedOnItsOwnReleasedFilmExpectedAmortizationAbstract' xlink:to='loc_FilmMonetizedOnItsOwnReleasedFilmExpectedAmortizationYearOne' xlink:type='arc' />
    <link:presentationArc order='20' xlink:arcrole='http://www.xbrl.org/2003/arcrole/parent-child' xlink:from='loc_FilmMonetizedOnItsOwnReleasedFilmExpectedAmortizationAbstract' xlink:to='loc_FilmMonetizedOnItsOwnReleasedFilmExpectedAmortizationYearTwo' xlink:type='arc' />
    <link:presentationArc order='30' xlink:arcrole='http://www.xbrl.org/2003/arcrole/parent-child' xlink:from='loc_FilmMonetizedOnItsOwnReleasedFilmExpectedAmortizationAbstract' xlink:to='loc_FilmMonetizedOnItsOwnReleasedFilmExpectedAmortizationYearThree' xlink:type='arc' />
    <link:presentationArc order='10' xlink:arcrole='http://www.xbrl.org/2003/arcrole/parent-child' xlink:from='loc_FilmMonetizedOnItsOwnAndFilmMonetizedInFilmGroupAmortizationExpenseAbstract' xlink:to='loc_FilmMonetizedOnItsOwnAmortizationExpense' xlink:type='arc' />
    <link:presentationArc order='10' xlink:arcrole='http://www.xbrl.org/2003/arcrole/parent-child' xlink:from='loc_FilmMonetizedOnItsOwnAmortizationExpense' xlink:to='loc_FilmMonetizedOnItsOwnAmortizationExpenseStatementOfIncomeExtensibleList' xlink:type='arc' />
    <link:presentationArc order='20' xlink:arcrole='http://www.xbrl.org/2003/arcrole/parent-child' xlink:from='loc_FilmMonetizedOnItsOwnAndFilmMonetizedInFilmGroupAmortizationExpenseAbstract' xlink:to='loc_FilmMonetizedInFilmGroupAmortizationExpense' xlink:type='arc' />
    <link:presentationArc order='10' xlink:arcrole='http://www.xbrl.org/2003/arcrole/parent-child' xlink:from='loc_FilmMonetizedInFilmGroupAmortizationExpense' xlink:to='loc_FilmMonetizedInFilmGroupAmortizationExpenseStatementOfIncomeExtensibleList' xlink:type='arc' />
    <link:presentationArc order='30' preferredLabel='http://www.xbrl.org/2003/role/totalLabel' xlink:arcrole='http://www.xbrl.org/2003/arcrole/parent-child' xlink:from='loc_FilmMonetizedOnItsOwnAndFilmMonetizedInFilmGroupAmortizationExpenseAbstract' xlink:to='loc_FilmMonetizedOnItsOwnAndFilmMonetizedInFilmGroupAmortizationExpense' xlink:type='arc' />
    <link:presentationArc order='10' xlink:arcrole='http://www.xbrl.org/2003/arcrole/parent-child' xlink:from='loc_FlightEquipmentNetAbstract' xlink:to='loc_FlightEquipmentGross' xlink:type='arc' />
    <link:presentationArc order='20' xlink:arcrole='http://www.xbrl.org/2003/arcrole/parent-child' xlink:from='loc_FlightEquipmentNetAbstract' xlink:to='loc_FlightEquipmentAccumulatedDepreciation' xlink:type='arc' />
    <link:presentationArc order='30' preferredLabel='http://www.xbrl.org/2003/role/totalLabel' xlink:arcrole='http://www.xbrl.org/2003/arcrole/parent-child' xlink:from='loc_FlightEquipmentNetAbstract' xlink:to='loc_FlightEquipmentNet' xlink:type='arc' />
    <link:presentationArc order='10' xlink:arcrole='http://www.xbrl.org/2003/arcrole/parent-child' xlink:from='loc_FranchisorCostsAbstract' xlink:to='loc_CostsOfFranchisorOwnedOutlets' xlink:type='arc' />
    <link:presentationArc order='20' xlink:arcrole='http://www.xbrl.org/2003/arcrole/parent-child' xlink:from='loc_FranchisorCostsAbstract' xlink:to='loc_CostsOfFranchisedOutlets' xlink:type='arc' />
    <link:presentationArc order='30' preferredLabel='http://www.xbrl.org/2003/role/totalLabel' xlink:arcrole='http://www.xbrl.org/2003/arcrole/parent-child' xlink:from='loc_FranchisorCostsAbstract' xlink:to='loc_FranchisorCosts' xlink:type='arc' />
    <link:presentationArc order='10' xlink:arcrole='http://www.xbrl.org/2003/arcrole/parent-child' xlink:from='loc_FranchisorsAbstract' xlink:to='loc_FranchisorsTextBlock' xlink:type='arc' />
    <link:presentationArc order='10' xlink:arcrole='http://www.xbrl.org/2003/arcrole/parent-child' xlink:from='loc_FranchisorsTextBlock' xlink:to='loc_SignificantChangesInOperationsAbstract' xlink:type='arc' />
    <link:presentationArc order='20' xlink:arcrole='http://www.xbrl.org/2003/arcrole/parent-child' xlink:from='loc_FranchisorsTextBlock' xlink:to='loc_CommitmentsFromFranchiseAgreements' xlink:type='arc' />
    <link:presentationArc order='30' xlink:arcrole='http://www.xbrl.org/2003/arcrole/parent-child' xlink:from='loc_FranchisorsTextBlock' xlink:to='loc_FranchisorCostsAbstract' xlink:type='arc' />
    <link:presentationArc order='10' xlink:arcrole='http://www.xbrl.org/2003/arcrole/parent-child' xlink:from='loc_GainLossOnSaleOfTrustAssetsToPayExpensesAbstract' xlink:to='loc_SaleOfTrustAssetsToPayExpenses' xlink:type='arc' />
    <link:presentationArc order='20' xlink:arcrole='http://www.xbrl.org/2003/arcrole/parent-child' xlink:from='loc_GainLossOnSaleOfTrustAssetsToPayExpensesAbstract' xlink:to='loc_CostOfTrustAssetsSoldToPayExpenses' xlink:type='arc' />
    <link:presentationArc order='30' preferredLabel='http://www.xbrl.org/2003/role/totalLabel' xlink:arcrole='http://www.xbrl.org/2003/arcrole/parent-child' xlink:from='loc_GainLossOnSaleOfTrustAssetsToPayExpensesAbstract' xlink:to='loc_GainLossOnSaleOfTrustAssetsToPayExpenses' xlink:type='arc' />
    <link:presentationArc order='10' xlink:arcrole='http://www.xbrl.org/2003/arcrole/parent-child' xlink:from='loc_IndefiniteLivedSlotsAndRoutesAbstract' xlink:to='loc_IndefiniteLivedInternationalSlotsAndRoutes' xlink:type='arc' />
    <link:presentationArc order='20' xlink:arcrole='http://www.xbrl.org/2003/arcrole/parent-child' xlink:from='loc_IndefiniteLivedSlotsAndRoutesAbstract' xlink:to='loc_IndefiniteLivedDomesticSlotsAndRoutes' xlink:type='arc' />
    <link:presentationArc order='30' preferredLabel='http://www.xbrl.org/2003/role/totalLabel' xlink:arcrole='http://www.xbrl.org/2003/arcrole/parent-child' xlink:from='loc_IndefiniteLivedSlotsAndRoutesAbstract' xlink:to='loc_IndefiniteLivedSlotsAndRoutes' xlink:type='arc' />
    <link:presentationArc order='10' xlink:arcrole='http://www.xbrl.org/2003/arcrole/parent-child' xlink:from='loc_OtherIndustriesAbstract' xlink:to='loc_AgricultureAbstract' xlink:type='arc' />
    <link:presentationArc order='20' xlink:arcrole='http://www.xbrl.org/2003/arcrole/parent-child' xlink:from='loc_OtherIndustriesAbstract' xlink:to='loc_AirlineAbstract' xlink:type='arc' />
    <link:presentationArc order='30' xlink:arcrole='http://www.xbrl.org/2003/arcrole/parent-child' xlink:from='loc_OtherIndustriesAbstract' xlink:to='loc_EntertainmentAbstract' xlink:type='arc' />
    <link:presentationArc order='40' xlink:arcrole='http://www.xbrl.org/2003/arcrole/parent-child' xlink:from='loc_OtherIndustriesAbstract' xlink:to='loc_FranchisorsAbstract' xlink:type='arc' />
    <link:presentationArc order='50' xlink:arcrole='http://www.xbrl.org/2003/arcrole/parent-child' xlink:from='loc_OtherIndustriesAbstract' xlink:to='loc_TrustsAbstract' xlink:type='arc' />
    <link:presentationArc order='10' xlink:arcrole='http://www.xbrl.org/2003/arcrole/parent-child' xlink:from='loc_ProductOrServiceAxis' xlink:to='loc_ProductsAndServicesDomain' xlink:type='arc' />
    <link:presentationArc order='10' xlink:arcrole='http://www.xbrl.org/2003/arcrole/parent-child' xlink:from='loc_ProductsAndServicesDomain' xlink:to='loc_MainlineMember' xlink:type='arc' />
    <link:presentationArc order='20' xlink:arcrole='http://www.xbrl.org/2003/arcrole/parent-child' xlink:from='loc_ProductsAndServicesDomain' xlink:to='loc_RegionalCarrierMember' xlink:type='arc' />
    <link:presentationArc order='10' xlink:arcrole='http://www.xbrl.org/2003/arcrole/parent-child' xlink:from='loc_AirlineProductsAndServicesTable' xlink:to='loc_ProductOrServiceAxis' xlink:type='arc' />
    <link:presentationArc order='10' xlink:arcrole='http://www.xbrl.org/2003/arcrole/parent-child' xlink:from='loc_PropertyPlantAndEquipmentOtherNetAbstract' xlink:to='loc_PropertyPlantAndEquipmentOther' xlink:type='arc' />
    <link:presentationArc order='20' xlink:arcrole='http://www.xbrl.org/2003/arcrole/parent-child' xlink:from='loc_PropertyPlantAndEquipmentOtherNetAbstract' xlink:to='loc_PropertyPlantAndEquipmentOtherAccumulatedDepreciation' xlink:type='arc' />
    <link:presentationArc order='30' preferredLabel='http://www.xbrl.org/2003/role/totalLabel' xlink:arcrole='http://www.xbrl.org/2003/arcrole/parent-child' xlink:from='loc_PropertyPlantAndEquipmentOtherNetAbstract' xlink:to='loc_PropertyPlantAndEquipmentOtherNet' xlink:type='arc' />
    <link:presentationArc order='10' xlink:arcrole='http://www.xbrl.org/2003/arcrole/parent-child' xlink:from='loc_PropertyPlantAndEquipmentOwnedNetAbstract' xlink:to='loc_PropertyPlantAndEquipmentOwnedGross' xlink:type='arc' />
    <link:presentationArc order='20' xlink:arcrole='http://www.xbrl.org/2003/arcrole/parent-child' xlink:from='loc_PropertyPlantAndEquipmentOwnedNetAbstract' xlink:to='loc_PropertyPlantAndEquipmentOwnedAccumulatedDepreciation' xlink:type='arc' />
    <link:presentationArc order='30' preferredLabel='http://www.xbrl.org/2003/role/totalLabel' xlink:arcrole='http://www.xbrl.org/2003/arcrole/parent-child' xlink:from='loc_PropertyPlantAndEquipmentOwnedNetAbstract' xlink:to='loc_PropertyPlantAndEquipmentOwnedNet' xlink:type='arc' />
    <link:presentationArc order='10' xlink:arcrole='http://www.xbrl.org/2003/arcrole/parent-child' xlink:from='loc_SignificantChangesInOperationsAbstract' xlink:to='loc_SignificantChangesFranchisesSold' xlink:type='arc' />
    <link:presentationArc order='20' xlink:arcrole='http://www.xbrl.org/2003/arcrole/parent-child' xlink:from='loc_SignificantChangesInOperationsAbstract' xlink:to='loc_SignificantChangesFranchisesPurchasedDuringPeriod' xlink:type='arc' />
    <link:presentationArc order='30' xlink:arcrole='http://www.xbrl.org/2003/arcrole/parent-child' xlink:from='loc_SignificantChangesInOperationsAbstract' xlink:to='loc_SignificantChangesFrachisedOutletsInOperation' xlink:type='arc' />
    <link:presentationArc order='40' xlink:arcrole='http://www.xbrl.org/2003/arcrole/parent-child' xlink:from='loc_SignificantChangesInOperationsAbstract' xlink:to='loc_SignificantChangesFrachisorOutletsInOperation' xlink:type='arc' />
    <link:presentationArc order='10' xlink:arcrole='http://www.xbrl.org/2003/arcrole/parent-child' xlink:from='loc_TrustsAbstract' xlink:to='loc_GainLossOnSaleOfTrustAssetsToPayExpensesAbstract' xlink:type='arc' />
    <link:presentationArc order='20' xlink:arcrole='http://www.xbrl.org/2003/arcrole/parent-child' xlink:from='loc_TrustsAbstract' xlink:to='loc_ProceedsFromSaleOfTrustAssetsToPayExpenses' xlink:type='arc' />
    <link:presentationArc order='10' xlink:arcrole='http://www.xbrl.org/2003/arcrole/parent-child' xlink:from='loc_TypesOfCommercialAircraftAbstract' xlink:to='loc_TypesOfCommercialAircraftTableTextBlock' xlink:type='arc' />
    <link:presentationArc order='10' xlink:arcrole='http://www.xbrl.org/2003/arcrole/parent-child' xlink:from='loc_TypesOfCommercialAircraftTableTextBlock' xlink:to='loc_TypesOfCommercialAircraftTable' xlink:type='arc' />
    <link:presentationArc order='10' xlink:arcrole='http://www.xbrl.org/2003/arcrole/parent-child' xlink:from='loc_TypesOfCommercialAircraftTable' xlink:to='loc_AircraftTypeAxis' xlink:type='arc' />
  </link:presentationLink>
</link:linkbase>
