<?xml version='1.0' encoding='UTF-8'?>

<!--
(c) 2010-2021 Financial Accounting Foundation; (c) 2007-2010 XBRL US, Inc.  All Rights Reserved.
Notice: Authorized Uses are Set Forth at https://xbrl.fasb.org/terms/TaxonomiesTermsConditions.html
  -->
<link:linkbase xmlns:link='http://www.xbrl.org/2003/linkbase' xmlns:xbrldt='http://xbrl.org/2005/xbrldt' xmlns:xlink='http://www.w3.org/1999/xlink' xmlns:xsi='http://www.w3.org/2001/XMLSchema-instance' xsi:schemaLocation='http://www.xbrl.org/2003/linkbase http://www.xbrl.org/2003/xbrl-linkbase-2003-12-31.xsd'>
  <link:roleRef roleURI='http://fasb.org/us-gaap/role/disclosure/RealEstate' xlink:href='../elts/us-roles-2021-01-31.xsd#re' xlink:type='simple' />
  <link:presentationLink xlink:role='http://fasb.org/us-gaap/role/disclosure/RealEstate' xlink:type='extended'>
    <link:loc xlink:href='../elts/us-gaap-2021-01-31.xsd#us-gaap_BelowMarketLeaseRollForward' xlink:label='loc_BelowMarketLeaseRollForward' xlink:type='locator' />
    <link:loc xlink:href='../elts/us-gaap-2021-01-31.xsd#us-gaap_BelowMarketLeaseNet' xlink:label='loc_BelowMarketLeaseNet' xlink:type='locator' />
    <link:loc xlink:href='../elts/us-gaap-2021-01-31.xsd#us-gaap_BelowMarketLeaseAcquired' xlink:label='loc_BelowMarketLeaseAcquired' xlink:type='locator' />
    <link:loc xlink:href='../elts/us-gaap-2021-01-31.xsd#us-gaap_AmortizationOfBelowMarketLease' xlink:label='loc_AmortizationOfBelowMarketLease' xlink:type='locator' />
    <link:loc xlink:href='../elts/us-gaap-2021-01-31.xsd#us-gaap_BelowMarketLeasePeriodIncreaseDecrease' xlink:label='loc_BelowMarketLeasePeriodIncreaseDecrease' xlink:type='locator' />
    <link:loc xlink:href='../elts/us-gaap-2021-01-31.xsd#us-gaap_BelowMarketLeaseNet' xlink:label='loc_BelowMarketLeaseNet_1' xlink:type='locator' />
    <link:loc xlink:href='../elts/us-gaap-2021-01-31.xsd#us-gaap_BelowMarketLeaseAbstract' xlink:label='loc_BelowMarketLeaseAbstract' xlink:type='locator' />
    <link:loc xlink:href='../elts/us-gaap-2021-01-31.xsd#us-gaap_BelowMarketLeaseNetAbstract' xlink:label='loc_BelowMarketLeaseNetAbstract' xlink:type='locator' />
    <link:loc xlink:href='../elts/us-gaap-2021-01-31.xsd#us-gaap_BelowMarketLeaseAmortizationIncomeMaturityScheduleAbstract' xlink:label='loc_BelowMarketLeaseAmortizationIncomeMaturityScheduleAbstract' xlink:type='locator' />
    <link:loc xlink:href='../elts/us-gaap-2021-01-31.xsd#us-gaap_BelowMarketLeaseFutureAmortizationIncomeTableTextBlock' xlink:label='loc_BelowMarketLeaseFutureAmortizationIncomeTableTextBlock' xlink:type='locator' />
    <link:loc xlink:href='../elts/us-gaap-2021-01-31.xsd#us-gaap_BelowMarketLeaseNetAmortizationIncomeFiscalYearMaturityAbstract' xlink:label='loc_BelowMarketLeaseNetAmortizationIncomeFiscalYearMaturityAbstract' xlink:type='locator' />
    <link:loc xlink:href='../elts/us-gaap-2021-01-31.xsd#us-gaap_BelowMarketLeaseAmortizationIncomeRemainderOfFiscalYear' xlink:label='loc_BelowMarketLeaseAmortizationIncomeRemainderOfFiscalYear' xlink:type='locator' />
    <link:loc xlink:href='../elts/us-gaap-2021-01-31.xsd#us-gaap_BelowMarketLeaseNetAmortizationIncomeRollingMaturityAbstract' xlink:label='loc_BelowMarketLeaseNetAmortizationIncomeRollingMaturityAbstract' xlink:type='locator' />
    <link:loc xlink:href='../elts/us-gaap-2021-01-31.xsd#us-gaap_BelowMarketLeaseGross' xlink:label='loc_BelowMarketLeaseGross' xlink:type='locator' />
    <link:loc xlink:href='../elts/us-gaap-2021-01-31.xsd#us-gaap_BelowMarketLeaseAccumulatedAmortization' xlink:label='loc_BelowMarketLeaseAccumulatedAmortization' xlink:type='locator' />
    <link:loc xlink:href='../elts/us-gaap-2021-01-31.xsd#us-gaap_BelowMarketLeaseAmortizationIncomeNextTwelveMonths' xlink:label='loc_BelowMarketLeaseAmortizationIncomeNextTwelveMonths' xlink:type='locator' />
    <link:loc xlink:href='../elts/us-gaap-2021-01-31.xsd#us-gaap_BelowMarketLeaseAmortizationIncomeYearTwo' xlink:label='loc_BelowMarketLeaseAmortizationIncomeYearTwo' xlink:type='locator' />
    <link:loc xlink:href='../elts/us-gaap-2021-01-31.xsd#us-gaap_BelowMarketLeaseAmortizationIncomeYearThree' xlink:label='loc_BelowMarketLeaseAmortizationIncomeYearThree' xlink:type='locator' />
    <link:loc xlink:href='../elts/us-gaap-2021-01-31.xsd#us-gaap_BelowMarketLeaseAmortizationIncomeYearFour' xlink:label='loc_BelowMarketLeaseAmortizationIncomeYearFour' xlink:type='locator' />
    <link:loc xlink:href='../elts/us-gaap-2021-01-31.xsd#us-gaap_BelowMarketLeaseAmortizationIncomeYearFive' xlink:label='loc_BelowMarketLeaseAmortizationIncomeYearFive' xlink:type='locator' />
    <link:loc xlink:href='../elts/us-gaap-2021-01-31.xsd#us-gaap_BelowMarketLeaseAmortizationIncomeAfterYearFive' xlink:label='loc_BelowMarketLeaseAmortizationIncomeAfterYearFive' xlink:type='locator' />
    <link:loc xlink:href='../elts/us-gaap-2021-01-31.xsd#us-gaap_BelowMarketLeaseAmortizationIncomeNextRollingTwelveMonths' xlink:label='loc_BelowMarketLeaseAmortizationIncomeNextRollingTwelveMonths' xlink:type='locator' />
    <link:loc xlink:href='../elts/us-gaap-2021-01-31.xsd#us-gaap_BelowMarketLeaseAmortizationIncomeRollingYearTwo' xlink:label='loc_BelowMarketLeaseAmortizationIncomeRollingYearTwo' xlink:type='locator' />
    <link:loc xlink:href='../elts/us-gaap-2021-01-31.xsd#us-gaap_BelowMarketLeaseAmortizationIncomeRollingYearThree' xlink:label='loc_BelowMarketLeaseAmortizationIncomeRollingYearThree' xlink:type='locator' />
    <link:loc xlink:href='../elts/us-gaap-2021-01-31.xsd#us-gaap_BelowMarketLeaseAmortizationIncomeRollingYearFour' xlink:label='loc_BelowMarketLeaseAmortizationIncomeRollingYearFour' xlink:type='locator' />
    <link:loc xlink:href='../elts/us-gaap-2021-01-31.xsd#us-gaap_BelowMarketLeaseAmortizationIncomeRollingYearFive' xlink:label='loc_BelowMarketLeaseAmortizationIncomeRollingYearFive' xlink:type='locator' />
    <link:loc xlink:href='../elts/us-gaap-2021-01-31.xsd#us-gaap_BelowMarketLeaseAmortizationIncomeRollingAfterYearFive' xlink:label='loc_BelowMarketLeaseAmortizationIncomeRollingAfterYearFive' xlink:type='locator' />
    <link:loc xlink:href='../elts/us-gaap-2021-01-31.xsd#us-gaap_InventoryOperativeBuildersAbstract' xlink:label='loc_InventoryOperativeBuildersAbstract' xlink:type='locator' />
    <link:loc xlink:href='../elts/us-gaap-2021-01-31.xsd#us-gaap_InventoryHomesUnderConstruction' xlink:label='loc_InventoryHomesUnderConstruction' xlink:type='locator' />
    <link:loc xlink:href='../elts/us-gaap-2021-01-31.xsd#us-gaap_InventoryFinishedHomes' xlink:label='loc_InventoryFinishedHomes' xlink:type='locator' />
    <link:loc xlink:href='../elts/us-gaap-2021-01-31.xsd#us-gaap_InventoryRealEstateLandAndLandDevelopmentCosts' xlink:label='loc_InventoryRealEstateLandAndLandDevelopmentCosts' xlink:type='locator' />
    <link:loc xlink:href='../elts/us-gaap-2021-01-31.xsd#us-gaap_InventoryLandHeldForDevelopmentAndSale' xlink:label='loc_InventoryLandHeldForDevelopmentAndSale' xlink:type='locator' />
    <link:loc xlink:href='../elts/us-gaap-2021-01-31.xsd#us-gaap_InventoryBuildingsAndImprovements' xlink:label='loc_InventoryBuildingsAndImprovements' xlink:type='locator' />
    <link:loc xlink:href='../elts/us-gaap-2021-01-31.xsd#us-gaap_RealEstateInventoryCapitalizedInterestCosts' xlink:label='loc_RealEstateInventoryCapitalizedInterestCosts' xlink:type='locator' />
    <link:loc xlink:href='../elts/us-gaap-2021-01-31.xsd#us-gaap_LandUnderPurchaseOptionsRecorded' xlink:label='loc_LandUnderPurchaseOptionsRecorded' xlink:type='locator' />
    <link:loc xlink:href='../elts/us-gaap-2021-01-31.xsd#us-gaap_RealEstateInventoryConstructionMaterials' xlink:label='loc_RealEstateInventoryConstructionMaterials' xlink:type='locator' />
    <link:loc xlink:href='../elts/us-gaap-2021-01-31.xsd#us-gaap_InventoryLandHeldForSale' xlink:label='loc_InventoryLandHeldForSale' xlink:type='locator' />
    <link:loc xlink:href='../elts/us-gaap-2021-01-31.xsd#us-gaap_InventoryOperativeBuildersOther' xlink:label='loc_InventoryOperativeBuildersOther' xlink:type='locator' />
    <link:loc xlink:href='../elts/us-gaap-2021-01-31.xsd#us-gaap_InventoryOperativeBuilders' xlink:label='loc_InventoryOperativeBuilders' xlink:type='locator' />
    <link:loc xlink:href='../elts/us-gaap-2021-01-31.xsd#us-gaap_InventoryOperativeBuildersDisclosuresAbstract' xlink:label='loc_InventoryOperativeBuildersDisclosuresAbstract' xlink:type='locator' />
    <link:loc xlink:href='../elts/us-gaap-2021-01-31.xsd#us-gaap_LandPurchaseOptionsDescription' xlink:label='loc_LandPurchaseOptionsDescription' xlink:type='locator' />
    <link:loc xlink:href='../elts/us-gaap-2021-01-31.xsd#us-gaap_LandUnderPurchaseOptionsNotRecorded' xlink:label='loc_LandUnderPurchaseOptionsNotRecorded' xlink:type='locator' />
    <link:loc xlink:href='../elts/us-gaap-2021-01-31.xsd#us-gaap_PurchaseOptionsLand' xlink:label='loc_PurchaseOptionsLand' xlink:type='locator' />
    <link:loc xlink:href='../elts/us-gaap-2021-01-31.xsd#us-gaap_LandAndLandImprovementsAbstract' xlink:label='loc_LandAndLandImprovementsAbstract' xlink:type='locator' />
    <link:loc xlink:href='../elts/us-gaap-2021-01-31.xsd#us-gaap_Land' xlink:label='loc_Land' xlink:type='locator' />
    <link:loc xlink:href='../elts/us-gaap-2021-01-31.xsd#us-gaap_LandImprovements' xlink:label='loc_LandImprovements' xlink:type='locator' />
    <link:loc xlink:href='../elts/us-gaap-2021-01-31.xsd#us-gaap_LandAndLandImprovements' xlink:label='loc_LandAndLandImprovements' xlink:type='locator' />
    <link:loc xlink:href='../elts/us-gaap-2021-01-31.xsd#us-gaap_OperativeBuildersAbstract' xlink:label='loc_OperativeBuildersAbstract' xlink:type='locator' />
    <link:loc xlink:href='../elts/us-gaap-2021-01-31.xsd#us-gaap_RealEstateCompaniesDisclosuresAbstract' xlink:label='loc_RealEstateCompaniesDisclosuresAbstract' xlink:type='locator' />
    <link:loc xlink:href='../elts/us-gaap-2021-01-31.xsd#us-gaap_AreaOfLand' xlink:label='loc_AreaOfLand' xlink:type='locator' />
    <link:loc xlink:href='../elts/us-gaap-2021-01-31.xsd#us-gaap_NetRentableArea' xlink:label='loc_NetRentableArea' xlink:type='locator' />
    <link:loc xlink:href='../elts/us-gaap-2021-01-31.xsd#us-gaap_StraightLineRentAdjustments' xlink:label='loc_StraightLineRentAdjustments' xlink:type='locator' />
    <link:loc xlink:href='../elts/us-gaap-2021-01-31.xsd#us-gaap_RealEstateInvestmentsAbstract' xlink:label='loc_RealEstateInvestmentsAbstract' xlink:type='locator' />
    <link:loc xlink:href='../elts/us-gaap-2021-01-31.xsd#us-gaap_RealEstateInventoryCapitalizedInterestCostsRollForward' xlink:label='loc_RealEstateInventoryCapitalizedInterestCostsRollForward' xlink:type='locator' />
    <link:loc xlink:href='../elts/us-gaap-2021-01-31.xsd#us-gaap_RealEstateInventoryCapitalizedInterestCostsIncurred' xlink:label='loc_RealEstateInventoryCapitalizedInterestCostsIncurred' xlink:type='locator' />
    <link:loc xlink:href='../elts/us-gaap-2021-01-31.xsd#us-gaap_RealEstateInventoryCapitalizedInterestCostsCostOfSales1' xlink:label='loc_RealEstateInventoryCapitalizedInterestCostsCostOfSales1' xlink:type='locator' />
    <link:loc xlink:href='../elts/us-gaap-2021-01-31.xsd#us-gaap_RealEstateInventoryCapitalizedInterestCostsPeriodIncreaseDecrease' xlink:label='loc_RealEstateInventoryCapitalizedInterestCostsPeriodIncreaseDecrease' xlink:type='locator' />
    <link:loc xlink:href='../elts/us-gaap-2021-01-31.xsd#us-gaap_RealEstateInventoryCapitalizedInterestCosts' xlink:label='loc_RealEstateInventoryCapitalizedInterestCosts_1' xlink:type='locator' />
    <link:loc xlink:href='../elts/us-gaap-2021-01-31.xsd#us-gaap_RealEstateInvestmentPropertyNetAbstract' xlink:label='loc_RealEstateInvestmentPropertyNetAbstract' xlink:type='locator' />
    <link:loc xlink:href='../elts/us-gaap-2021-01-31.xsd#us-gaap_RealEstateInvestmentPropertyAtCostAbstract' xlink:label='loc_RealEstateInvestmentPropertyAtCostAbstract' xlink:type='locator' />
    <link:loc xlink:href='../elts/us-gaap-2021-01-31.xsd#us-gaap_RealEstateInvestmentPropertyAccumulatedDepreciation' xlink:label='loc_RealEstateInvestmentPropertyAccumulatedDepreciation' xlink:type='locator' />
    <link:loc xlink:href='../elts/us-gaap-2021-01-31.xsd#us-gaap_RealEstateInvestmentPropertyNet' xlink:label='loc_RealEstateInvestmentPropertyNet' xlink:type='locator' />
    <link:loc xlink:href='../elts/us-gaap-2021-01-31.xsd#us-gaap_LandAvailableForSale' xlink:label='loc_LandAvailableForSale' xlink:type='locator' />
    <link:loc xlink:href='../elts/us-gaap-2021-01-31.xsd#us-gaap_LandAvailableForDevelopment' xlink:label='loc_LandAvailableForDevelopment' xlink:type='locator' />
    <link:loc xlink:href='../elts/us-gaap-2021-01-31.xsd#us-gaap_InvestmentBuildingAndBuildingImprovements' xlink:label='loc_InvestmentBuildingAndBuildingImprovements' xlink:type='locator' />
    <link:loc xlink:href='../elts/us-gaap-2021-01-31.xsd#us-gaap_DevelopmentInProcess' xlink:label='loc_DevelopmentInProcess' xlink:type='locator' />
    <link:loc xlink:href='../elts/us-gaap-2021-01-31.xsd#us-gaap_RealEstateAcquiredThroughForeclosure' xlink:label='loc_RealEstateAcquiredThroughForeclosure' xlink:type='locator' />
    <link:loc xlink:href='../elts/us-gaap-2021-01-31.xsd#us-gaap_RentalProperties' xlink:label='loc_RentalProperties' xlink:type='locator' />
    <link:loc xlink:href='../elts/us-gaap-2021-01-31.xsd#us-gaap_RealEstateHeldforsale' xlink:label='loc_RealEstateHeldforsale' xlink:type='locator' />
    <link:loc xlink:href='../elts/us-gaap-2021-01-31.xsd#us-gaap_TenantImprovements' xlink:label='loc_TenantImprovements' xlink:type='locator' />
    <link:loc xlink:href='../elts/us-gaap-2021-01-31.xsd#us-gaap_FixturesAndEquipmentGross' xlink:label='loc_FixturesAndEquipmentGross' xlink:type='locator' />
    <link:loc xlink:href='../elts/us-gaap-2021-01-31.xsd#us-gaap_RealEstateInvestmentsOther' xlink:label='loc_RealEstateInvestmentsOther' xlink:type='locator' />
    <link:loc xlink:href='../elts/us-gaap-2021-01-31.xsd#us-gaap_RealEstateInvestmentPropertyAtCost' xlink:label='loc_RealEstateInvestmentPropertyAtCost' xlink:type='locator' />
    <link:loc xlink:href='../elts/us-gaap-2021-01-31.xsd#us-gaap_RealEstateInvestmentTrustOperatingSupportAbstract' xlink:label='loc_RealEstateInvestmentTrustOperatingSupportAbstract' xlink:type='locator' />
    <link:loc xlink:href='../elts/us-gaap-2021-01-31.xsd#us-gaap_OperatingSupportFromAdviserDescription' xlink:label='loc_OperatingSupportFromAdviserDescription' xlink:type='locator' />
    <link:loc xlink:href='../elts/us-gaap-2021-01-31.xsd#us-gaap_OperatingSupportFromAdviserAmount' xlink:label='loc_OperatingSupportFromAdviserAmount' xlink:type='locator' />
    <link:loc xlink:href='../elts/us-gaap-2021-01-31.xsd#us-gaap_RealEstateInvestmentsJointVentures' xlink:label='loc_RealEstateInvestmentsJointVentures' xlink:type='locator' />
    <link:loc xlink:href='../elts/us-gaap-2021-01-31.xsd#us-gaap_RealEstateInvestmentsUnconsolidatedRealEstateAndOtherJointVentures' xlink:label='loc_RealEstateInvestmentsUnconsolidatedRealEstateAndOtherJointVentures' xlink:type='locator' />
    <link:loc xlink:href='../elts/us-gaap-2021-01-31.xsd#us-gaap_RealEstateInvestments' xlink:label='loc_RealEstateInvestments' xlink:type='locator' />
    <link:loc xlink:href='../elts/us-gaap-2021-01-31.xsd#us-gaap_RealEstateAbstract' xlink:label='loc_RealEstateAbstract' xlink:type='locator' />
    <link:loc xlink:href='../elts/us-gaap-2021-01-31.xsd#us-gaap_RealEstateDisclosureTextBlock' xlink:label='loc_RealEstateDisclosureTextBlock' xlink:type='locator' />
    <link:loc xlink:href='../elts/us-gaap-2021-01-31.xsd#us-gaap_RealEstateTable' xlink:label='loc_RealEstateTable' xlink:type='locator' />
    <link:loc xlink:href='../elts/us-gaap-2021-01-31.xsd#us-gaap_RealEstateLineItems' xlink:label='loc_RealEstateLineItems' xlink:type='locator' />
    <link:loc xlink:href='../elts/us-gaap-2021-01-31.xsd#us-gaap_NumberOfPropertiesSubjectToGroundLeases' xlink:label='loc_NumberOfPropertiesSubjectToGroundLeases' xlink:type='locator' />
    <link:loc xlink:href='../elts/us-gaap-2021-01-31.xsd#us-gaap_LandSubjectToGroundLeases' xlink:label='loc_LandSubjectToGroundLeases' xlink:type='locator' />
    <link:loc xlink:href='../elts/us-gaap-2021-01-31.xsd#us-gaap_RetailLandSalesDescriptionTextBlock' xlink:label='loc_RetailLandSalesDescriptionTextBlock' xlink:type='locator' />
    <link:loc xlink:href='../elts/us-gaap-2021-01-31.xsd#us-gaap_RetailLandSalesMaturityOfAccountsReceivableAbstract' xlink:label='loc_RetailLandSalesMaturityOfAccountsReceivableAbstract' xlink:type='locator' />
    <link:loc xlink:href='../elts/us-gaap-2021-01-31.xsd#us-gaap_RetailLandSalesDelinquentAccountsReceivable' xlink:label='loc_RetailLandSalesDelinquentAccountsReceivable' xlink:type='locator' />
    <link:loc xlink:href='../elts/us-gaap-2021-01-31.xsd#us-gaap_RetailLandSalesReceivablesMethodForDeterminingDelinquencies' xlink:label='loc_RetailLandSalesReceivablesMethodForDeterminingDelinquencies' xlink:type='locator' />
    <link:loc xlink:href='../elts/us-gaap-2021-01-31.xsd#us-gaap_RetailLandSalesLiabilityForImprovements' xlink:label='loc_RetailLandSalesLiabilityForImprovements' xlink:type='locator' />
    <link:loc xlink:href='../elts/us-gaap-2021-01-31.xsd#us-gaap_RetailLandSalesReceivablesStatedInterestRate' xlink:label='loc_RetailLandSalesReceivablesStatedInterestRate' xlink:type='locator' />
    <link:loc xlink:href='../elts/us-gaap-2021-01-31.xsd#us-gaap_RetailLandSalesEstimatedCostOfMajorImprovementsDisclosuresAbstract' xlink:label='loc_RetailLandSalesEstimatedCostOfMajorImprovementsDisclosuresAbstract' xlink:type='locator' />
    <link:loc xlink:href='../elts/us-gaap-2021-01-31.xsd#us-gaap_TimeSharingTransactionsAbstract' xlink:label='loc_TimeSharingTransactionsAbstract' xlink:type='locator' />
    <link:loc xlink:href='https://xbrl.fasb.org/srt/2021/elts/srt-2021-01-31.xsd#srt_RangeAxis' xlink:label='loc_RangeAxis' xlink:type='locator' />
    <link:loc xlink:href='../elts/us-gaap-2021-01-31.xsd#us-gaap_RetailLandSalesEstimatedCostOfMajorImprovementsAbstract' xlink:label='loc_RetailLandSalesEstimatedCostOfMajorImprovementsAbstract' xlink:type='locator' />
    <link:loc xlink:href='../elts/us-gaap-2021-01-31.xsd#us-gaap_RetailLandSalesEstimatedCostOfMajorImprovementsFirstYear' xlink:label='loc_RetailLandSalesEstimatedCostOfMajorImprovementsFirstYear' xlink:type='locator' />
    <link:loc xlink:href='../elts/us-gaap-2021-01-31.xsd#us-gaap_RetailLandSalesEstimatedCostOfMajorImprovementsSecondYear' xlink:label='loc_RetailLandSalesEstimatedCostOfMajorImprovementsSecondYear' xlink:type='locator' />
    <link:loc xlink:href='../elts/us-gaap-2021-01-31.xsd#us-gaap_RetailLandSalesEstimatedCostOfMajorImprovementsThirdYear' xlink:label='loc_RetailLandSalesEstimatedCostOfMajorImprovementsThirdYear' xlink:type='locator' />
    <link:loc xlink:href='../elts/us-gaap-2021-01-31.xsd#us-gaap_RetailLandSalesEstimatedCostOfMajorImprovementsFourthYear' xlink:label='loc_RetailLandSalesEstimatedCostOfMajorImprovementsFourthYear' xlink:type='locator' />
    <link:loc xlink:href='../elts/us-gaap-2021-01-31.xsd#us-gaap_RetailLandSalesEstimatedCostOfMajorImprovementsFifthYear' xlink:label='loc_RetailLandSalesEstimatedCostOfMajorImprovementsFifthYear' xlink:type='locator' />
    <link:loc xlink:href='../elts/us-gaap-2021-01-31.xsd#us-gaap_RetailLandSalesEstimatedCostOfMajorImprovements' xlink:label='loc_RetailLandSalesEstimatedCostOfMajorImprovements' xlink:type='locator' />
    <link:loc xlink:href='../elts/us-gaap-2021-01-31.xsd#us-gaap_RetailLandSalesMaturityOfAccountsReceivableYearOne' xlink:label='loc_RetailLandSalesMaturityOfAccountsReceivableYearOne' xlink:type='locator' />
    <link:loc xlink:href='../elts/us-gaap-2021-01-31.xsd#us-gaap_RetailLandSalesMaturityOfAccountsReceivableYearTwo' xlink:label='loc_RetailLandSalesMaturityOfAccountsReceivableYearTwo' xlink:type='locator' />
    <link:loc xlink:href='../elts/us-gaap-2021-01-31.xsd#us-gaap_RetailLandSalesMaturityOfAccountsReceivableYearThree' xlink:label='loc_RetailLandSalesMaturityOfAccountsReceivableYearThree' xlink:type='locator' />
    <link:loc xlink:href='../elts/us-gaap-2021-01-31.xsd#us-gaap_RetailLandSalesMaturityOfAccountsReceivableYearFour' xlink:label='loc_RetailLandSalesMaturityOfAccountsReceivableYearFour' xlink:type='locator' />
    <link:loc xlink:href='../elts/us-gaap-2021-01-31.xsd#us-gaap_RetailLandSalesMaturityOfAccountsReceivableYearFive' xlink:label='loc_RetailLandSalesMaturityOfAccountsReceivableYearFive' xlink:type='locator' />
    <link:loc xlink:href='https://xbrl.fasb.org/srt/2021/elts/srt-2021-01-31.xsd#srt_RangeMember' xlink:label='loc_RangeMember' xlink:type='locator' />
    <link:loc xlink:href='https://xbrl.fasb.org/srt/2021/elts/srt-2021-01-31.xsd#srt_MaximumMember' xlink:label='loc_MaximumMember' xlink:type='locator' />
    <link:loc xlink:href='https://xbrl.fasb.org/srt/2021/elts/srt-2021-01-31.xsd#srt_MinimumMember' xlink:label='loc_MinimumMember' xlink:type='locator' />
    <link:loc xlink:href='https://xbrl.fasb.org/srt/2021/elts/srt-2021-01-31.xsd#srt_WeightedAverageMember' xlink:label='loc_WeightedAverageMember' xlink:type='locator' />
    <link:loc xlink:href='../elts/us-gaap-2021-01-31.xsd#us-gaap_TimeSharingTransactionsAllowanceForUncollectiblesOnReceivablesSoldWithRecourseRollForward' xlink:label='loc_TimeSharingTransactionsAllowanceForUncollectiblesOnReceivablesSoldWithRecourseRollForward' xlink:type='locator' />
    <link:loc xlink:href='../elts/us-gaap-2021-01-31.xsd#us-gaap_TimeSharingTransactionsAllowanceForUncollectibleAccountsRollForward' xlink:label='loc_TimeSharingTransactionsAllowanceForUncollectibleAccountsRollForward' xlink:type='locator' />
    <link:loc xlink:href='../elts/us-gaap-2021-01-31.xsd#us-gaap_TimeSharingTransactionsMaturitiesOfNotesReceivableNetAbstract' xlink:label='loc_TimeSharingTransactionsMaturitiesOfNotesReceivableNetAbstract' xlink:type='locator' />
    <link:loc xlink:href='../elts/us-gaap-2021-01-31.xsd#us-gaap_TimeSharingTransactionsOtherDisclosuresAbstract' xlink:label='loc_TimeSharingTransactionsOtherDisclosuresAbstract' xlink:type='locator' />
    <link:loc xlink:href='../elts/us-gaap-2021-01-31.xsd#us-gaap_TimeSharingTransactionsAggregateMaturitiesOfNotesReceivableGrossAbstract' xlink:label='loc_TimeSharingTransactionsAggregateMaturitiesOfNotesReceivableGrossAbstract' xlink:type='locator' />
    <link:loc xlink:href='../elts/us-gaap-2021-01-31.xsd#us-gaap_TimeSharingTransactionsMaturitiesOfNotesReceivableYearOne' xlink:label='loc_TimeSharingTransactionsMaturitiesOfNotesReceivableYearOne' xlink:type='locator' />
    <link:loc xlink:href='../elts/us-gaap-2021-01-31.xsd#us-gaap_TimeSharingTransactionsMaturitiesOfNotesReceivableYearTwo' xlink:label='loc_TimeSharingTransactionsMaturitiesOfNotesReceivableYearTwo' xlink:type='locator' />
    <link:loc xlink:href='../elts/us-gaap-2021-01-31.xsd#us-gaap_TimeSharingTransactionsMaturitiesOfNotesReceivableYearThree' xlink:label='loc_TimeSharingTransactionsMaturitiesOfNotesReceivableYearThree' xlink:type='locator' />
    <link:loc xlink:href='../elts/us-gaap-2021-01-31.xsd#us-gaap_TimeSharingTransactionsMaturitiesOfNotesReceivableYearFour' xlink:label='loc_TimeSharingTransactionsMaturitiesOfNotesReceivableYearFour' xlink:type='locator' />
    <link:loc xlink:href='../elts/us-gaap-2021-01-31.xsd#us-gaap_TimeSharingTransactionsMaturitiesOfNotesReceivableYearFive' xlink:label='loc_TimeSharingTransactionsMaturitiesOfNotesReceivableYearFive' xlink:type='locator' />
    <link:loc xlink:href='../elts/us-gaap-2021-01-31.xsd#us-gaap_TimeSharingTransactionsMaturitiesOfNotesReceivableFutureYears' xlink:label='loc_TimeSharingTransactionsMaturitiesOfNotesReceivableFutureYears' xlink:type='locator' />
    <link:loc xlink:href='../elts/us-gaap-2021-01-31.xsd#us-gaap_TimeSharingTransactionsAggregateMaturitiesOfNotesReceivableGross' xlink:label='loc_TimeSharingTransactionsAggregateMaturitiesOfNotesReceivableGross' xlink:type='locator' />
    <link:loc xlink:href='../elts/us-gaap-2021-01-31.xsd#us-gaap_TimeSharingTransactionsAllowanceForUncollectibleAccounts' xlink:label='loc_TimeSharingTransactionsAllowanceForUncollectibleAccounts' xlink:type='locator' />
    <link:loc xlink:href='../elts/us-gaap-2021-01-31.xsd#us-gaap_TimeSharingTransactionsAllowanceForUncollectibleAccountsAdditionsForCurrentPeriodSales' xlink:label='loc_TimeSharingTransactionsAllowanceForUncollectibleAccountsAdditionsForCurrentPeriodSales' xlink:type='locator' />
    <link:loc xlink:href='../elts/us-gaap-2021-01-31.xsd#us-gaap_TimeSharingTransactionsDirectWriteOffsChargedAgainstAllowance' xlink:label='loc_TimeSharingTransactionsDirectWriteOffsChargedAgainstAllowance' xlink:type='locator' />
    <link:loc xlink:href='../elts/us-gaap-2021-01-31.xsd#us-gaap_TimeSharingTransactionsChangesInEstimateAssociatedWithPriorPeriodSales' xlink:label='loc_TimeSharingTransactionsChangesInEstimateAssociatedWithPriorPeriodSales' xlink:type='locator' />
    <link:loc xlink:href='../elts/us-gaap-2021-01-31.xsd#us-gaap_TimeSharingTransactionsPeriodIncreaseDecrease' xlink:label='loc_TimeSharingTransactionsPeriodIncreaseDecrease' xlink:type='locator' />
    <link:loc xlink:href='../elts/us-gaap-2021-01-31.xsd#us-gaap_TimeSharingTransactionsAllowanceForUncollectibleAccounts' xlink:label='loc_TimeSharingTransactionsAllowanceForUncollectibleAccounts_1' xlink:type='locator' />
    <link:loc xlink:href='../elts/us-gaap-2021-01-31.xsd#us-gaap_TimeSharingTransactionsAllowanceForUncollectibleAccountsOnReceivablesSoldWithRecourse' xlink:label='loc_TimeSharingTransactionsAllowanceForUncollectibleAccountsOnReceivablesSoldWithRecourse' xlink:type='locator' />
    <link:loc xlink:href='../elts/us-gaap-2021-01-31.xsd#us-gaap_TimeSharingTransactionsAllowanceForUncollectiblesOnReceivablesSoldWithRecourseAdditionsForCurrentPeriodSales' xlink:label='loc_TimeSharingTransactionsAllowanceForUncollectiblesOnReceivablesSoldWithRecourseAdditionsForCurrentPeriodSales' xlink:type='locator' />
    <link:loc xlink:href='../elts/us-gaap-2021-01-31.xsd#us-gaap_TimeSharingTransactionsDirectWriteOffsChargedAgainstAllowanceOnReceivablesSoldWithRecourse' xlink:label='loc_TimeSharingTransactionsDirectWriteOffsChargedAgainstAllowanceOnReceivablesSoldWithRecourse' xlink:type='locator' />
    <link:loc xlink:href='../elts/us-gaap-2021-01-31.xsd#us-gaap_TimeSharingTransactionsChangesInEstimateAssociatedWithPriorPeriodSalesOnReceivablesSoldWithRecourse' xlink:label='loc_TimeSharingTransactionsChangesInEstimateAssociatedWithPriorPeriodSalesOnReceivablesSoldWithRecourse' xlink:type='locator' />
    <link:loc xlink:href='../elts/us-gaap-2021-01-31.xsd#us-gaap_TimeSharingTransactionsAllowanceForUncollectibleAccountsOnReceivablesSoldWithRecoursePeriodIncreaseDecrease' xlink:label='loc_TimeSharingTransactionsAllowanceForUncollectibleAccountsOnReceivablesSoldWithRecoursePeriodIncreaseDecrease' xlink:type='locator' />
    <link:loc xlink:href='../elts/us-gaap-2021-01-31.xsd#us-gaap_TimeSharingTransactionsAllowanceForUncollectibleAccountsOnReceivablesSoldWithRecourse' xlink:label='loc_TimeSharingTransactionsAllowanceForUncollectibleAccountsOnReceivablesSoldWithRecourse_1' xlink:type='locator' />
    <link:loc xlink:href='../elts/us-gaap-2021-01-31.xsd#us-gaap_TimeSharingTransactionsMaturitiesOfNotesReceivableNet' xlink:label='loc_TimeSharingTransactionsMaturitiesOfNotesReceivableNet' xlink:type='locator' />
    <link:loc xlink:href='../elts/us-gaap-2021-01-31.xsd#us-gaap_TimesharingTransactionsStatedInterestRateForNotesReceivable' xlink:label='loc_TimesharingTransactionsStatedInterestRateForNotesReceivable' xlink:type='locator' />
    <link:loc xlink:href='../elts/us-gaap-2021-01-31.xsd#us-gaap_TimeSharingTransactionsEstimatedCostToCompleteImprovementsAndPromisedAmenities' xlink:label='loc_TimeSharingTransactionsEstimatedCostToCompleteImprovementsAndPromisedAmenities' xlink:type='locator' />
    <link:loc xlink:href='../elts/us-gaap-2021-01-31.xsd#us-gaap_TimeSharingTransactionsEffectOfChangesInEstimateInRelativeSalesValueMethod' xlink:label='loc_TimeSharingTransactionsEffectOfChangesInEstimateInRelativeSalesValueMethod' xlink:type='locator' />
    <link:presentationArc order='10' preferredLabel='http://www.xbrl.org/2003/role/periodStartLabel' xlink:arcrole='http://www.xbrl.org/2003/arcrole/parent-child' xlink:from='loc_BelowMarketLeaseRollForward' xlink:to='loc_BelowMarketLeaseNet' xlink:type='arc' />
    <link:presentationArc order='20' xlink:arcrole='http://www.xbrl.org/2003/arcrole/parent-child' xlink:from='loc_BelowMarketLeaseRollForward' xlink:to='loc_BelowMarketLeaseAcquired' xlink:type='arc' />
    <link:presentationArc order='30' xlink:arcrole='http://www.xbrl.org/2003/arcrole/parent-child' xlink:from='loc_BelowMarketLeaseRollForward' xlink:to='loc_AmortizationOfBelowMarketLease' xlink:type='arc' />
    <link:presentationArc order='40' preferredLabel='http://www.xbrl.org/2003/role/totalLabel' xlink:arcrole='http://www.xbrl.org/2003/arcrole/parent-child' xlink:from='loc_BelowMarketLeaseRollForward' xlink:to='loc_BelowMarketLeasePeriodIncreaseDecrease' xlink:type='arc' />
    <link:presentationArc order='50' preferredLabel='http://www.xbrl.org/2003/role/periodEndLabel' xlink:arcrole='http://www.xbrl.org/2003/arcrole/parent-child' xlink:from='loc_BelowMarketLeaseRollForward' xlink:to='loc_BelowMarketLeaseNet_1' xlink:type='arc' />
    <link:presentationArc order='10' xlink:arcrole='http://www.xbrl.org/2003/arcrole/parent-child' xlink:from='loc_BelowMarketLeaseAbstract' xlink:to='loc_BelowMarketLeaseRollForward' xlink:type='arc' />
    <link:presentationArc order='20' xlink:arcrole='http://www.xbrl.org/2003/arcrole/parent-child' xlink:from='loc_BelowMarketLeaseAbstract' xlink:to='loc_BelowMarketLeaseNetAbstract' xlink:type='arc' />
    <link:presentationArc order='30' xlink:arcrole='http://www.xbrl.org/2003/arcrole/parent-child' xlink:from='loc_BelowMarketLeaseAbstract' xlink:to='loc_BelowMarketLeaseAmortizationIncomeMaturityScheduleAbstract' xlink:type='arc' />
    <link:presentationArc order='10' xlink:arcrole='http://www.xbrl.org/2003/arcrole/parent-child' xlink:from='loc_BelowMarketLeaseAmortizationIncomeMaturityScheduleAbstract' xlink:to='loc_BelowMarketLeaseFutureAmortizationIncomeTableTextBlock' xlink:type='arc' />
    <link:presentationArc order='20' xlink:arcrole='http://www.xbrl.org/2003/arcrole/parent-child' xlink:from='loc_BelowMarketLeaseAmortizationIncomeMaturityScheduleAbstract' xlink:to='loc_BelowMarketLeaseNetAmortizationIncomeFiscalYearMaturityAbstract' xlink:type='arc' />
    <link:presentationArc order='30' xlink:arcrole='http://www.xbrl.org/2003/arcrole/parent-child' xlink:from='loc_BelowMarketLeaseAmortizationIncomeMaturityScheduleAbstract' xlink:to='loc_BelowMarketLeaseAmortizationIncomeRemainderOfFiscalYear' xlink:type='arc' />
    <link:presentationArc order='40' xlink:arcrole='http://www.xbrl.org/2003/arcrole/parent-child' xlink:from='loc_BelowMarketLeaseAmortizationIncomeMaturityScheduleAbstract' xlink:to='loc_BelowMarketLeaseNetAmortizationIncomeRollingMaturityAbstract' xlink:type='arc' />
    <link:presentationArc order='10' xlink:arcrole='http://www.xbrl.org/2003/arcrole/parent-child' xlink:from='loc_BelowMarketLeaseNetAbstract' xlink:to='loc_BelowMarketLeaseGross' xlink:type='arc' />
    <link:presentationArc order='20' xlink:arcrole='http://www.xbrl.org/2003/arcrole/parent-child' xlink:from='loc_BelowMarketLeaseNetAbstract' xlink:to='loc_BelowMarketLeaseAccumulatedAmortization' xlink:type='arc' />
    <link:presentationArc order='30' preferredLabel='http://www.xbrl.org/2003/role/totalLabel' xlink:arcrole='http://www.xbrl.org/2003/arcrole/parent-child' xlink:from='loc_BelowMarketLeaseNetAbstract' xlink:to='loc_BelowMarketLeaseNet' xlink:type='arc' />
    <link:presentationArc order='10' xlink:arcrole='http://www.xbrl.org/2003/arcrole/parent-child' xlink:from='loc_BelowMarketLeaseNetAmortizationIncomeFiscalYearMaturityAbstract' xlink:to='loc_BelowMarketLeaseAmortizationIncomeNextTwelveMonths' xlink:type='arc' />
    <link:presentationArc order='20' xlink:arcrole='http://www.xbrl.org/2003/arcrole/parent-child' xlink:from='loc_BelowMarketLeaseNetAmortizationIncomeFiscalYearMaturityAbstract' xlink:to='loc_BelowMarketLeaseAmortizationIncomeYearTwo' xlink:type='arc' />
    <link:presentationArc order='30' xlink:arcrole='http://www.xbrl.org/2003/arcrole/parent-child' xlink:from='loc_BelowMarketLeaseNetAmortizationIncomeFiscalYearMaturityAbstract' xlink:to='loc_BelowMarketLeaseAmortizationIncomeYearThree' xlink:type='arc' />
    <link:presentationArc order='40' xlink:arcrole='http://www.xbrl.org/2003/arcrole/parent-child' xlink:from='loc_BelowMarketLeaseNetAmortizationIncomeFiscalYearMaturityAbstract' xlink:to='loc_BelowMarketLeaseAmortizationIncomeYearFour' xlink:type='arc' />
    <link:presentationArc order='50' xlink:arcrole='http://www.xbrl.org/2003/arcrole/parent-child' xlink:from='loc_BelowMarketLeaseNetAmortizationIncomeFiscalYearMaturityAbstract' xlink:to='loc_BelowMarketLeaseAmortizationIncomeYearFive' xlink:type='arc' />
    <link:presentationArc order='60' xlink:arcrole='http://www.xbrl.org/2003/arcrole/parent-child' xlink:from='loc_BelowMarketLeaseNetAmortizationIncomeFiscalYearMaturityAbstract' xlink:to='loc_BelowMarketLeaseAmortizationIncomeAfterYearFive' xlink:type='arc' />
    <link:presentationArc order='70' preferredLabel='http://www.xbrl.org/2003/role/totalLabel' xlink:arcrole='http://www.xbrl.org/2003/arcrole/parent-child' xlink:from='loc_BelowMarketLeaseNetAmortizationIncomeFiscalYearMaturityAbstract' xlink:to='loc_BelowMarketLeaseNet' xlink:type='arc' />
    <link:presentationArc order='10' xlink:arcrole='http://www.xbrl.org/2003/arcrole/parent-child' xlink:from='loc_BelowMarketLeaseNetAmortizationIncomeRollingMaturityAbstract' xlink:to='loc_BelowMarketLeaseAmortizationIncomeNextRollingTwelveMonths' xlink:type='arc' />
    <link:presentationArc order='20' xlink:arcrole='http://www.xbrl.org/2003/arcrole/parent-child' xlink:from='loc_BelowMarketLeaseNetAmortizationIncomeRollingMaturityAbstract' xlink:to='loc_BelowMarketLeaseAmortizationIncomeRollingYearTwo' xlink:type='arc' />
    <link:presentationArc order='30' xlink:arcrole='http://www.xbrl.org/2003/arcrole/parent-child' xlink:from='loc_BelowMarketLeaseNetAmortizationIncomeRollingMaturityAbstract' xlink:to='loc_BelowMarketLeaseAmortizationIncomeRollingYearThree' xlink:type='arc' />
    <link:presentationArc order='40' xlink:arcrole='http://www.xbrl.org/2003/arcrole/parent-child' xlink:from='loc_BelowMarketLeaseNetAmortizationIncomeRollingMaturityAbstract' xlink:to='loc_BelowMarketLeaseAmortizationIncomeRollingYearFour' xlink:type='arc' />
    <link:presentationArc order='50' xlink:arcrole='http://www.xbrl.org/2003/arcrole/parent-child' xlink:from='loc_BelowMarketLeaseNetAmortizationIncomeRollingMaturityAbstract' xlink:to='loc_BelowMarketLeaseAmortizationIncomeRollingYearFive' xlink:type='arc' />
    <link:presentationArc order='60' xlink:arcrole='http://www.xbrl.org/2003/arcrole/parent-child' xlink:from='loc_BelowMarketLeaseNetAmortizationIncomeRollingMaturityAbstract' xlink:to='loc_BelowMarketLeaseAmortizationIncomeRollingAfterYearFive' xlink:type='arc' />
    <link:presentationArc order='70' preferredLabel='http://www.xbrl.org/2003/role/totalLabel' xlink:arcrole='http://www.xbrl.org/2003/arcrole/parent-child' xlink:from='loc_BelowMarketLeaseNetAmortizationIncomeRollingMaturityAbstract' xlink:to='loc_BelowMarketLeaseNet' xlink:type='arc' />
    <link:presentationArc order='10' xlink:arcrole='http://www.xbrl.org/2003/arcrole/parent-child' xlink:from='loc_InventoryOperativeBuildersAbstract' xlink:to='loc_InventoryHomesUnderConstruction' xlink:type='arc' />
    <link:presentationArc order='20' xlink:arcrole='http://www.xbrl.org/2003/arcrole/parent-child' xlink:from='loc_InventoryOperativeBuildersAbstract' xlink:to='loc_InventoryFinishedHomes' xlink:type='arc' />
    <link:presentationArc order='30' xlink:arcrole='http://www.xbrl.org/2003/arcrole/parent-child' xlink:from='loc_InventoryOperativeBuildersAbstract' xlink:to='loc_InventoryRealEstateLandAndLandDevelopmentCosts' xlink:type='arc' />
    <link:presentationArc order='40' xlink:arcrole='http://www.xbrl.org/2003/arcrole/parent-child' xlink:from='loc_InventoryOperativeBuildersAbstract' xlink:to='loc_InventoryLandHeldForDevelopmentAndSale' xlink:type='arc' />
    <link:presentationArc order='50' xlink:arcrole='http://www.xbrl.org/2003/arcrole/parent-child' xlink:from='loc_InventoryOperativeBuildersAbstract' xlink:to='loc_InventoryBuildingsAndImprovements' xlink:type='arc' />
    <link:presentationArc order='60' xlink:arcrole='http://www.xbrl.org/2003/arcrole/parent-child' xlink:from='loc_InventoryOperativeBuildersAbstract' xlink:to='loc_RealEstateInventoryCapitalizedInterestCosts' xlink:type='arc' />
    <link:presentationArc order='70' xlink:arcrole='http://www.xbrl.org/2003/arcrole/parent-child' xlink:from='loc_InventoryOperativeBuildersAbstract' xlink:to='loc_LandUnderPurchaseOptionsRecorded' xlink:type='arc' />
    <link:presentationArc order='80' xlink:arcrole='http://www.xbrl.org/2003/arcrole/parent-child' xlink:from='loc_InventoryOperativeBuildersAbstract' xlink:to='loc_RealEstateInventoryConstructionMaterials' xlink:type='arc' />
    <link:presentationArc order='90' xlink:arcrole='http://www.xbrl.org/2003/arcrole/parent-child' xlink:from='loc_InventoryOperativeBuildersAbstract' xlink:to='loc_InventoryLandHeldForSale' xlink:type='arc' />
    <link:presentationArc order='100' xlink:arcrole='http://www.xbrl.org/2003/arcrole/parent-child' xlink:from='loc_InventoryOperativeBuildersAbstract' xlink:to='loc_InventoryOperativeBuildersOther' xlink:type='arc' />
    <link:presentationArc order='110' preferredLabel='http://www.xbrl.org/2003/role/totalLabel' xlink:arcrole='http://www.xbrl.org/2003/arcrole/parent-child' xlink:from='loc_InventoryOperativeBuildersAbstract' xlink:to='loc_InventoryOperativeBuilders' xlink:type='arc' />
    <link:presentationArc order='10' xlink:arcrole='http://www.xbrl.org/2003/arcrole/parent-child' xlink:from='loc_InventoryOperativeBuildersDisclosuresAbstract' xlink:to='loc_LandPurchaseOptionsDescription' xlink:type='arc' />
    <link:presentationArc order='20' xlink:arcrole='http://www.xbrl.org/2003/arcrole/parent-child' xlink:from='loc_InventoryOperativeBuildersDisclosuresAbstract' xlink:to='loc_LandUnderPurchaseOptionsNotRecorded' xlink:type='arc' />
    <link:presentationArc order='30' xlink:arcrole='http://www.xbrl.org/2003/arcrole/parent-child' xlink:from='loc_InventoryOperativeBuildersDisclosuresAbstract' xlink:to='loc_PurchaseOptionsLand' xlink:type='arc' />
    <link:presentationArc order='10' xlink:arcrole='http://www.xbrl.org/2003/arcrole/parent-child' xlink:from='loc_LandAndLandImprovementsAbstract' xlink:to='loc_Land' xlink:type='arc' />
    <link:presentationArc order='20' xlink:arcrole='http://www.xbrl.org/2003/arcrole/parent-child' xlink:from='loc_LandAndLandImprovementsAbstract' xlink:to='loc_LandImprovements' xlink:type='arc' />
    <link:presentationArc order='30' preferredLabel='http://www.xbrl.org/2003/role/totalLabel' xlink:arcrole='http://www.xbrl.org/2003/arcrole/parent-child' xlink:from='loc_LandAndLandImprovementsAbstract' xlink:to='loc_LandAndLandImprovements' xlink:type='arc' />
    <link:presentationArc order='10' xlink:arcrole='http://www.xbrl.org/2003/arcrole/parent-child' xlink:from='loc_OperativeBuildersAbstract' xlink:to='loc_InventoryOperativeBuildersAbstract' xlink:type='arc' />
    <link:presentationArc order='20' xlink:arcrole='http://www.xbrl.org/2003/arcrole/parent-child' xlink:from='loc_OperativeBuildersAbstract' xlink:to='loc_InventoryOperativeBuildersDisclosuresAbstract' xlink:type='arc' />
    <link:presentationArc order='10' xlink:arcrole='http://www.xbrl.org/2003/arcrole/parent-child' xlink:from='loc_RealEstateCompaniesDisclosuresAbstract' xlink:to='loc_AreaOfLand' xlink:type='arc' />
    <link:presentationArc order='20' xlink:arcrole='http://www.xbrl.org/2003/arcrole/parent-child' xlink:from='loc_RealEstateCompaniesDisclosuresAbstract' xlink:to='loc_NetRentableArea' xlink:type='arc' />
    <link:presentationArc order='30' xlink:arcrole='http://www.xbrl.org/2003/arcrole/parent-child' xlink:from='loc_RealEstateCompaniesDisclosuresAbstract' xlink:to='loc_StraightLineRentAdjustments' xlink:type='arc' />
    <link:presentationArc order='40' xlink:arcrole='http://www.xbrl.org/2003/arcrole/parent-child' xlink:from='loc_RealEstateCompaniesDisclosuresAbstract' xlink:to='loc_RealEstateInvestmentsAbstract' xlink:type='arc' />
    <link:presentationArc order='10' preferredLabel='http://www.xbrl.org/2003/role/periodStartLabel' xlink:arcrole='http://www.xbrl.org/2003/arcrole/parent-child' xlink:from='loc_RealEstateInventoryCapitalizedInterestCostsRollForward' xlink:to='loc_RealEstateInventoryCapitalizedInterestCosts' xlink:type='arc' />
    <link:presentationArc order='20' xlink:arcrole='http://www.xbrl.org/2003/arcrole/parent-child' xlink:from='loc_RealEstateInventoryCapitalizedInterestCostsRollForward' xlink:to='loc_RealEstateInventoryCapitalizedInterestCostsIncurred' xlink:type='arc' />
    <link:presentationArc order='30' xlink:arcrole='http://www.xbrl.org/2003/arcrole/parent-child' xlink:from='loc_RealEstateInventoryCapitalizedInterestCostsRollForward' xlink:to='loc_RealEstateInventoryCapitalizedInterestCostsCostOfSales1' xlink:type='arc' />
    <link:presentationArc order='40' preferredLabel='http://www.xbrl.org/2003/role/totalLabel' xlink:arcrole='http://www.xbrl.org/2003/arcrole/parent-child' xlink:from='loc_RealEstateInventoryCapitalizedInterestCostsRollForward' xlink:to='loc_RealEstateInventoryCapitalizedInterestCostsPeriodIncreaseDecrease' xlink:type='arc' />
    <link:presentationArc order='50' preferredLabel='http://www.xbrl.org/2003/role/periodEndLabel' xlink:arcrole='http://www.xbrl.org/2003/arcrole/parent-child' xlink:from='loc_RealEstateInventoryCapitalizedInterestCostsRollForward' xlink:to='loc_RealEstateInventoryCapitalizedInterestCosts_1' xlink:type='arc' />
    <link:presentationArc order='10' xlink:arcrole='http://www.xbrl.org/2003/arcrole/parent-child' xlink:from='loc_RealEstateInvestmentPropertyNetAbstract' xlink:to='loc_RealEstateInvestmentPropertyAtCostAbstract' xlink:type='arc' />
    <link:presentationArc order='20' xlink:arcrole='http://www.xbrl.org/2003/arcrole/parent-child' xlink:from='loc_RealEstateInvestmentPropertyNetAbstract' xlink:to='loc_RealEstateInvestmentPropertyAccumulatedDepreciation' xlink:type='arc' />
    <link:presentationArc order='30' preferredLabel='http://www.xbrl.org/2003/role/totalLabel' xlink:arcrole='http://www.xbrl.org/2003/arcrole/parent-child' xlink:from='loc_RealEstateInvestmentPropertyNetAbstract' xlink:to='loc_RealEstateInvestmentPropertyNet' xlink:type='arc' />
    <link:presentationArc order='10' xlink:arcrole='http://www.xbrl.org/2003/arcrole/parent-child' xlink:from='loc_RealEstateInvestmentPropertyAtCostAbstract' xlink:to='loc_LandAvailableForSale' xlink:type='arc' />
    <link:presentationArc order='20' xlink:arcrole='http://www.xbrl.org/2003/arcrole/parent-child' xlink:from='loc_RealEstateInvestmentPropertyAtCostAbstract' xlink:to='loc_LandAvailableForDevelopment' xlink:type='arc' />
    <link:presentationArc order='30' xlink:arcrole='http://www.xbrl.org/2003/arcrole/parent-child' xlink:from='loc_RealEstateInvestmentPropertyAtCostAbstract' xlink:to='loc_LandAndLandImprovementsAbstract' xlink:type='arc' />
    <link:presentationArc order='40' xlink:arcrole='http://www.xbrl.org/2003/arcrole/parent-child' xlink:from='loc_RealEstateInvestmentPropertyAtCostAbstract' xlink:to='loc_InvestmentBuildingAndBuildingImprovements' xlink:type='arc' />
    <link:presentationArc order='50' xlink:arcrole='http://www.xbrl.org/2003/arcrole/parent-child' xlink:from='loc_RealEstateInvestmentPropertyAtCostAbstract' xlink:to='loc_DevelopmentInProcess' xlink:type='arc' />
    <link:presentationArc order='60' xlink:arcrole='http://www.xbrl.org/2003/arcrole/parent-child' xlink:from='loc_RealEstateInvestmentPropertyAtCostAbstract' xlink:to='loc_RealEstateAcquiredThroughForeclosure' xlink:type='arc' />
    <link:presentationArc order='70' xlink:arcrole='http://www.xbrl.org/2003/arcrole/parent-child' xlink:from='loc_RealEstateInvestmentPropertyAtCostAbstract' xlink:to='loc_RentalProperties' xlink:type='arc' />
    <link:presentationArc order='80' xlink:arcrole='http://www.xbrl.org/2003/arcrole/parent-child' xlink:from='loc_RealEstateInvestmentPropertyAtCostAbstract' xlink:to='loc_RealEstateHeldforsale' xlink:type='arc' />
    <link:presentationArc order='90' xlink:arcrole='http://www.xbrl.org/2003/arcrole/parent-child' xlink:from='loc_RealEstateInvestmentPropertyAtCostAbstract' xlink:to='loc_TenantImprovements' xlink:type='arc' />
    <link:presentationArc order='100' xlink:arcrole='http://www.xbrl.org/2003/arcrole/parent-child' xlink:from='loc_RealEstateInvestmentPropertyAtCostAbstract' xlink:to='loc_FixturesAndEquipmentGross' xlink:type='arc' />
    <link:presentationArc order='110' xlink:arcrole='http://www.xbrl.org/2003/arcrole/parent-child' xlink:from='loc_RealEstateInvestmentPropertyAtCostAbstract' xlink:to='loc_RealEstateInvestmentsOther' xlink:type='arc' />
    <link:presentationArc order='120' preferredLabel='http://www.xbrl.org/2003/role/totalLabel' xlink:arcrole='http://www.xbrl.org/2003/arcrole/parent-child' xlink:from='loc_RealEstateInvestmentPropertyAtCostAbstract' xlink:to='loc_RealEstateInvestmentPropertyAtCost' xlink:type='arc' />
    <link:presentationArc order='10' xlink:arcrole='http://www.xbrl.org/2003/arcrole/parent-child' xlink:from='loc_RealEstateInvestmentTrustOperatingSupportAbstract' xlink:to='loc_OperatingSupportFromAdviserDescription' xlink:type='arc' />
    <link:presentationArc order='20' xlink:arcrole='http://www.xbrl.org/2003/arcrole/parent-child' xlink:from='loc_RealEstateInvestmentTrustOperatingSupportAbstract' xlink:to='loc_OperatingSupportFromAdviserAmount' xlink:type='arc' />
    <link:presentationArc order='10' xlink:arcrole='http://www.xbrl.org/2003/arcrole/parent-child' xlink:from='loc_RealEstateInvestmentsAbstract' xlink:to='loc_RealEstateInvestmentPropertyNetAbstract' xlink:type='arc' />
    <link:presentationArc order='20' xlink:arcrole='http://www.xbrl.org/2003/arcrole/parent-child' xlink:from='loc_RealEstateInvestmentsAbstract' xlink:to='loc_RealEstateInvestmentsJointVentures' xlink:type='arc' />
    <link:presentationArc order='30' xlink:arcrole='http://www.xbrl.org/2003/arcrole/parent-child' xlink:from='loc_RealEstateInvestmentsAbstract' xlink:to='loc_RealEstateInvestmentsUnconsolidatedRealEstateAndOtherJointVentures' xlink:type='arc' />
    <link:presentationArc order='40' preferredLabel='http://www.xbrl.org/2003/role/totalLabel' xlink:arcrole='http://www.xbrl.org/2003/arcrole/parent-child' xlink:from='loc_RealEstateInvestmentsAbstract' xlink:to='loc_RealEstateInvestments' xlink:type='arc' />
    <link:presentationArc order='10' xlink:arcrole='http://www.xbrl.org/2003/arcrole/parent-child' xlink:from='loc_RealEstateAbstract' xlink:to='loc_RealEstateDisclosureTextBlock' xlink:type='arc' />
    <link:presentationArc order='10' xlink:arcrole='http://www.xbrl.org/2003/arcrole/parent-child' xlink:from='loc_RealEstateDisclosureTextBlock' xlink:to='loc_RealEstateTable' xlink:type='arc' />
    <link:presentationArc order='20' xlink:arcrole='http://www.xbrl.org/2003/arcrole/parent-child' xlink:from='loc_RealEstateDisclosureTextBlock' xlink:to='loc_OperativeBuildersAbstract' xlink:type='arc' />
    <link:presentationArc order='30' xlink:arcrole='http://www.xbrl.org/2003/arcrole/parent-child' xlink:from='loc_RealEstateDisclosureTextBlock' xlink:to='loc_RealEstateInventoryCapitalizedInterestCostsRollForward' xlink:type='arc' />
    <link:presentationArc order='20' xlink:arcrole='http://www.xbrl.org/2003/arcrole/parent-child' xlink:from='loc_RealEstateAbstract' xlink:to='loc_BelowMarketLeaseAbstract' xlink:type='arc' />
    <link:presentationArc order='10' xlink:arcrole='http://www.xbrl.org/2003/arcrole/parent-child' xlink:from='loc_RealEstateLineItems' xlink:to='loc_RealEstateInvestmentTrustOperatingSupportAbstract' xlink:type='arc' />
    <link:presentationArc order='20' xlink:arcrole='http://www.xbrl.org/2003/arcrole/parent-child' xlink:from='loc_RealEstateLineItems' xlink:to='loc_NumberOfPropertiesSubjectToGroundLeases' xlink:type='arc' />
    <link:presentationArc order='30' xlink:arcrole='http://www.xbrl.org/2003/arcrole/parent-child' xlink:from='loc_RealEstateLineItems' xlink:to='loc_LandSubjectToGroundLeases' xlink:type='arc' />
    <link:presentationArc order='40' xlink:arcrole='http://www.xbrl.org/2003/arcrole/parent-child' xlink:from='loc_RealEstateLineItems' xlink:to='loc_RealEstateCompaniesDisclosuresAbstract' xlink:type='arc' />
    <link:presentationArc order='50' xlink:arcrole='http://www.xbrl.org/2003/arcrole/parent-child' xlink:from='loc_RealEstateLineItems' xlink:to='loc_RetailLandSalesDescriptionTextBlock' xlink:type='arc' />
    <link:presentationArc order='10' xlink:arcrole='http://www.xbrl.org/2003/arcrole/parent-child' xlink:from='loc_RetailLandSalesDescriptionTextBlock' xlink:to='loc_RetailLandSalesMaturityOfAccountsReceivableAbstract' xlink:type='arc' />
    <link:presentationArc order='20' xlink:arcrole='http://www.xbrl.org/2003/arcrole/parent-child' xlink:from='loc_RetailLandSalesDescriptionTextBlock' xlink:to='loc_RetailLandSalesDelinquentAccountsReceivable' xlink:type='arc' />
    <link:presentationArc order='30' xlink:arcrole='http://www.xbrl.org/2003/arcrole/parent-child' xlink:from='loc_RetailLandSalesDescriptionTextBlock' xlink:to='loc_RetailLandSalesReceivablesMethodForDeterminingDelinquencies' xlink:type='arc' />
    <link:presentationArc order='40' xlink:arcrole='http://www.xbrl.org/2003/arcrole/parent-child' xlink:from='loc_RetailLandSalesDescriptionTextBlock' xlink:to='loc_RetailLandSalesLiabilityForImprovements' xlink:type='arc' />
    <link:presentationArc order='50' xlink:arcrole='http://www.xbrl.org/2003/arcrole/parent-child' xlink:from='loc_RetailLandSalesDescriptionTextBlock' xlink:to='loc_RetailLandSalesReceivablesStatedInterestRate' xlink:type='arc' />
    <link:presentationArc order='60' xlink:arcrole='http://www.xbrl.org/2003/arcrole/parent-child' xlink:from='loc_RetailLandSalesDescriptionTextBlock' xlink:to='loc_RetailLandSalesEstimatedCostOfMajorImprovementsDisclosuresAbstract' xlink:type='arc' />
    <link:presentationArc order='70' xlink:arcrole='http://www.xbrl.org/2003/arcrole/parent-child' xlink:from='loc_RetailLandSalesDescriptionTextBlock' xlink:to='loc_TimeSharingTransactionsAbstract' xlink:type='arc' />
    <link:presentationArc order='10' xlink:arcrole='http://www.xbrl.org/2003/arcrole/parent-child' xlink:from='loc_RealEstateTable' xlink:to='loc_RangeAxis' xlink:type='arc' />
    <link:presentationArc order='20' xlink:arcrole='http://www.xbrl.org/2003/arcrole/parent-child' xlink:from='loc_RealEstateTable' xlink:to='loc_RealEstateLineItems' xlink:type='arc' />
    <link:presentationArc order='10' xlink:arcrole='http://www.xbrl.org/2003/arcrole/parent-child' xlink:from='loc_RetailLandSalesEstimatedCostOfMajorImprovementsAbstract' xlink:to='loc_RetailLandSalesEstimatedCostOfMajorImprovementsFirstYear' xlink:type='arc' />
    <link:presentationArc order='20' xlink:arcrole='http://www.xbrl.org/2003/arcrole/parent-child' xlink:from='loc_RetailLandSalesEstimatedCostOfMajorImprovementsAbstract' xlink:to='loc_RetailLandSalesEstimatedCostOfMajorImprovementsSecondYear' xlink:type='arc' />
    <link:presentationArc order='30' xlink:arcrole='http://www.xbrl.org/2003/arcrole/parent-child' xlink:from='loc_RetailLandSalesEstimatedCostOfMajorImprovementsAbstract' xlink:to='loc_RetailLandSalesEstimatedCostOfMajorImprovementsThirdYear' xlink:type='arc' />
    <link:presentationArc order='40' xlink:arcrole='http://www.xbrl.org/2003/arcrole/parent-child' xlink:from='loc_RetailLandSalesEstimatedCostOfMajorImprovementsAbstract' xlink:to='loc_RetailLandSalesEstimatedCostOfMajorImprovementsFourthYear' xlink:type='arc' />
    <link:presentationArc order='50' xlink:arcrole='http://www.xbrl.org/2003/arcrole/parent-child' xlink:from='loc_RetailLandSalesEstimatedCostOfMajorImprovementsAbstract' xlink:to='loc_RetailLandSalesEstimatedCostOfMajorImprovementsFifthYear' xlink:type='arc' />
    <link:presentationArc order='60' preferredLabel='http://www.xbrl.org/2003/role/totalLabel' xlink:arcrole='http://www.xbrl.org/2003/arcrole/parent-child' xlink:from='loc_RetailLandSalesEstimatedCostOfMajorImprovementsAbstract' xlink:to='loc_RetailLandSalesEstimatedCostOfMajorImprovements' xlink:type='arc' />
    <link:presentationArc order='10' xlink:arcrole='http://www.xbrl.org/2003/arcrole/parent-child' xlink:from='loc_RetailLandSalesEstimatedCostOfMajorImprovementsDisclosuresAbstract' xlink:to='loc_RetailLandSalesEstimatedCostOfMajorImprovementsAbstract' xlink:type='arc' />
    <link:presentationArc order='10' xlink:arcrole='http://www.xbrl.org/2003/arcrole/parent-child' xlink:from='loc_RetailLandSalesMaturityOfAccountsReceivableAbstract' xlink:to='loc_RetailLandSalesMaturityOfAccountsReceivableYearOne' xlink:type='arc' />
    <link:presentationArc order='20' xlink:arcrole='http://www.xbrl.org/2003/arcrole/parent-child' xlink:from='loc_RetailLandSalesMaturityOfAccountsReceivableAbstract' xlink:to='loc_RetailLandSalesMaturityOfAccountsReceivableYearTwo' xlink:type='arc' />
    <link:presentationArc order='30' xlink:arcrole='http://www.xbrl.org/2003/arcrole/parent-child' xlink:from='loc_RetailLandSalesMaturityOfAccountsReceivableAbstract' xlink:to='loc_RetailLandSalesMaturityOfAccountsReceivableYearThree' xlink:type='arc' />
    <link:presentationArc order='40' xlink:arcrole='http://www.xbrl.org/2003/arcrole/parent-child' xlink:from='loc_RetailLandSalesMaturityOfAccountsReceivableAbstract' xlink:to='loc_RetailLandSalesMaturityOfAccountsReceivableYearFour' xlink:type='arc' />
    <link:presentationArc order='50' xlink:arcrole='http://www.xbrl.org/2003/arcrole/parent-child' xlink:from='loc_RetailLandSalesMaturityOfAccountsReceivableAbstract' xlink:to='loc_RetailLandSalesMaturityOfAccountsReceivableYearFive' xlink:type='arc' />
    <link:presentationArc order='10' xlink:arcrole='http://www.xbrl.org/2003/arcrole/parent-child' xlink:from='loc_RangeAxis' xlink:to='loc_RangeMember' xlink:type='arc' />
    <link:presentationArc order='10' xlink:arcrole='http://www.xbrl.org/2003/arcrole/parent-child' xlink:from='loc_RangeMember' xlink:to='loc_MaximumMember' xlink:type='arc' />
    <link:presentationArc order='20' xlink:arcrole='http://www.xbrl.org/2003/arcrole/parent-child' xlink:from='loc_RangeMember' xlink:to='loc_MinimumMember' xlink:type='arc' />
    <link:presentationArc order='30' xlink:arcrole='http://www.xbrl.org/2003/arcrole/parent-child' xlink:from='loc_RangeMember' xlink:to='loc_WeightedAverageMember' xlink:type='arc' />
    <link:presentationArc order='10' xlink:arcrole='http://www.xbrl.org/2003/arcrole/parent-child' xlink:from='loc_TimeSharingTransactionsAbstract' xlink:to='loc_TimeSharingTransactionsAllowanceForUncollectiblesOnReceivablesSoldWithRecourseRollForward' xlink:type='arc' />
    <link:presentationArc order='20' xlink:arcrole='http://www.xbrl.org/2003/arcrole/parent-child' xlink:from='loc_TimeSharingTransactionsAbstract' xlink:to='loc_TimeSharingTransactionsAllowanceForUncollectibleAccountsRollForward' xlink:type='arc' />
    <link:presentationArc order='30' xlink:arcrole='http://www.xbrl.org/2003/arcrole/parent-child' xlink:from='loc_TimeSharingTransactionsAbstract' xlink:to='loc_TimeSharingTransactionsMaturitiesOfNotesReceivableNetAbstract' xlink:type='arc' />
    <link:presentationArc order='40' xlink:arcrole='http://www.xbrl.org/2003/arcrole/parent-child' xlink:from='loc_TimeSharingTransactionsAbstract' xlink:to='loc_TimeSharingTransactionsOtherDisclosuresAbstract' xlink:type='arc' />
    <link:presentationArc order='10' xlink:arcrole='http://www.xbrl.org/2003/arcrole/parent-child' xlink:from='loc_TimeSharingTransactionsAggregateMaturitiesOfNotesReceivableGrossAbstract' xlink:to='loc_TimeSharingTransactionsMaturitiesOfNotesReceivableYearOne' xlink:type='arc' />
    <link:presentationArc order='20' xlink:arcrole='http://www.xbrl.org/2003/arcrole/parent-child' xlink:from='loc_TimeSharingTransactionsAggregateMaturitiesOfNotesReceivableGrossAbstract' xlink:to='loc_TimeSharingTransactionsMaturitiesOfNotesReceivableYearTwo' xlink:type='arc' />
    <link:presentationArc order='30' xlink:arcrole='http://www.xbrl.org/2003/arcrole/parent-child' xlink:from='loc_TimeSharingTransactionsAggregateMaturitiesOfNotesReceivableGrossAbstract' xlink:to='loc_TimeSharingTransactionsMaturitiesOfNotesReceivableYearThree' xlink:type='arc' />
    <link:presentationArc order='40' xlink:arcrole='http://www.xbrl.org/2003/arcrole/parent-child' xlink:from='loc_TimeSharingTransactionsAggregateMaturitiesOfNotesReceivableGrossAbstract' xlink:to='loc_TimeSharingTransactionsMaturitiesOfNotesReceivableYearFour' xlink:type='arc' />
    <link:presentationArc order='50' xlink:arcrole='http://www.xbrl.org/2003/arcrole/parent-child' xlink:from='loc_TimeSharingTransactionsAggregateMaturitiesOfNotesReceivableGrossAbstract' xlink:to='loc_TimeSharingTransactionsMaturitiesOfNotesReceivableYearFive' xlink:type='arc' />
    <link:presentationArc order='60' xlink:arcrole='http://www.xbrl.org/2003/arcrole/parent-child' xlink:from='loc_TimeSharingTransactionsAggregateMaturitiesOfNotesReceivableGrossAbstract' xlink:to='loc_TimeSharingTransactionsMaturitiesOfNotesReceivableFutureYears' xlink:type='arc' />
    <link:presentationArc order='70' preferredLabel='http://www.xbrl.org/2003/role/totalLabel' xlink:arcrole='http://www.xbrl.org/2003/arcrole/parent-child' xlink:from='loc_TimeSharingTransactionsAggregateMaturitiesOfNotesReceivableGrossAbstract' xlink:to='loc_TimeSharingTransactionsAggregateMaturitiesOfNotesReceivableGross' xlink:type='arc' />
    <link:presentationArc order='10' preferredLabel='http://www.xbrl.org/2003/role/periodStartLabel' xlink:arcrole='http://www.xbrl.org/2003/arcrole/parent-child' xlink:from='loc_TimeSharingTransactionsAllowanceForUncollectibleAccountsRollForward' xlink:to='loc_TimeSharingTransactionsAllowanceForUncollectibleAccounts' xlink:type='arc' />
    <link:presentationArc order='20' xlink:arcrole='http://www.xbrl.org/2003/arcrole/parent-child' xlink:from='loc_TimeSharingTransactionsAllowanceForUncollectibleAccountsRollForward' xlink:to='loc_TimeSharingTransactionsAllowanceForUncollectibleAccountsAdditionsForCurrentPeriodSales' xlink:type='arc' />
    <link:presentationArc order='30' xlink:arcrole='http://www.xbrl.org/2003/arcrole/parent-child' xlink:from='loc_TimeSharingTransactionsAllowanceForUncollectibleAccountsRollForward' xlink:to='loc_TimeSharingTransactionsDirectWriteOffsChargedAgainstAllowance' xlink:type='arc' />
    <link:presentationArc order='40' xlink:arcrole='http://www.xbrl.org/2003/arcrole/parent-child' xlink:from='loc_TimeSharingTransactionsAllowanceForUncollectibleAccountsRollForward' xlink:to='loc_TimeSharingTransactionsChangesInEstimateAssociatedWithPriorPeriodSales' xlink:type='arc' />
    <link:presentationArc order='50' preferredLabel='http://www.xbrl.org/2003/role/totalLabel' xlink:arcrole='http://www.xbrl.org/2003/arcrole/parent-child' xlink:from='loc_TimeSharingTransactionsAllowanceForUncollectibleAccountsRollForward' xlink:to='loc_TimeSharingTransactionsPeriodIncreaseDecrease' xlink:type='arc' />
    <link:presentationArc order='60' preferredLabel='http://www.xbrl.org/2003/role/periodEndLabel' xlink:arcrole='http://www.xbrl.org/2003/arcrole/parent-child' xlink:from='loc_TimeSharingTransactionsAllowanceForUncollectibleAccountsRollForward' xlink:to='loc_TimeSharingTransactionsAllowanceForUncollectibleAccounts_1' xlink:type='arc' />
    <link:presentationArc order='10' preferredLabel='http://www.xbrl.org/2003/role/periodStartLabel' xlink:arcrole='http://www.xbrl.org/2003/arcrole/parent-child' xlink:from='loc_TimeSharingTransactionsAllowanceForUncollectiblesOnReceivablesSoldWithRecourseRollForward' xlink:to='loc_TimeSharingTransactionsAllowanceForUncollectibleAccountsOnReceivablesSoldWithRecourse' xlink:type='arc' />
    <link:presentationArc order='20' xlink:arcrole='http://www.xbrl.org/2003/arcrole/parent-child' xlink:from='loc_TimeSharingTransactionsAllowanceForUncollectiblesOnReceivablesSoldWithRecourseRollForward' xlink:to='loc_TimeSharingTransactionsAllowanceForUncollectiblesOnReceivablesSoldWithRecourseAdditionsForCurrentPeriodSales' xlink:type='arc' />
    <link:presentationArc order='30' xlink:arcrole='http://www.xbrl.org/2003/arcrole/parent-child' xlink:from='loc_TimeSharingTransactionsAllowanceForUncollectiblesOnReceivablesSoldWithRecourseRollForward' xlink:to='loc_TimeSharingTransactionsDirectWriteOffsChargedAgainstAllowanceOnReceivablesSoldWithRecourse' xlink:type='arc' />
    <link:presentationArc order='40' xlink:arcrole='http://www.xbrl.org/2003/arcrole/parent-child' xlink:from='loc_TimeSharingTransactionsAllowanceForUncollectiblesOnReceivablesSoldWithRecourseRollForward' xlink:to='loc_TimeSharingTransactionsChangesInEstimateAssociatedWithPriorPeriodSalesOnReceivablesSoldWithRecourse' xlink:type='arc' />
    <link:presentationArc order='50' preferredLabel='http://www.xbrl.org/2003/role/totalLabel' xlink:arcrole='http://www.xbrl.org/2003/arcrole/parent-child' xlink:from='loc_TimeSharingTransactionsAllowanceForUncollectiblesOnReceivablesSoldWithRecourseRollForward' xlink:to='loc_TimeSharingTransactionsAllowanceForUncollectibleAccountsOnReceivablesSoldWithRecoursePeriodIncreaseDecrease' xlink:type='arc' />
    <link:presentationArc order='60' preferredLabel='http://www.xbrl.org/2003/role/periodEndLabel' xlink:arcrole='http://www.xbrl.org/2003/arcrole/parent-child' xlink:from='loc_TimeSharingTransactionsAllowanceForUncollectiblesOnReceivablesSoldWithRecourseRollForward' xlink:to='loc_TimeSharingTransactionsAllowanceForUncollectibleAccountsOnReceivablesSoldWithRecourse_1' xlink:type='arc' />
    <link:presentationArc order='10' xlink:arcrole='http://www.xbrl.org/2003/arcrole/parent-child' xlink:from='loc_TimeSharingTransactionsMaturitiesOfNotesReceivableNetAbstract' xlink:to='loc_TimeSharingTransactionsAggregateMaturitiesOfNotesReceivableGrossAbstract' xlink:type='arc' />
    <link:presentationArc order='20' xlink:arcrole='http://www.xbrl.org/2003/arcrole/parent-child' xlink:from='loc_TimeSharingTransactionsMaturitiesOfNotesReceivableNetAbstract' xlink:to='loc_TimeSharingTransactionsAllowanceForUncollectibleAccounts' xlink:type='arc' />
    <link:presentationArc order='30' preferredLabel='http://www.xbrl.org/2003/role/totalLabel' xlink:arcrole='http://www.xbrl.org/2003/arcrole/parent-child' xlink:from='loc_TimeSharingTransactionsMaturitiesOfNotesReceivableNetAbstract' xlink:to='loc_TimeSharingTransactionsMaturitiesOfNotesReceivableNet' xlink:type='arc' />
    <link:presentationArc order='10' xlink:arcrole='http://www.xbrl.org/2003/arcrole/parent-child' xlink:from='loc_TimeSharingTransactionsOtherDisclosuresAbstract' xlink:to='loc_TimesharingTransactionsStatedInterestRateForNotesReceivable' xlink:type='arc' />
    <link:presentationArc order='20' xlink:arcrole='http://www.xbrl.org/2003/arcrole/parent-child' xlink:from='loc_TimeSharingTransactionsOtherDisclosuresAbstract' xlink:to='loc_TimeSharingTransactionsEstimatedCostToCompleteImprovementsAndPromisedAmenities' xlink:type='arc' />
    <link:presentationArc order='30' xlink:arcrole='http://www.xbrl.org/2003/arcrole/parent-child' xlink:from='loc_TimeSharingTransactionsOtherDisclosuresAbstract' xlink:to='loc_TimeSharingTransactionsEffectOfChangesInEstimateInRelativeSalesValueMethod' xlink:type='arc' />
  </link:presentationLink>
</link:linkbase>
