<?xml version='1.0' encoding='UTF-8'?>

<!--
(c) 2010-2021 Financial Accounting Foundation; (c) 2007-2010 XBRL US, Inc.  All Rights Reserved.
Notice: Authorized Uses are Set Forth at https://xbrl.fasb.org/terms/TaxonomiesTermsConditions.html
  -->
<link:linkbase xmlns:link='http://www.xbrl.org/2003/linkbase' xmlns:xbrldt='http://xbrl.org/2005/xbrldt' xmlns:xlink='http://www.w3.org/1999/xlink' xmlns:xsi='http://www.w3.org/2001/XMLSchema-instance' xsi:schemaLocation='http://www.xbrl.org/2003/linkbase http://www.xbrl.org/2003/xbrl-linkbase-2003-12-31.xsd'>
  <link:roleRef roleURI='http://fasb.org/us-gaap/role/disclosure/SECScheduleArticle12-04CondensedFinancialInformation' xlink:href='../elts/us-roles-2021-01-31.xsd#sec-cndfir' xlink:type='simple' />
  <link:presentationLink xlink:role='http://fasb.org/us-gaap/role/disclosure/SECScheduleArticle12-04CondensedFinancialInformation' xlink:type='extended'>
    <link:loc xlink:href='https://xbrl.fasb.org/srt/2021/elts/srt-2021-01-31.xsd#srt_CondensedBalanceSheetStatementTable' xlink:label='loc_CondensedBalanceSheetStatementTable' xlink:type='locator' />
    <link:loc xlink:href='https://xbrl.sec.gov/dei/2021/dei-2021.xsd#dei_LegalEntityAxis' xlink:label='loc_LegalEntityAxis' xlink:type='locator' />
    <link:loc xlink:href='https://xbrl.fasb.org/srt/2021/elts/srt-2021-01-31.xsd#srt_ConsolidatedEntitiesAxis' xlink:label='loc_ConsolidatedEntitiesAxis' xlink:type='locator' />
    <link:loc xlink:href='https://xbrl.fasb.org/srt/2021/elts/srt-2021-01-31.xsd#srt_ConsolidationItemsAxis' xlink:label='loc_ConsolidationItemsAxis' xlink:type='locator' />
    <link:loc xlink:href='https://xbrl.fasb.org/srt/2021/elts/srt-2021-01-31.xsd#srt_CondensedBalanceSheetStatementsCaptionsLineItems' xlink:label='loc_CondensedBalanceSheetStatementsCaptionsLineItems' xlink:type='locator' />
    <link:loc xlink:href='https://xbrl.fasb.org/srt/2021/elts/srt-2021-01-31.xsd#srt_CondensedCashFlowStatementTable' xlink:label='loc_CondensedCashFlowStatementTable' xlink:type='locator' />
    <link:loc xlink:href='https://xbrl.fasb.org/srt/2021/elts/srt-2021-01-31.xsd#srt_CondensedCashFlowStatementsCaptionsLineItems' xlink:label='loc_CondensedCashFlowStatementsCaptionsLineItems' xlink:type='locator' />
    <link:loc xlink:href='https://xbrl.fasb.org/srt/2021/elts/srt-2021-01-31.xsd#srt_CondensedFinancialInformationOfParentCompanyOnlyDisclosureAbstract' xlink:label='loc_CondensedFinancialInformationOfParentCompanyOnlyDisclosureAbstract' xlink:type='locator' />
    <link:loc xlink:href='../elts/us-gaap-2021-01-31.xsd#us-gaap_CondensedFinancialInformationOfParentCompanyOnlyDisclosureTextBlock' xlink:label='loc_CondensedFinancialInformationOfParentCompanyOnlyDisclosureTextBlock' xlink:type='locator' />
    <link:loc xlink:href='https://xbrl.fasb.org/srt/2021/elts/srt-2021-01-31.xsd#srt_DescriptionOfMaterialContingenciesOfParentCompany' xlink:label='loc_DescriptionOfMaterialContingenciesOfParentCompany' xlink:type='locator' />
    <link:loc xlink:href='https://xbrl.fasb.org/srt/2021/elts/srt-2021-01-31.xsd#srt_DescriptionOfSignificantProvisionsOfLongTermObligationsOfParentCompany' xlink:label='loc_DescriptionOfSignificantProvisionsOfLongTermObligationsOfParentCompany' xlink:type='locator' />
    <link:loc xlink:href='https://xbrl.fasb.org/srt/2021/elts/srt-2021-01-31.xsd#srt_DescriptionOfMandatoryDividendOrRedemptionProvisionsOfRedeemableStockOfParentCompany' xlink:label='loc_DescriptionOfMandatoryDividendOrRedemptionProvisionsOfRedeemableStockOfParentCompany' xlink:type='locator' />
    <link:loc xlink:href='https://xbrl.fasb.org/srt/2021/elts/srt-2021-01-31.xsd#srt_DescriptionOfGuaranteesGivenByParentCompany' xlink:label='loc_DescriptionOfGuaranteesGivenByParentCompany' xlink:type='locator' />
    <link:loc xlink:href='../elts/us-gaap-2021-01-31.xsd#us-gaap_OtherParentCompanyDisclosures' xlink:label='loc_OtherParentCompanyDisclosures' xlink:type='locator' />
    <link:loc xlink:href='../elts/us-gaap-2021-01-31.xsd#us-gaap_LongTermDebtByMaturityAbstract' xlink:label='loc_LongTermDebtByMaturityAbstract' xlink:type='locator' />
    <link:loc xlink:href='../elts/us-gaap-2021-01-31.xsd#us-gaap_LongTermDebtMaturitiesRepaymentsOfPrincipalRemainderOfFiscalYear' xlink:label='loc_LongTermDebtMaturitiesRepaymentsOfPrincipalRemainderOfFiscalYear' xlink:type='locator' />
    <link:loc xlink:href='../elts/us-gaap-2021-01-31.xsd#us-gaap_LongTermDebtRollingMaturityAbstract' xlink:label='loc_LongTermDebtRollingMaturityAbstract' xlink:type='locator' />
    <link:loc xlink:href='../elts/us-gaap-2021-01-31.xsd#us-gaap_CashDividendsPaidToParentCompanyAbstract' xlink:label='loc_CashDividendsPaidToParentCompanyAbstract' xlink:type='locator' />
    <link:loc xlink:href='https://xbrl.fasb.org/srt/2021/elts/srt-2021-01-31.xsd#srt_ScheduleOfCondensedFinancialStatementsTableTextBlock' xlink:label='loc_ScheduleOfCondensedFinancialStatementsTableTextBlock' xlink:type='locator' />
    <link:loc xlink:href='https://xbrl.fasb.org/srt/2021/elts/srt-2021-01-31.xsd#srt_ScheduleOfCondensedFinancialStatementsTable' xlink:label='loc_ScheduleOfCondensedFinancialStatementsTable' xlink:type='locator' />
    <link:loc xlink:href='https://xbrl.fasb.org/srt/2021/elts/srt-2021-01-31.xsd#srt_ScheduleOfCondensedBalanceSheetTableTextBlock' xlink:label='loc_ScheduleOfCondensedBalanceSheetTableTextBlock' xlink:type='locator' />
    <link:loc xlink:href='https://xbrl.fasb.org/srt/2021/elts/srt-2021-01-31.xsd#srt_ScheduleOfCondensedIncomeStatementTableTextBlock' xlink:label='loc_ScheduleOfCondensedIncomeStatementTableTextBlock' xlink:type='locator' />
    <link:loc xlink:href='https://xbrl.fasb.org/srt/2021/elts/srt-2021-01-31.xsd#srt_CondensedIncomeStatementTable' xlink:label='loc_CondensedIncomeStatementTable' xlink:type='locator' />
    <link:loc xlink:href='https://xbrl.fasb.org/srt/2021/elts/srt-2021-01-31.xsd#srt_CondensedStatementOfComprehensiveIncomeTableTextBlock' xlink:label='loc_CondensedStatementOfComprehensiveIncomeTableTextBlock' xlink:type='locator' />
    <link:loc xlink:href='https://xbrl.fasb.org/srt/2021/elts/srt-2021-01-31.xsd#srt_CondensedStatementOfComprehensiveIncomeTable' xlink:label='loc_CondensedStatementOfComprehensiveIncomeTable' xlink:type='locator' />
    <link:loc xlink:href='https://xbrl.fasb.org/srt/2021/elts/srt-2021-01-31.xsd#srt_ScheduleOfCondensedCashFlowStatementTableTextBlock' xlink:label='loc_ScheduleOfCondensedCashFlowStatementTableTextBlock' xlink:type='locator' />
    <link:loc xlink:href='https://xbrl.fasb.org/srt/2021/elts/srt-2021-01-31.xsd#srt_CondensedFinancialStatementsCaptionsLineItems' xlink:label='loc_CondensedFinancialStatementsCaptionsLineItems' xlink:type='locator' />
    <link:loc xlink:href='https://xbrl.fasb.org/srt/2021/elts/srt-2021-01-31.xsd#srt_CondensedIncomeStatementsCaptionsLineItems' xlink:label='loc_CondensedIncomeStatementsCaptionsLineItems' xlink:type='locator' />
    <link:loc xlink:href='../elts/us-gaap-2021-01-31.xsd#us-gaap_IncomeLossFromSubsidiariesNetOfTaxAbstract' xlink:label='loc_IncomeLossFromSubsidiariesNetOfTaxAbstract' xlink:type='locator' />
    <link:loc xlink:href='https://xbrl.fasb.org/srt/2021/elts/srt-2021-01-31.xsd#srt_CondensedStatementOfIncomeCaptionsLineItems' xlink:label='loc_CondensedStatementOfIncomeCaptionsLineItems' xlink:type='locator' />
    <link:loc xlink:href='https://xbrl.fasb.org/srt/2021/elts/srt-2021-01-31.xsd#srt_ConsolidatedEntitiesDomain' xlink:label='loc_ConsolidatedEntitiesDomain' xlink:type='locator' />
    <link:loc xlink:href='https://xbrl.fasb.org/srt/2021/elts/srt-2021-01-31.xsd#srt_ParentCompanyMember' xlink:label='loc_ParentCompanyMember' xlink:type='locator' />
    <link:loc xlink:href='https://xbrl.fasb.org/srt/2021/elts/srt-2021-01-31.xsd#srt_SubsidiariesMember' xlink:label='loc_SubsidiariesMember' xlink:type='locator' />
    <link:loc xlink:href='https://xbrl.fasb.org/srt/2021/elts/srt-2021-01-31.xsd#srt_SubsidiaryIssuerMember' xlink:label='loc_SubsidiaryIssuerMember' xlink:type='locator' />
    <link:loc xlink:href='https://xbrl.fasb.org/srt/2021/elts/srt-2021-01-31.xsd#srt_ConsolidationItemsDomain' xlink:label='loc_ConsolidationItemsDomain' xlink:type='locator' />
    <link:loc xlink:href='../elts/us-gaap-2021-01-31.xsd#us-gaap_OperatingSegmentsMember' xlink:label='loc_OperatingSegmentsMember' xlink:type='locator' />
    <link:loc xlink:href='../elts/us-gaap-2021-01-31.xsd#us-gaap_IntersegmentEliminationMember' xlink:label='loc_IntersegmentEliminationMember' xlink:type='locator' />
    <link:loc xlink:href='../elts/us-gaap-2021-01-31.xsd#us-gaap_MaterialReconcilingItemsMember' xlink:label='loc_MaterialReconcilingItemsMember' xlink:type='locator' />
    <link:loc xlink:href='../elts/us-gaap-2021-01-31.xsd#us-gaap_CorporateNonSegmentMember' xlink:label='loc_CorporateNonSegmentMember' xlink:type='locator' />
    <link:loc xlink:href='https://xbrl.fasb.org/srt/2021/elts/srt-2021-01-31.xsd#srt_ReportableGeographicalComponentsMember' xlink:label='loc_ReportableGeographicalComponentsMember' xlink:type='locator' />
    <link:loc xlink:href='https://xbrl.fasb.org/srt/2021/elts/srt-2021-01-31.xsd#srt_GeographyEliminationsMember' xlink:label='loc_GeographyEliminationsMember' xlink:type='locator' />
    <link:loc xlink:href='https://xbrl.fasb.org/srt/2021/elts/srt-2021-01-31.xsd#srt_ReportableLegalEntitiesMember' xlink:label='loc_ReportableLegalEntitiesMember' xlink:type='locator' />
    <link:loc xlink:href='https://xbrl.fasb.org/srt/2021/elts/srt-2021-01-31.xsd#srt_ConsolidationEliminationsMember' xlink:label='loc_ConsolidationEliminationsMember' xlink:type='locator' />
    <link:loc xlink:href='../elts/us-gaap-2021-01-31.xsd#us-gaap_IncomeLossFromSubsidiariesBeforeTax' xlink:label='loc_IncomeLossFromSubsidiariesBeforeTax' xlink:type='locator' />
    <link:loc xlink:href='../elts/us-gaap-2021-01-31.xsd#us-gaap_IncomeLossFromSubsidiariesTaxExpenseBenefit' xlink:label='loc_IncomeLossFromSubsidiariesTaxExpenseBenefit' xlink:type='locator' />
    <link:loc xlink:href='../elts/us-gaap-2021-01-31.xsd#us-gaap_IncomeLossFromSubsidiariesNetOfTax' xlink:label='loc_IncomeLossFromSubsidiariesNetOfTax' xlink:type='locator' />
    <link:loc xlink:href='https://xbrl.sec.gov/dei/2021/dei-2021.xsd#dei_EntityDomain' xlink:label='loc_EntityDomain' xlink:type='locator' />
    <link:loc xlink:href='../elts/us-gaap-2021-01-31.xsd#us-gaap_LongTermDebtMaturitiesRepaymentsOfPrincipalInNextTwelveMonths' xlink:label='loc_LongTermDebtMaturitiesRepaymentsOfPrincipalInNextTwelveMonths' xlink:type='locator' />
    <link:loc xlink:href='../elts/us-gaap-2021-01-31.xsd#us-gaap_LongTermDebtMaturitiesRepaymentsOfPrincipalInYearTwo' xlink:label='loc_LongTermDebtMaturitiesRepaymentsOfPrincipalInYearTwo' xlink:type='locator' />
    <link:loc xlink:href='../elts/us-gaap-2021-01-31.xsd#us-gaap_LongTermDebtMaturitiesRepaymentsOfPrincipalInYearThree' xlink:label='loc_LongTermDebtMaturitiesRepaymentsOfPrincipalInYearThree' xlink:type='locator' />
    <link:loc xlink:href='../elts/us-gaap-2021-01-31.xsd#us-gaap_LongTermDebtMaturitiesRepaymentsOfPrincipalInYearFour' xlink:label='loc_LongTermDebtMaturitiesRepaymentsOfPrincipalInYearFour' xlink:type='locator' />
    <link:loc xlink:href='../elts/us-gaap-2021-01-31.xsd#us-gaap_LongTermDebtMaturitiesRepaymentsOfPrincipalInYearFive' xlink:label='loc_LongTermDebtMaturitiesRepaymentsOfPrincipalInYearFive' xlink:type='locator' />
    <link:loc xlink:href='../elts/us-gaap-2021-01-31.xsd#us-gaap_LongTermDebtMaturitiesRepaymentsOfPrincipalAfterYearFive' xlink:label='loc_LongTermDebtMaturitiesRepaymentsOfPrincipalAfterYearFive' xlink:type='locator' />
    <link:loc xlink:href='../elts/us-gaap-2021-01-31.xsd#us-gaap_LongTermDebtMaturitiesRepaymentsOfPrincipalInNextRollingTwelveMonths' xlink:label='loc_LongTermDebtMaturitiesRepaymentsOfPrincipalInNextRollingTwelveMonths' xlink:type='locator' />
    <link:loc xlink:href='../elts/us-gaap-2021-01-31.xsd#us-gaap_LongTermDebtMaturitiesRepaymentsOfPrincipalInRollingYearTwo' xlink:label='loc_LongTermDebtMaturitiesRepaymentsOfPrincipalInRollingYearTwo' xlink:type='locator' />
    <link:loc xlink:href='../elts/us-gaap-2021-01-31.xsd#us-gaap_LongTermDebtMaturitiesRepaymentsOfPrincipalInRollingYearThree' xlink:label='loc_LongTermDebtMaturitiesRepaymentsOfPrincipalInRollingYearThree' xlink:type='locator' />
    <link:loc xlink:href='../elts/us-gaap-2021-01-31.xsd#us-gaap_LongTermDebtMaturitiesRepaymentsOfPrincipalInRollingYearFour' xlink:label='loc_LongTermDebtMaturitiesRepaymentsOfPrincipalInRollingYearFour' xlink:type='locator' />
    <link:loc xlink:href='../elts/us-gaap-2021-01-31.xsd#us-gaap_LongTermDebtMaturitiesRepaymentsOfPrincipalInRollingYearFive' xlink:label='loc_LongTermDebtMaturitiesRepaymentsOfPrincipalInRollingYearFive' xlink:type='locator' />
    <link:loc xlink:href='../elts/us-gaap-2021-01-31.xsd#us-gaap_LongTermDebtMaturitiesRepaymentsOfPrincipalInRollingAfterYearFive' xlink:label='loc_LongTermDebtMaturitiesRepaymentsOfPrincipalInRollingAfterYearFive' xlink:type='locator' />
    <link:loc xlink:href='../elts/us-gaap-2021-01-31.xsd#us-gaap_CashDividendsPaidToParentCompanyByConsolidatedSubsidiaries' xlink:label='loc_CashDividendsPaidToParentCompanyByConsolidatedSubsidiaries' xlink:type='locator' />
    <link:loc xlink:href='../elts/us-gaap-2021-01-31.xsd#us-gaap_CashDividendsPaidToParentCompanyByUnconsolidatedSubsidiaries' xlink:label='loc_CashDividendsPaidToParentCompanyByUnconsolidatedSubsidiaries' xlink:type='locator' />
    <link:loc xlink:href='../elts/us-gaap-2021-01-31.xsd#us-gaap_CashDividendsPaidToParentCompanyBy50PercentOrLessOwnedPersons' xlink:label='loc_CashDividendsPaidToParentCompanyBy50PercentOrLessOwnedPersons' xlink:type='locator' />
    <link:loc xlink:href='../elts/us-gaap-2021-01-31.xsd#us-gaap_CashDividendsPaidToParentCompany' xlink:label='loc_CashDividendsPaidToParentCompany' xlink:type='locator' />
    <link:loc xlink:href='https://xbrl.fasb.org/srt/2021/elts/srt-2021-01-31.xsd#srt_GuarantorSubsidiariesMember' xlink:label='loc_GuarantorSubsidiariesMember' xlink:type='locator' />
    <link:loc xlink:href='https://xbrl.fasb.org/srt/2021/elts/srt-2021-01-31.xsd#srt_NonGuarantorSubsidiariesMember' xlink:label='loc_NonGuarantorSubsidiariesMember' xlink:type='locator' />
    <link:presentationArc order='10' xlink:arcrole='http://www.xbrl.org/2003/arcrole/parent-child' xlink:from='loc_CondensedBalanceSheetStatementTable' xlink:to='loc_LegalEntityAxis' xlink:type='arc' />
    <link:presentationArc order='20' xlink:arcrole='http://www.xbrl.org/2003/arcrole/parent-child' xlink:from='loc_CondensedBalanceSheetStatementTable' xlink:to='loc_ConsolidatedEntitiesAxis' xlink:type='arc' />
    <link:presentationArc order='30' xlink:arcrole='http://www.xbrl.org/2003/arcrole/parent-child' xlink:from='loc_CondensedBalanceSheetStatementTable' xlink:to='loc_ConsolidationItemsAxis' xlink:type='arc' />
    <link:presentationArc order='40' xlink:arcrole='http://www.xbrl.org/2003/arcrole/parent-child' xlink:from='loc_CondensedBalanceSheetStatementTable' xlink:to='loc_CondensedBalanceSheetStatementsCaptionsLineItems' xlink:type='arc' />
    <link:presentationArc order='10' xlink:arcrole='http://www.xbrl.org/2003/arcrole/parent-child' xlink:from='loc_CondensedCashFlowStatementTable' xlink:to='loc_LegalEntityAxis' xlink:type='arc' />
    <link:presentationArc order='20' xlink:arcrole='http://www.xbrl.org/2003/arcrole/parent-child' xlink:from='loc_CondensedCashFlowStatementTable' xlink:to='loc_ConsolidatedEntitiesAxis' xlink:type='arc' />
    <link:presentationArc order='30' xlink:arcrole='http://www.xbrl.org/2003/arcrole/parent-child' xlink:from='loc_CondensedCashFlowStatementTable' xlink:to='loc_ConsolidationItemsAxis' xlink:type='arc' />
    <link:presentationArc order='40' xlink:arcrole='http://www.xbrl.org/2003/arcrole/parent-child' xlink:from='loc_CondensedCashFlowStatementTable' xlink:to='loc_CondensedCashFlowStatementsCaptionsLineItems' xlink:type='arc' />
    <link:presentationArc order='10' xlink:arcrole='http://www.xbrl.org/2003/arcrole/parent-child' xlink:from='loc_CondensedFinancialInformationOfParentCompanyOnlyDisclosureAbstract' xlink:to='loc_CondensedFinancialInformationOfParentCompanyOnlyDisclosureTextBlock' xlink:type='arc' />
    <link:presentationArc order='10' xlink:arcrole='http://www.xbrl.org/2003/arcrole/parent-child' xlink:from='loc_CondensedFinancialInformationOfParentCompanyOnlyDisclosureTextBlock' xlink:to='loc_DescriptionOfMaterialContingenciesOfParentCompany' xlink:type='arc' />
    <link:presentationArc order='20' xlink:arcrole='http://www.xbrl.org/2003/arcrole/parent-child' xlink:from='loc_CondensedFinancialInformationOfParentCompanyOnlyDisclosureTextBlock' xlink:to='loc_DescriptionOfSignificantProvisionsOfLongTermObligationsOfParentCompany' xlink:type='arc' />
    <link:presentationArc order='30' xlink:arcrole='http://www.xbrl.org/2003/arcrole/parent-child' xlink:from='loc_CondensedFinancialInformationOfParentCompanyOnlyDisclosureTextBlock' xlink:to='loc_DescriptionOfMandatoryDividendOrRedemptionProvisionsOfRedeemableStockOfParentCompany' xlink:type='arc' />
    <link:presentationArc order='40' xlink:arcrole='http://www.xbrl.org/2003/arcrole/parent-child' xlink:from='loc_CondensedFinancialInformationOfParentCompanyOnlyDisclosureTextBlock' xlink:to='loc_DescriptionOfGuaranteesGivenByParentCompany' xlink:type='arc' />
    <link:presentationArc order='50' xlink:arcrole='http://www.xbrl.org/2003/arcrole/parent-child' xlink:from='loc_CondensedFinancialInformationOfParentCompanyOnlyDisclosureTextBlock' xlink:to='loc_OtherParentCompanyDisclosures' xlink:type='arc' />
    <link:presentationArc order='60' xlink:arcrole='http://www.xbrl.org/2003/arcrole/parent-child' xlink:from='loc_CondensedFinancialInformationOfParentCompanyOnlyDisclosureTextBlock' xlink:to='loc_LongTermDebtByMaturityAbstract' xlink:type='arc' />
    <link:presentationArc order='70' xlink:arcrole='http://www.xbrl.org/2003/arcrole/parent-child' xlink:from='loc_CondensedFinancialInformationOfParentCompanyOnlyDisclosureTextBlock' xlink:to='loc_LongTermDebtMaturitiesRepaymentsOfPrincipalRemainderOfFiscalYear' xlink:type='arc' />
    <link:presentationArc order='80' xlink:arcrole='http://www.xbrl.org/2003/arcrole/parent-child' xlink:from='loc_CondensedFinancialInformationOfParentCompanyOnlyDisclosureTextBlock' xlink:to='loc_LongTermDebtRollingMaturityAbstract' xlink:type='arc' />
    <link:presentationArc order='90' xlink:arcrole='http://www.xbrl.org/2003/arcrole/parent-child' xlink:from='loc_CondensedFinancialInformationOfParentCompanyOnlyDisclosureTextBlock' xlink:to='loc_CashDividendsPaidToParentCompanyAbstract' xlink:type='arc' />
    <link:presentationArc order='100' xlink:arcrole='http://www.xbrl.org/2003/arcrole/parent-child' xlink:from='loc_CondensedFinancialInformationOfParentCompanyOnlyDisclosureTextBlock' xlink:to='loc_ScheduleOfCondensedFinancialStatementsTableTextBlock' xlink:type='arc' />
    <link:presentationArc order='10' xlink:arcrole='http://www.xbrl.org/2003/arcrole/parent-child' xlink:from='loc_ScheduleOfCondensedFinancialStatementsTableTextBlock' xlink:to='loc_ScheduleOfCondensedFinancialStatementsTable' xlink:type='arc' />
    <link:presentationArc order='110' xlink:arcrole='http://www.xbrl.org/2003/arcrole/parent-child' xlink:from='loc_CondensedFinancialInformationOfParentCompanyOnlyDisclosureTextBlock' xlink:to='loc_ScheduleOfCondensedBalanceSheetTableTextBlock' xlink:type='arc' />
    <link:presentationArc order='10' xlink:arcrole='http://www.xbrl.org/2003/arcrole/parent-child' xlink:from='loc_ScheduleOfCondensedBalanceSheetTableTextBlock' xlink:to='loc_CondensedBalanceSheetStatementTable' xlink:type='arc' />
    <link:presentationArc order='120' xlink:arcrole='http://www.xbrl.org/2003/arcrole/parent-child' xlink:from='loc_CondensedFinancialInformationOfParentCompanyOnlyDisclosureTextBlock' xlink:to='loc_ScheduleOfCondensedIncomeStatementTableTextBlock' xlink:type='arc' />
    <link:presentationArc order='10' xlink:arcrole='http://www.xbrl.org/2003/arcrole/parent-child' xlink:from='loc_ScheduleOfCondensedIncomeStatementTableTextBlock' xlink:to='loc_CondensedIncomeStatementTable' xlink:type='arc' />
    <link:presentationArc order='130' xlink:arcrole='http://www.xbrl.org/2003/arcrole/parent-child' xlink:from='loc_CondensedFinancialInformationOfParentCompanyOnlyDisclosureTextBlock' xlink:to='loc_CondensedStatementOfComprehensiveIncomeTableTextBlock' xlink:type='arc' />
    <link:presentationArc order='10' xlink:arcrole='http://www.xbrl.org/2003/arcrole/parent-child' xlink:from='loc_CondensedStatementOfComprehensiveIncomeTableTextBlock' xlink:to='loc_CondensedStatementOfComprehensiveIncomeTable' xlink:type='arc' />
    <link:presentationArc order='140' xlink:arcrole='http://www.xbrl.org/2003/arcrole/parent-child' xlink:from='loc_CondensedFinancialInformationOfParentCompanyOnlyDisclosureTextBlock' xlink:to='loc_ScheduleOfCondensedCashFlowStatementTableTextBlock' xlink:type='arc' />
    <link:presentationArc order='10' xlink:arcrole='http://www.xbrl.org/2003/arcrole/parent-child' xlink:from='loc_ScheduleOfCondensedCashFlowStatementTableTextBlock' xlink:to='loc_CondensedCashFlowStatementTable' xlink:type='arc' />
    <link:presentationArc order='10' xlink:arcrole='http://www.xbrl.org/2003/arcrole/parent-child' xlink:from='loc_ScheduleOfCondensedFinancialStatementsTable' xlink:to='loc_LegalEntityAxis' xlink:type='arc' />
    <link:presentationArc order='20' xlink:arcrole='http://www.xbrl.org/2003/arcrole/parent-child' xlink:from='loc_ScheduleOfCondensedFinancialStatementsTable' xlink:to='loc_ConsolidatedEntitiesAxis' xlink:type='arc' />
    <link:presentationArc order='30' xlink:arcrole='http://www.xbrl.org/2003/arcrole/parent-child' xlink:from='loc_ScheduleOfCondensedFinancialStatementsTable' xlink:to='loc_ConsolidationItemsAxis' xlink:type='arc' />
    <link:presentationArc order='40' xlink:arcrole='http://www.xbrl.org/2003/arcrole/parent-child' xlink:from='loc_ScheduleOfCondensedFinancialStatementsTable' xlink:to='loc_CondensedFinancialStatementsCaptionsLineItems' xlink:type='arc' />
    <link:presentationArc order='10' xlink:arcrole='http://www.xbrl.org/2003/arcrole/parent-child' xlink:from='loc_CondensedIncomeStatementTable' xlink:to='loc_LegalEntityAxis' xlink:type='arc' />
    <link:presentationArc order='20' xlink:arcrole='http://www.xbrl.org/2003/arcrole/parent-child' xlink:from='loc_CondensedIncomeStatementTable' xlink:to='loc_ConsolidatedEntitiesAxis' xlink:type='arc' />
    <link:presentationArc order='30' xlink:arcrole='http://www.xbrl.org/2003/arcrole/parent-child' xlink:from='loc_CondensedIncomeStatementTable' xlink:to='loc_ConsolidationItemsAxis' xlink:type='arc' />
    <link:presentationArc order='40' xlink:arcrole='http://www.xbrl.org/2003/arcrole/parent-child' xlink:from='loc_CondensedIncomeStatementTable' xlink:to='loc_CondensedIncomeStatementsCaptionsLineItems' xlink:type='arc' />
    <link:presentationArc order='10' xlink:arcrole='http://www.xbrl.org/2003/arcrole/parent-child' xlink:from='loc_CondensedIncomeStatementsCaptionsLineItems' xlink:to='loc_IncomeLossFromSubsidiariesNetOfTaxAbstract' xlink:type='arc' />
    <link:presentationArc order='10' xlink:arcrole='http://www.xbrl.org/2003/arcrole/parent-child' xlink:from='loc_CondensedStatementOfComprehensiveIncomeTable' xlink:to='loc_LegalEntityAxis' xlink:type='arc' />
    <link:presentationArc order='20' xlink:arcrole='http://www.xbrl.org/2003/arcrole/parent-child' xlink:from='loc_CondensedStatementOfComprehensiveIncomeTable' xlink:to='loc_ConsolidatedEntitiesAxis' xlink:type='arc' />
    <link:presentationArc order='30' xlink:arcrole='http://www.xbrl.org/2003/arcrole/parent-child' xlink:from='loc_CondensedStatementOfComprehensiveIncomeTable' xlink:to='loc_ConsolidationItemsAxis' xlink:type='arc' />
    <link:presentationArc order='40' xlink:arcrole='http://www.xbrl.org/2003/arcrole/parent-child' xlink:from='loc_CondensedStatementOfComprehensiveIncomeTable' xlink:to='loc_CondensedStatementOfIncomeCaptionsLineItems' xlink:type='arc' />
    <link:presentationArc order='10' xlink:arcrole='http://www.xbrl.org/2003/arcrole/parent-child' xlink:from='loc_ConsolidatedEntitiesAxis' xlink:to='loc_ConsolidatedEntitiesDomain' xlink:type='arc' />
    <link:presentationArc order='10' xlink:arcrole='http://www.xbrl.org/2003/arcrole/parent-child' xlink:from='loc_ConsolidatedEntitiesDomain' xlink:to='loc_ParentCompanyMember' xlink:type='arc' />
    <link:presentationArc order='20' xlink:arcrole='http://www.xbrl.org/2003/arcrole/parent-child' xlink:from='loc_ConsolidatedEntitiesDomain' xlink:to='loc_SubsidiariesMember' xlink:type='arc' />
    <link:presentationArc order='30' xlink:arcrole='http://www.xbrl.org/2003/arcrole/parent-child' xlink:from='loc_ConsolidatedEntitiesDomain' xlink:to='loc_SubsidiaryIssuerMember' xlink:type='arc' />
    <link:presentationArc order='10' xlink:arcrole='http://www.xbrl.org/2003/arcrole/parent-child' xlink:from='loc_ConsolidationItemsAxis' xlink:to='loc_ConsolidationItemsDomain' xlink:type='arc' />
    <link:presentationArc order='10' xlink:arcrole='http://www.xbrl.org/2003/arcrole/parent-child' xlink:from='loc_ConsolidationItemsDomain' xlink:to='loc_OperatingSegmentsMember' xlink:type='arc' />
    <link:presentationArc order='20' xlink:arcrole='http://www.xbrl.org/2003/arcrole/parent-child' xlink:from='loc_ConsolidationItemsDomain' xlink:to='loc_IntersegmentEliminationMember' xlink:type='arc' />
    <link:presentationArc order='30' xlink:arcrole='http://www.xbrl.org/2003/arcrole/parent-child' xlink:from='loc_ConsolidationItemsDomain' xlink:to='loc_MaterialReconcilingItemsMember' xlink:type='arc' />
    <link:presentationArc order='40' xlink:arcrole='http://www.xbrl.org/2003/arcrole/parent-child' xlink:from='loc_ConsolidationItemsDomain' xlink:to='loc_CorporateNonSegmentMember' xlink:type='arc' />
    <link:presentationArc order='50' xlink:arcrole='http://www.xbrl.org/2003/arcrole/parent-child' xlink:from='loc_ConsolidationItemsDomain' xlink:to='loc_ReportableGeographicalComponentsMember' xlink:type='arc' />
    <link:presentationArc order='60' xlink:arcrole='http://www.xbrl.org/2003/arcrole/parent-child' xlink:from='loc_ConsolidationItemsDomain' xlink:to='loc_GeographyEliminationsMember' xlink:type='arc' />
    <link:presentationArc order='70' xlink:arcrole='http://www.xbrl.org/2003/arcrole/parent-child' xlink:from='loc_ConsolidationItemsDomain' xlink:to='loc_ReportableLegalEntitiesMember' xlink:type='arc' />
    <link:presentationArc order='80' xlink:arcrole='http://www.xbrl.org/2003/arcrole/parent-child' xlink:from='loc_ConsolidationItemsDomain' xlink:to='loc_ConsolidationEliminationsMember' xlink:type='arc' />
    <link:presentationArc order='10' xlink:arcrole='http://www.xbrl.org/2003/arcrole/parent-child' xlink:from='loc_IncomeLossFromSubsidiariesNetOfTaxAbstract' xlink:to='loc_IncomeLossFromSubsidiariesBeforeTax' xlink:type='arc' />
    <link:presentationArc order='20' xlink:arcrole='http://www.xbrl.org/2003/arcrole/parent-child' xlink:from='loc_IncomeLossFromSubsidiariesNetOfTaxAbstract' xlink:to='loc_IncomeLossFromSubsidiariesTaxExpenseBenefit' xlink:type='arc' />
    <link:presentationArc order='30' preferredLabel='http://www.xbrl.org/2003/role/totalLabel' xlink:arcrole='http://www.xbrl.org/2003/arcrole/parent-child' xlink:from='loc_IncomeLossFromSubsidiariesNetOfTaxAbstract' xlink:to='loc_IncomeLossFromSubsidiariesNetOfTax' xlink:type='arc' />
    <link:presentationArc order='10' xlink:arcrole='http://www.xbrl.org/2003/arcrole/parent-child' xlink:from='loc_LegalEntityAxis' xlink:to='loc_EntityDomain' xlink:type='arc' />
    <link:presentationArc order='10' xlink:arcrole='http://www.xbrl.org/2003/arcrole/parent-child' xlink:from='loc_LongTermDebtByMaturityAbstract' xlink:to='loc_LongTermDebtMaturitiesRepaymentsOfPrincipalInNextTwelveMonths' xlink:type='arc' />
    <link:presentationArc order='20' xlink:arcrole='http://www.xbrl.org/2003/arcrole/parent-child' xlink:from='loc_LongTermDebtByMaturityAbstract' xlink:to='loc_LongTermDebtMaturitiesRepaymentsOfPrincipalInYearTwo' xlink:type='arc' />
    <link:presentationArc order='30' xlink:arcrole='http://www.xbrl.org/2003/arcrole/parent-child' xlink:from='loc_LongTermDebtByMaturityAbstract' xlink:to='loc_LongTermDebtMaturitiesRepaymentsOfPrincipalInYearThree' xlink:type='arc' />
    <link:presentationArc order='40' xlink:arcrole='http://www.xbrl.org/2003/arcrole/parent-child' xlink:from='loc_LongTermDebtByMaturityAbstract' xlink:to='loc_LongTermDebtMaturitiesRepaymentsOfPrincipalInYearFour' xlink:type='arc' />
    <link:presentationArc order='50' xlink:arcrole='http://www.xbrl.org/2003/arcrole/parent-child' xlink:from='loc_LongTermDebtByMaturityAbstract' xlink:to='loc_LongTermDebtMaturitiesRepaymentsOfPrincipalInYearFive' xlink:type='arc' />
    <link:presentationArc order='60' xlink:arcrole='http://www.xbrl.org/2003/arcrole/parent-child' xlink:from='loc_LongTermDebtByMaturityAbstract' xlink:to='loc_LongTermDebtMaturitiesRepaymentsOfPrincipalAfterYearFive' xlink:type='arc' />
    <link:presentationArc order='10' xlink:arcrole='http://www.xbrl.org/2003/arcrole/parent-child' xlink:from='loc_LongTermDebtRollingMaturityAbstract' xlink:to='loc_LongTermDebtMaturitiesRepaymentsOfPrincipalInNextRollingTwelveMonths' xlink:type='arc' />
    <link:presentationArc order='20' xlink:arcrole='http://www.xbrl.org/2003/arcrole/parent-child' xlink:from='loc_LongTermDebtRollingMaturityAbstract' xlink:to='loc_LongTermDebtMaturitiesRepaymentsOfPrincipalInRollingYearTwo' xlink:type='arc' />
    <link:presentationArc order='30' xlink:arcrole='http://www.xbrl.org/2003/arcrole/parent-child' xlink:from='loc_LongTermDebtRollingMaturityAbstract' xlink:to='loc_LongTermDebtMaturitiesRepaymentsOfPrincipalInRollingYearThree' xlink:type='arc' />
    <link:presentationArc order='40' xlink:arcrole='http://www.xbrl.org/2003/arcrole/parent-child' xlink:from='loc_LongTermDebtRollingMaturityAbstract' xlink:to='loc_LongTermDebtMaturitiesRepaymentsOfPrincipalInRollingYearFour' xlink:type='arc' />
    <link:presentationArc order='50' xlink:arcrole='http://www.xbrl.org/2003/arcrole/parent-child' xlink:from='loc_LongTermDebtRollingMaturityAbstract' xlink:to='loc_LongTermDebtMaturitiesRepaymentsOfPrincipalInRollingYearFive' xlink:type='arc' />
    <link:presentationArc order='60' xlink:arcrole='http://www.xbrl.org/2003/arcrole/parent-child' xlink:from='loc_LongTermDebtRollingMaturityAbstract' xlink:to='loc_LongTermDebtMaturitiesRepaymentsOfPrincipalInRollingAfterYearFive' xlink:type='arc' />
    <link:presentationArc order='10' xlink:arcrole='http://www.xbrl.org/2003/arcrole/parent-child' xlink:from='loc_CashDividendsPaidToParentCompanyAbstract' xlink:to='loc_CashDividendsPaidToParentCompanyByConsolidatedSubsidiaries' xlink:type='arc' />
    <link:presentationArc order='20' xlink:arcrole='http://www.xbrl.org/2003/arcrole/parent-child' xlink:from='loc_CashDividendsPaidToParentCompanyAbstract' xlink:to='loc_CashDividendsPaidToParentCompanyByUnconsolidatedSubsidiaries' xlink:type='arc' />
    <link:presentationArc order='30' xlink:arcrole='http://www.xbrl.org/2003/arcrole/parent-child' xlink:from='loc_CashDividendsPaidToParentCompanyAbstract' xlink:to='loc_CashDividendsPaidToParentCompanyBy50PercentOrLessOwnedPersons' xlink:type='arc' />
    <link:presentationArc order='40' preferredLabel='http://www.xbrl.org/2003/role/totalLabel' xlink:arcrole='http://www.xbrl.org/2003/arcrole/parent-child' xlink:from='loc_CashDividendsPaidToParentCompanyAbstract' xlink:to='loc_CashDividendsPaidToParentCompany' xlink:type='arc' />
    <link:presentationArc order='10' xlink:arcrole='http://www.xbrl.org/2003/arcrole/parent-child' xlink:from='loc_SubsidiariesMember' xlink:to='loc_GuarantorSubsidiariesMember' xlink:type='arc' />
    <link:presentationArc order='20' xlink:arcrole='http://www.xbrl.org/2003/arcrole/parent-child' xlink:from='loc_SubsidiariesMember' xlink:to='loc_NonGuarantorSubsidiariesMember' xlink:type='arc' />
  </link:presentationLink>
</link:linkbase>
