<?xml version='1.0' encoding='UTF-8'?>

<!--
(c) 2010-2021 Financial Accounting Foundation; (c) 2007-2010 XBRL US, Inc.  All Rights Reserved.
Notice: Authorized Uses are Set Forth at https://xbrl.fasb.org/terms/TaxonomiesTermsConditions.html
  -->
<link:linkbase xmlns:link='http://www.xbrl.org/2003/linkbase' xmlns:xbrldt='http://xbrl.org/2005/xbrldt' xmlns:xlink='http://www.w3.org/1999/xlink' xmlns:xsi='http://www.w3.org/2001/XMLSchema-instance' xsi:schemaLocation='http://www.xbrl.org/2003/linkbase http://www.xbrl.org/2003/xbrl-linkbase-2003-12-31.xsd'>
  <link:roleRef roleURI='http://fasb.org/us-gaap/role/disclosure/AccountingChangesAndErrorCorrections' xlink:href='../elts/us-roles-2021-01-31.xsd#acec' xlink:type='simple' />
  <link:presentationLink xlink:role='http://fasb.org/us-gaap/role/disclosure/AccountingChangesAndErrorCorrections' xlink:type='extended'>
    <link:loc xlink:href='../elts/us-gaap-2021-01-31.xsd#us-gaap_AccountingChangesAndErrorCorrectionsAbstract' xlink:label='loc_AccountingChangesAndErrorCorrectionsAbstract' xlink:type='locator' />
    <link:loc xlink:href='../elts/us-gaap-2021-01-31.xsd#us-gaap_ForInformationOnModelingAccountingChangesSeeImplementationGuideAtLinkInTinPartsInlineuriAndPdfuriGuidance' xlink:label='loc_ForInformationOnModelingAccountingChangesSeeImplementationGuideAtLinkInTinPartsInlineuriAndPdfuriGuidance' xlink:type='locator' />
    <link:loc xlink:href='../elts/us-gaap-2021-01-31.xsd#us-gaap_NewAccountingPronouncementsAndChangesInAccountingPrinciplesAbstract' xlink:label='loc_NewAccountingPronouncementsAndChangesInAccountingPrinciplesAbstract' xlink:type='locator' />
    <link:loc xlink:href='../elts/us-gaap-2021-01-31.xsd#us-gaap_ReclassificationTable' xlink:label='loc_ReclassificationTable' xlink:type='locator' />
    <link:loc xlink:href='../elts/us-gaap-2021-01-31.xsd#us-gaap_PriorPeriodAdjustmentAbstract' xlink:label='loc_PriorPeriodAdjustmentAbstract' xlink:type='locator' />
    <link:loc xlink:href='../elts/us-gaap-2021-01-31.xsd#us-gaap_ChangeInAccountingEstimateAbstract' xlink:label='loc_ChangeInAccountingEstimateAbstract' xlink:type='locator' />
    <link:loc xlink:href='../elts/us-gaap-2021-01-31.xsd#us-gaap_DisclosureTextBlockSupplementAbstract' xlink:label='loc_DisclosureTextBlockSupplementAbstract' xlink:type='locator' />
    <link:loc xlink:href='../elts/us-gaap-2021-01-31.xsd#us-gaap_AccountingChangesAndErrorCorrectionsLegacyAbstract' xlink:label='loc_AccountingChangesAndErrorCorrectionsLegacyAbstract' xlink:type='locator' />
    <link:loc xlink:href='../elts/us-gaap-2021-01-31.xsd#us-gaap_ChangeInReportingEntity' xlink:label='loc_ChangeInReportingEntity' xlink:type='locator' />
    <link:loc xlink:href='../elts/us-gaap-2021-01-31.xsd#us-gaap_ImmaterialErrorCorrection' xlink:label='loc_ImmaterialErrorCorrection' xlink:type='locator' />
    <link:loc xlink:href='../elts/us-gaap-2021-01-31.xsd#us-gaap_NewAccountingPronouncementOrChangeInAccountingPrincipleIndirectEffects' xlink:label='loc_NewAccountingPronouncementOrChangeInAccountingPrincipleIndirectEffects' xlink:type='locator' />
    <link:loc xlink:href='../elts/us-gaap-2021-01-31.xsd#us-gaap_AccountingStandardsUpdate201817Member' xlink:label='loc_AccountingStandardsUpdate201817Member' xlink:type='locator' />
    <link:loc xlink:href='../elts/us-gaap-2021-01-31.xsd#us-gaap_FairValueOptionElectionForVariableInterestEntityMember' xlink:label='loc_FairValueOptionElectionForVariableInterestEntityMember' xlink:type='locator' />
    <link:loc xlink:href='../elts/us-gaap-2021-01-31.xsd#us-gaap_CumulativeEffectAdjustmentConsolidationOfVariableInterestEntityMember' xlink:label='loc_CumulativeEffectAdjustmentConsolidationOfVariableInterestEntityMember' xlink:type='locator' />
    <link:loc xlink:href='../elts/us-gaap-2021-01-31.xsd#us-gaap_CumulativeEffectAdjustmentDeconsolidationOfVariableInterestEntityMember' xlink:label='loc_CumulativeEffectAdjustmentDeconsolidationOfVariableInterestEntityMember' xlink:type='locator' />
    <link:loc xlink:href='../elts/us-gaap-2021-01-31.xsd#us-gaap_TypeOfAdoptionMember' xlink:label='loc_TypeOfAdoptionMember' xlink:type='locator' />
    <link:loc xlink:href='../elts/us-gaap-2021-01-31.xsd#us-gaap_AccountingStandardsUpdate201026Member' xlink:label='loc_AccountingStandardsUpdate201026Member' xlink:type='locator' />
    <link:loc xlink:href='../elts/us-gaap-2021-01-31.xsd#us-gaap_AccountingStandardsUpdate201104Member' xlink:label='loc_AccountingStandardsUpdate201104Member' xlink:type='locator' />
    <link:loc xlink:href='../elts/us-gaap-2021-01-31.xsd#us-gaap_AccountingStandardsUpdate201307Member' xlink:label='loc_AccountingStandardsUpdate201307Member' xlink:type='locator' />
    <link:loc xlink:href='../elts/us-gaap-2021-01-31.xsd#us-gaap_AccountingStandardsUpdate201409Member' xlink:label='loc_AccountingStandardsUpdate201409Member' xlink:type='locator' />
    <link:loc xlink:href='../elts/us-gaap-2021-01-31.xsd#us-gaap_AccountingStandardsUpdate201517Member' xlink:label='loc_AccountingStandardsUpdate201517Member' xlink:type='locator' />
    <link:loc xlink:href='../elts/us-gaap-2021-01-31.xsd#us-gaap_AccountingStandardsUpdate201601Member' xlink:label='loc_AccountingStandardsUpdate201601Member' xlink:type='locator' />
    <link:loc xlink:href='../elts/us-gaap-2021-01-31.xsd#us-gaap_AccountingStandardsUpdate201604Member' xlink:label='loc_AccountingStandardsUpdate201604Member' xlink:type='locator' />
    <link:loc xlink:href='../elts/us-gaap-2021-01-31.xsd#us-gaap_AccountingStandardsUpdate201606Member' xlink:label='loc_AccountingStandardsUpdate201606Member' xlink:type='locator' />
    <link:loc xlink:href='../elts/us-gaap-2021-01-31.xsd#us-gaap_AccountingStandardsUpdate201609Member' xlink:label='loc_AccountingStandardsUpdate201609Member' xlink:type='locator' />
    <link:loc xlink:href='../elts/us-gaap-2021-01-31.xsd#us-gaap_AccountingStandardsUpdate201602Member' xlink:label='loc_AccountingStandardsUpdate201602Member' xlink:type='locator' />
    <link:loc xlink:href='../elts/us-gaap-2021-01-31.xsd#us-gaap_AccountingStandardsUpdate201613Member' xlink:label='loc_AccountingStandardsUpdate201613Member' xlink:type='locator' />
    <link:loc xlink:href='../elts/us-gaap-2021-01-31.xsd#us-gaap_AccountingStandardsUpdate201615Member' xlink:label='loc_AccountingStandardsUpdate201615Member' xlink:type='locator' />
    <link:loc xlink:href='../elts/us-gaap-2021-01-31.xsd#us-gaap_AccountingStandardsUpdate201618Member' xlink:label='loc_AccountingStandardsUpdate201618Member' xlink:type='locator' />
    <link:loc xlink:href='../elts/us-gaap-2021-01-31.xsd#us-gaap_AccountingStandardsUpdate201704Member' xlink:label='loc_AccountingStandardsUpdate201704Member' xlink:type='locator' />
    <link:loc xlink:href='../elts/us-gaap-2021-01-31.xsd#us-gaap_AccountingStandardsUpdate201705Member' xlink:label='loc_AccountingStandardsUpdate201705Member' xlink:type='locator' />
    <link:loc xlink:href='../elts/us-gaap-2021-01-31.xsd#us-gaap_AccountingStandardsUpdate201707Member' xlink:label='loc_AccountingStandardsUpdate201707Member' xlink:type='locator' />
    <link:loc xlink:href='../elts/us-gaap-2021-01-31.xsd#us-gaap_AccountingStandardsUpdate201708Member' xlink:label='loc_AccountingStandardsUpdate201708Member' xlink:type='locator' />
    <link:loc xlink:href='../elts/us-gaap-2021-01-31.xsd#us-gaap_AccountingStandardsUpdate201710Member' xlink:label='loc_AccountingStandardsUpdate201710Member' xlink:type='locator' />
    <link:loc xlink:href='../elts/us-gaap-2021-01-31.xsd#us-gaap_AccountingStandardsUpdate201711Member' xlink:label='loc_AccountingStandardsUpdate201711Member' xlink:type='locator' />
    <link:loc xlink:href='../elts/us-gaap-2021-01-31.xsd#us-gaap_AccountingStandardsUpdate201712Member' xlink:label='loc_AccountingStandardsUpdate201712Member' xlink:type='locator' />
    <link:loc xlink:href='../elts/us-gaap-2021-01-31.xsd#us-gaap_AccountingStandardsUpdate201715Member' xlink:label='loc_AccountingStandardsUpdate201715Member' xlink:type='locator' />
    <link:loc xlink:href='../elts/us-gaap-2021-01-31.xsd#us-gaap_AccountingStandardsUpdate201801Member' xlink:label='loc_AccountingStandardsUpdate201801Member' xlink:type='locator' />
    <link:loc xlink:href='../elts/us-gaap-2021-01-31.xsd#us-gaap_AccountingStandardsUpdate201802Member' xlink:label='loc_AccountingStandardsUpdate201802Member' xlink:type='locator' />
    <link:loc xlink:href='../elts/us-gaap-2021-01-31.xsd#us-gaap_AccountingStandardsUpdate201803Member' xlink:label='loc_AccountingStandardsUpdate201803Member' xlink:type='locator' />
    <link:loc xlink:href='../elts/us-gaap-2021-01-31.xsd#us-gaap_AccountingStandardsUpdate201804Member' xlink:label='loc_AccountingStandardsUpdate201804Member' xlink:type='locator' />
    <link:loc xlink:href='../elts/us-gaap-2021-01-31.xsd#us-gaap_AccountingStandardsUpdate201807Member' xlink:label='loc_AccountingStandardsUpdate201807Member' xlink:type='locator' />
    <link:loc xlink:href='../elts/us-gaap-2021-01-31.xsd#us-gaap_AccountingStandardsUpdate201808Member' xlink:label='loc_AccountingStandardsUpdate201808Member' xlink:type='locator' />
    <link:loc xlink:href='../elts/us-gaap-2021-01-31.xsd#us-gaap_AccountingStandardsUpdate201809Member' xlink:label='loc_AccountingStandardsUpdate201809Member' xlink:type='locator' />
    <link:loc xlink:href='../elts/us-gaap-2021-01-31.xsd#us-gaap_AccountingStandardsUpdate201811Member' xlink:label='loc_AccountingStandardsUpdate201811Member' xlink:type='locator' />
    <link:loc xlink:href='../elts/us-gaap-2021-01-31.xsd#us-gaap_AccountingStandardsUpdate201812Member' xlink:label='loc_AccountingStandardsUpdate201812Member' xlink:type='locator' />
    <link:loc xlink:href='../elts/us-gaap-2021-01-31.xsd#us-gaap_AccountingStandardsUpdate201813Member' xlink:label='loc_AccountingStandardsUpdate201813Member' xlink:type='locator' />
    <link:loc xlink:href='../elts/us-gaap-2021-01-31.xsd#us-gaap_AccountingStandardsUpdate201814Member' xlink:label='loc_AccountingStandardsUpdate201814Member' xlink:type='locator' />
    <link:loc xlink:href='../elts/us-gaap-2021-01-31.xsd#us-gaap_AccountingStandardsUpdate201815Member' xlink:label='loc_AccountingStandardsUpdate201815Member' xlink:type='locator' />
    <link:loc xlink:href='../elts/us-gaap-2021-01-31.xsd#us-gaap_AccountingStandardsUpdate201816Member' xlink:label='loc_AccountingStandardsUpdate201816Member' xlink:type='locator' />
    <link:loc xlink:href='../elts/us-gaap-2021-01-31.xsd#us-gaap_AccountingStandardsUpdate201818Member' xlink:label='loc_AccountingStandardsUpdate201818Member' xlink:type='locator' />
    <link:loc xlink:href='../elts/us-gaap-2021-01-31.xsd#us-gaap_AccountingStandardsUpdate201820Member' xlink:label='loc_AccountingStandardsUpdate201820Member' xlink:type='locator' />
    <link:loc xlink:href='../elts/us-gaap-2021-01-31.xsd#us-gaap_AccountingStandardsUpdate201901Member' xlink:label='loc_AccountingStandardsUpdate201901Member' xlink:type='locator' />
    <link:loc xlink:href='../elts/us-gaap-2021-01-31.xsd#us-gaap_AccountingStandardsUpdate201902Member' xlink:label='loc_AccountingStandardsUpdate201902Member' xlink:type='locator' />
    <link:loc xlink:href='../elts/us-gaap-2021-01-31.xsd#us-gaap_AccountingStandardsUpdate201903Member' xlink:label='loc_AccountingStandardsUpdate201903Member' xlink:type='locator' />
    <link:loc xlink:href='../elts/us-gaap-2021-01-31.xsd#us-gaap_AccountingStandardsUpdate201904Member' xlink:label='loc_AccountingStandardsUpdate201904Member' xlink:type='locator' />
    <link:loc xlink:href='../elts/us-gaap-2021-01-31.xsd#us-gaap_AccountingStandardsUpdate201905Member' xlink:label='loc_AccountingStandardsUpdate201905Member' xlink:type='locator' />
    <link:loc xlink:href='../elts/us-gaap-2021-01-31.xsd#us-gaap_AccountingStandardsUpdate201908Member' xlink:label='loc_AccountingStandardsUpdate201908Member' xlink:type='locator' />
    <link:loc xlink:href='../elts/us-gaap-2021-01-31.xsd#us-gaap_AccountingStandardsUpdate201911Member' xlink:label='loc_AccountingStandardsUpdate201911Member' xlink:type='locator' />
    <link:loc xlink:href='../elts/us-gaap-2021-01-31.xsd#us-gaap_AccountingStandardsUpdate201912Member' xlink:label='loc_AccountingStandardsUpdate201912Member' xlink:type='locator' />
    <link:loc xlink:href='../elts/us-gaap-2021-01-31.xsd#us-gaap_AccountingStandardsUpdate202001Member' xlink:label='loc_AccountingStandardsUpdate202001Member' xlink:type='locator' />
    <link:loc xlink:href='../elts/us-gaap-2021-01-31.xsd#us-gaap_AccountingStandardsUpdate202004Member' xlink:label='loc_AccountingStandardsUpdate202004Member' xlink:type='locator' />
    <link:loc xlink:href='../elts/us-gaap-2021-01-31.xsd#us-gaap_AccountingStandardsUpdate202006Member' xlink:label='loc_AccountingStandardsUpdate202006Member' xlink:type='locator' />
    <link:loc xlink:href='../elts/us-gaap-2021-01-31.xsd#us-gaap_AccountingStandardsUpdate202008Member' xlink:label='loc_AccountingStandardsUpdate202008Member' xlink:type='locator' />
    <link:loc xlink:href='../elts/us-gaap-2021-01-31.xsd#us-gaap_AccountingStandardsUpdate202009Member' xlink:label='loc_AccountingStandardsUpdate202009Member' xlink:type='locator' />
    <link:loc xlink:href='../elts/us-gaap-2021-01-31.xsd#us-gaap_AccountingStandardsUpdate202010Member' xlink:label='loc_AccountingStandardsUpdate202010Member' xlink:type='locator' />
    <link:loc xlink:href='../elts/us-gaap-2021-01-31.xsd#us-gaap_AccountingStandardsUpdate202101Member' xlink:label='loc_AccountingStandardsUpdate202101Member' xlink:type='locator' />
    <link:loc xlink:href='../elts/us-gaap-2021-01-31.xsd#us-gaap_NewAccountingPronouncementsAndChangesInAccountingPrinciplesTextBlock' xlink:label='loc_NewAccountingPronouncementsAndChangesInAccountingPrinciplesTextBlock' xlink:type='locator' />
    <link:loc xlink:href='../elts/us-gaap-2021-01-31.xsd#us-gaap_ScheduleOfNewAccountingPronouncementsAndChangesInAccountingPrinciplesTextBlock' xlink:label='loc_ScheduleOfNewAccountingPronouncementsAndChangesInAccountingPrinciplesTextBlock' xlink:type='locator' />
    <link:loc xlink:href='../elts/us-gaap-2021-01-31.xsd#us-gaap_NewAccountingPronouncementsOrChangeInAccountingPrincipleTable' xlink:label='loc_NewAccountingPronouncementsOrChangeInAccountingPrincipleTable' xlink:type='locator' />
    <link:loc xlink:href='../elts/us-gaap-2021-01-31.xsd#us-gaap_AdjustmentsForNewAccountingPronouncementsAxis' xlink:label='loc_AdjustmentsForNewAccountingPronouncementsAxis' xlink:type='locator' />
    <link:loc xlink:href='https://xbrl.fasb.org/srt/2021/elts/srt-2021-01-31.xsd#srt_CumulativeEffectPeriodOfAdoptionAxis' xlink:label='loc_CumulativeEffectPeriodOfAdoptionAxis' xlink:type='locator' />
    <link:loc xlink:href='https://xbrl.fasb.org/srt/2021/elts/srt-2021-01-31.xsd#srt_RestatementAxis' xlink:label='loc_RestatementAxis' xlink:type='locator' />
    <link:loc xlink:href='https://xbrl.fasb.org/srt/2021/elts/srt-2021-01-31.xsd#srt_StatementScenarioAxis' xlink:label='loc_StatementScenarioAxis' xlink:type='locator' />
    <link:loc xlink:href='../elts/us-gaap-2021-01-31.xsd#us-gaap_AdjustmentsForChangeInAccountingPrincipleAxis' xlink:label='loc_AdjustmentsForChangeInAccountingPrincipleAxis' xlink:type='locator' />
    <link:loc xlink:href='../elts/us-gaap-2021-01-31.xsd#us-gaap_ChangeInAccountingPrincipleIndirectEffectAxis' xlink:label='loc_ChangeInAccountingPrincipleIndirectEffectAxis' xlink:type='locator' />
    <link:loc xlink:href='../elts/us-gaap-2021-01-31.xsd#us-gaap_NewAccountingPronouncementsOrChangeInAccountingPrincipleLineItems' xlink:label='loc_NewAccountingPronouncementsOrChangeInAccountingPrincipleLineItems' xlink:type='locator' />
    <link:loc xlink:href='../elts/us-gaap-2021-01-31.xsd#us-gaap_ErrorCorrectionsAndPriorPeriodAdjustmentsRestatementByRestatementPeriodAndAmountAxis' xlink:label='loc_ErrorCorrectionsAndPriorPeriodAdjustmentsRestatementByRestatementPeriodAndAmountAxis' xlink:type='locator' />
    <link:loc xlink:href='../elts/us-gaap-2021-01-31.xsd#us-gaap_AdjustmentsForErrorCorrectionDomain' xlink:label='loc_AdjustmentsForErrorCorrectionDomain' xlink:type='locator' />
    <link:loc xlink:href='../elts/us-gaap-2021-01-31.xsd#us-gaap_ChangeInAccountingEstimateTextBlock' xlink:label='loc_ChangeInAccountingEstimateTextBlock' xlink:type='locator' />
    <link:loc xlink:href='../elts/us-gaap-2021-01-31.xsd#us-gaap_ScheduleOfChangeInAccountingEstimateTextBlock' xlink:label='loc_ScheduleOfChangeInAccountingEstimateTextBlock' xlink:type='locator' />
    <link:loc xlink:href='../elts/us-gaap-2021-01-31.xsd#us-gaap_ScheduleOfChangeInAccountingEstimateTable' xlink:label='loc_ScheduleOfChangeInAccountingEstimateTable' xlink:type='locator' />
    <link:loc xlink:href='../elts/us-gaap-2021-01-31.xsd#us-gaap_ChangeInAccountingEstimateLineItems' xlink:label='loc_ChangeInAccountingEstimateLineItems' xlink:type='locator' />
    <link:loc xlink:href='../elts/us-gaap-2021-01-31.xsd#us-gaap_ChangeInAccountingEstimateDescription' xlink:label='loc_ChangeInAccountingEstimateDescription' xlink:type='locator' />
    <link:loc xlink:href='../elts/us-gaap-2021-01-31.xsd#us-gaap_ChangeInAccountingEstimateByTypeAxis' xlink:label='loc_ChangeInAccountingEstimateByTypeAxis' xlink:type='locator' />
    <link:loc xlink:href='../elts/us-gaap-2021-01-31.xsd#us-gaap_ChangeInAccountingEstimateTypeDomain' xlink:label='loc_ChangeInAccountingEstimateTypeDomain' xlink:type='locator' />
    <link:loc xlink:href='../elts/us-gaap-2021-01-31.xsd#us-gaap_IntangibleAssetsAmortizationPeriodMember' xlink:label='loc_IntangibleAssetsAmortizationPeriodMember' xlink:type='locator' />
    <link:loc xlink:href='../elts/us-gaap-2021-01-31.xsd#us-gaap_WarrantyObligationsMember' xlink:label='loc_WarrantyObligationsMember' xlink:type='locator' />
    <link:loc xlink:href='../elts/us-gaap-2021-01-31.xsd#us-gaap_InventoryValuationAndObsolescenceMember' xlink:label='loc_InventoryValuationAndObsolescenceMember' xlink:type='locator' />
    <link:loc xlink:href='../elts/us-gaap-2021-01-31.xsd#us-gaap_UncollectibleReceivablesMember' xlink:label='loc_UncollectibleReceivablesMember' xlink:type='locator' />
    <link:loc xlink:href='../elts/us-gaap-2021-01-31.xsd#us-gaap_ContractsAccountedForUnderPercentageOfCompletionMember' xlink:label='loc_ContractsAccountedForUnderPercentageOfCompletionMember' xlink:type='locator' />
    <link:loc xlink:href='../elts/us-gaap-2021-01-31.xsd#us-gaap_ChangeInAssumptionsForPensionPlansMember' xlink:label='loc_ChangeInAssumptionsForPensionPlansMember' xlink:type='locator' />
    <link:loc xlink:href='../elts/us-gaap-2021-01-31.xsd#us-gaap_ChangeInAccountingMethodAccountedForAsChangeInEstimateMember' xlink:label='loc_ChangeInAccountingMethodAccountedForAsChangeInEstimateMember' xlink:type='locator' />
    <link:loc xlink:href='../elts/us-gaap-2021-01-31.xsd#us-gaap_SalesReturnsAndAllowancesMember' xlink:label='loc_SalesReturnsAndAllowancesMember' xlink:type='locator' />
    <link:loc xlink:href='../elts/us-gaap-2021-01-31.xsd#us-gaap_RegulatoryReviewsOfFilingsMember' xlink:label='loc_RegulatoryReviewsOfFilingsMember' xlink:type='locator' />
    <link:loc xlink:href='../elts/us-gaap-2021-01-31.xsd#us-gaap_DisputesMember' xlink:label='loc_DisputesMember' xlink:type='locator' />
    <link:loc xlink:href='../elts/us-gaap-2021-01-31.xsd#us-gaap_ServiceLifeMember' xlink:label='loc_ServiceLifeMember' xlink:type='locator' />
    <link:loc xlink:href='../elts/us-gaap-2021-01-31.xsd#us-gaap_SalvageValueMember' xlink:label='loc_SalvageValueMember' xlink:type='locator' />
    <link:loc xlink:href='../elts/us-gaap-2021-01-31.xsd#us-gaap_ChangeInAccountingPrincipleIndirectEffectDomain' xlink:label='loc_ChangeInAccountingPrincipleIndirectEffectDomain' xlink:type='locator' />
    <link:loc xlink:href='../elts/us-gaap-2021-01-31.xsd#us-gaap_ChangeInAccountingPrincipleIndirectEffectMember' xlink:label='loc_ChangeInAccountingPrincipleIndirectEffectMember' xlink:type='locator' />
    <link:loc xlink:href='../elts/us-gaap-2021-01-31.xsd#us-gaap_ChangeInAccountingPrincipleMember' xlink:label='loc_ChangeInAccountingPrincipleMember' xlink:type='locator' />
    <link:loc xlink:href='../elts/us-gaap-2021-01-31.xsd#us-gaap_ChangeInAccountingPrincipleOtherMember' xlink:label='loc_ChangeInAccountingPrincipleOtherMember' xlink:type='locator' />
    <link:loc xlink:href='https://xbrl.fasb.org/srt/2021/elts/srt-2021-01-31.xsd#srt_CumulativeEffectPeriodOfAdoptionDomain' xlink:label='loc_CumulativeEffectPeriodOfAdoptionDomain' xlink:type='locator' />
    <link:loc xlink:href='https://xbrl.fasb.org/srt/2021/elts/srt-2021-01-31.xsd#srt_CumulativeEffectPeriodOfAdoptionAdjustedBalanceMember' xlink:label='loc_CumulativeEffectPeriodOfAdoptionAdjustedBalanceMember' xlink:type='locator' />
    <link:loc xlink:href='https://xbrl.fasb.org/srt/2021/elts/srt-2021-01-31.xsd#srt_CumulativeEffectPeriodOfAdoptionAdjustmentMember' xlink:label='loc_CumulativeEffectPeriodOfAdoptionAdjustmentMember' xlink:type='locator' />
    <link:loc xlink:href='../elts/us-gaap-2021-01-31.xsd#us-gaap_ChangeInReportingEntityTextBlock' xlink:label='loc_ChangeInReportingEntityTextBlock' xlink:type='locator' />
    <link:loc xlink:href='../elts/us-gaap-2021-01-31.xsd#us-gaap_ErrorCorrectionsAndPriorPeriodAdjustmentsRestatementLineItems' xlink:label='loc_ErrorCorrectionsAndPriorPeriodAdjustmentsRestatementLineItems' xlink:type='locator' />
    <link:loc xlink:href='../elts/us-gaap-2021-01-31.xsd#us-gaap_IncomeLossFromContinuingOperationsBeforeIncomeTaxesExtraordinaryItemsNoncontrollingInterest' xlink:label='loc_IncomeLossFromContinuingOperationsBeforeIncomeTaxesExtraordinaryItemsNoncontrollingInterest' xlink:type='locator' />
    <link:loc xlink:href='../elts/us-gaap-2021-01-31.xsd#us-gaap_ProfitLoss' xlink:label='loc_ProfitLoss' xlink:type='locator' />
    <link:loc xlink:href='../elts/us-gaap-2021-01-31.xsd#us-gaap_EarningsPerShareBasic' xlink:label='loc_EarningsPerShareBasic' xlink:type='locator' />
    <link:loc xlink:href='../elts/us-gaap-2021-01-31.xsd#us-gaap_EarningsPerShareDiluted' xlink:label='loc_EarningsPerShareDiluted' xlink:type='locator' />
    <link:loc xlink:href='../elts/us-gaap-2021-01-31.xsd#us-gaap_RetainedEarningsAccumulatedDeficit' xlink:label='loc_RetainedEarningsAccumulatedDeficit' xlink:type='locator' />
    <link:loc xlink:href='../elts/us-gaap-2021-01-31.xsd#us-gaap_ErrorCorrectionTypeExtensibleList' xlink:label='loc_ErrorCorrectionTypeExtensibleList' xlink:type='locator' />
    <link:loc xlink:href='../elts/us-gaap-2021-01-31.xsd#us-gaap_ErrorCorrectionPreviouslyImmaterial' xlink:label='loc_ErrorCorrectionPreviouslyImmaterial' xlink:type='locator' />
    <link:loc xlink:href='../elts/us-gaap-2021-01-31.xsd#us-gaap_UseFinancialStatementLineItemElementsWithDimensionElementsForEffectOfAmendmentFromAccountingStandardsUpdateGuidance' xlink:label='loc_UseFinancialStatementLineItemElementsWithDimensionElementsForEffectOfAmendmentFromAccountingStandardsUpdateGuidance' xlink:type='locator' />
    <link:loc xlink:href='../elts/us-gaap-2021-01-31.xsd#us-gaap_ChangeInAccountingPrincipleAccountingStandardsUpdateAdopted' xlink:label='loc_ChangeInAccountingPrincipleAccountingStandardsUpdateAdopted' xlink:type='locator' />
    <link:loc xlink:href='../elts/us-gaap-2021-01-31.xsd#us-gaap_ChangeInAccountingPrincipleAccountingStandardsUpdateEarlyAdoption' xlink:label='loc_ChangeInAccountingPrincipleAccountingStandardsUpdateEarlyAdoption' xlink:type='locator' />
    <link:loc xlink:href='../elts/us-gaap-2021-01-31.xsd#us-gaap_ChangeInAccountingPrincipleAccountingStandardsUpdateTransitionOptionElectedExtensibleList' xlink:label='loc_ChangeInAccountingPrincipleAccountingStandardsUpdateTransitionOptionElectedExtensibleList' xlink:type='locator' />
    <link:loc xlink:href='../elts/us-gaap-2021-01-31.xsd#us-gaap_ChangeInAccountingPrincipleAccountingStandardsUpdateAdoptionDate' xlink:label='loc_ChangeInAccountingPrincipleAccountingStandardsUpdateAdoptionDate' xlink:type='locator' />
    <link:loc xlink:href='../elts/us-gaap-2021-01-31.xsd#us-gaap_ChangeInAccountingPrincipleAccountingStandardsUpdateImmaterialEffect' xlink:label='loc_ChangeInAccountingPrincipleAccountingStandardsUpdateImmaterialEffect' xlink:type='locator' />
    <link:loc xlink:href='../elts/us-gaap-2021-01-31.xsd#us-gaap_AccountingStandardsUpdateExtensibleList' xlink:label='loc_AccountingStandardsUpdateExtensibleList' xlink:type='locator' />
    <link:loc xlink:href='../elts/us-gaap-2021-01-31.xsd#us-gaap_ChangeInAccountingPrincipleTypeExtensibleList' xlink:label='loc_ChangeInAccountingPrincipleTypeExtensibleList' xlink:type='locator' />
    <link:loc xlink:href='../elts/us-gaap-2021-01-31.xsd#us-gaap_FairValueOptionFinancialInstrumentMeasuredAtAmortizedCostCreditLoss' xlink:label='loc_FairValueOptionFinancialInstrumentMeasuredAtAmortizedCostCreditLoss' xlink:type='locator' />
    <link:loc xlink:href='../elts/us-gaap-2021-01-31.xsd#us-gaap_ServiceConcessionArrangementRetrospectiveApplicationAllContracts' xlink:label='loc_ServiceConcessionArrangementRetrospectiveApplicationAllContracts' xlink:type='locator' />
    <link:loc xlink:href='../elts/us-gaap-2021-01-31.xsd#us-gaap_ServiceConcessionArrangementRetrospectiveApplicationNotCompletedContracts' xlink:label='loc_ServiceConcessionArrangementRetrospectiveApplicationNotCompletedContracts' xlink:type='locator' />
    <link:loc xlink:href='../elts/us-gaap-2021-01-31.xsd#us-gaap_AccountingStandardsUpdate201818ApplicationFixedList' xlink:label='loc_AccountingStandardsUpdate201818ApplicationFixedList' xlink:type='locator' />
    <link:loc xlink:href='../elts/us-gaap-2021-01-31.xsd#us-gaap_ChangeInAccountingPrincipleAccountingStandardsUpdateRetrospectiveApplicationImpracticable' xlink:label='loc_ChangeInAccountingPrincipleAccountingStandardsUpdateRetrospectiveApplicationImpracticable' xlink:type='locator' />
    <link:loc xlink:href='../elts/us-gaap-2021-01-31.xsd#us-gaap_NewAccountingPronouncementOrChangeInAccountingPrinciplePriorPeriodNotRestated' xlink:label='loc_NewAccountingPronouncementOrChangeInAccountingPrinciplePriorPeriodNotRestated' xlink:type='locator' />
    <link:loc xlink:href='../elts/us-gaap-2021-01-31.xsd#us-gaap_NewAccountingPronouncementOrChangeInAccountingPrincipleDescriptionOfPriorperiodInformationRetrospectivelyAdjusted' xlink:label='loc_NewAccountingPronouncementOrChangeInAccountingPrincipleDescriptionOfPriorperiodInformationRetrospectivelyAdjusted' xlink:type='locator' />
    <link:loc xlink:href='../elts/us-gaap-2021-01-31.xsd#us-gaap_NewAccountingPronouncementOrChangeInAccountingPrincipleDescription' xlink:label='loc_NewAccountingPronouncementOrChangeInAccountingPrincipleDescription' xlink:type='locator' />
    <link:loc xlink:href='../elts/us-gaap-2021-01-31.xsd#us-gaap_DebtSecuritiesHeldToMaturityReferenceRateReformSaleOrTransferElection' xlink:label='loc_DebtSecuritiesHeldToMaturityReferenceRateReformSaleOrTransferElection' xlink:type='locator' />
    <link:loc xlink:href='../elts/us-gaap-2021-01-31.xsd#us-gaap_ErrorCorrectionTextBlock' xlink:label='loc_ErrorCorrectionTextBlock' xlink:type='locator' />
    <link:loc xlink:href='../elts/us-gaap-2021-01-31.xsd#us-gaap_ScheduleOfErrorCorrectionsAndPriorPeriodAdjustmentsTextBlock' xlink:label='loc_ScheduleOfErrorCorrectionsAndPriorPeriodAdjustmentsTextBlock' xlink:type='locator' />
    <link:loc xlink:href='../elts/us-gaap-2021-01-31.xsd#us-gaap_ScheduleOfErrorCorrectionsAndPriorPeriodAdjustmentRestatementTable' xlink:label='loc_ScheduleOfErrorCorrectionsAndPriorPeriodAdjustmentRestatementTable' xlink:type='locator' />
    <link:loc xlink:href='../elts/us-gaap-2021-01-31.xsd#us-gaap_ErrorCorrectionsAndPriorPeriodAdjustmentsDescription' xlink:label='loc_ErrorCorrectionsAndPriorPeriodAdjustmentsDescription' xlink:type='locator' />
    <link:loc xlink:href='../elts/us-gaap-2021-01-31.xsd#us-gaap_ReclassificationLineItems' xlink:label='loc_ReclassificationLineItems' xlink:type='locator' />
    <link:loc xlink:href='../elts/us-gaap-2021-01-31.xsd#us-gaap_ReclassificationTypeExtensibleList' xlink:label='loc_ReclassificationTypeExtensibleList' xlink:type='locator' />
    <link:loc xlink:href='../elts/us-gaap-2021-01-31.xsd#us-gaap_ReclassificationTypeAxis' xlink:label='loc_ReclassificationTypeAxis' xlink:type='locator' />
    <link:loc xlink:href='../elts/us-gaap-2021-01-31.xsd#us-gaap_ReclassificationTypeDomain' xlink:label='loc_ReclassificationTypeDomain' xlink:type='locator' />
    <link:loc xlink:href='../elts/us-gaap-2021-01-31.xsd#us-gaap_ReclassificationOtherMember' xlink:label='loc_ReclassificationOtherMember' xlink:type='locator' />
    <link:loc xlink:href='https://xbrl.fasb.org/srt/2021/elts/srt-2021-01-31.xsd#srt_RestatementDomain' xlink:label='loc_RestatementDomain' xlink:type='locator' />
    <link:loc xlink:href='https://xbrl.fasb.org/srt/2021/elts/srt-2021-01-31.xsd#srt_ScenarioPreviouslyReportedMember' xlink:label='loc_ScenarioPreviouslyReportedMember' xlink:type='locator' />
    <link:loc xlink:href='https://xbrl.fasb.org/srt/2021/elts/srt-2021-01-31.xsd#srt_RestatementAdjustmentMember' xlink:label='loc_RestatementAdjustmentMember' xlink:type='locator' />
    <link:loc xlink:href='https://xbrl.fasb.org/srt/2021/elts/srt-2021-01-31.xsd#srt_RevisionOfPriorPeriodChangeInAccountingPrincipleAdjustmentMember' xlink:label='loc_RevisionOfPriorPeriodChangeInAccountingPrincipleAdjustmentMember' xlink:type='locator' />
    <link:loc xlink:href='https://xbrl.fasb.org/srt/2021/elts/srt-2021-01-31.xsd#srt_RevisionOfPriorPeriodErrorCorrectionAdjustmentMember' xlink:label='loc_RevisionOfPriorPeriodErrorCorrectionAdjustmentMember' xlink:type='locator' />
    <link:loc xlink:href='https://xbrl.fasb.org/srt/2021/elts/srt-2021-01-31.xsd#srt_RevisionOfPriorPeriodAccountingStandardsUpdateAdjustmentMember' xlink:label='loc_RevisionOfPriorPeriodAccountingStandardsUpdateAdjustmentMember' xlink:type='locator' />
    <link:loc xlink:href='https://xbrl.fasb.org/srt/2021/elts/srt-2021-01-31.xsd#srt_RevisionOfPriorPeriodReclassificationAdjustmentMember' xlink:label='loc_RevisionOfPriorPeriodReclassificationAdjustmentMember' xlink:type='locator' />
    <link:loc xlink:href='https://xbrl.fasb.org/srt/2021/elts/srt-2021-01-31.xsd#srt_ScenarioUnspecifiedDomain' xlink:label='loc_ScenarioUnspecifiedDomain' xlink:type='locator' />
    <link:loc xlink:href='https://xbrl.fasb.org/srt/2021/elts/srt-2021-01-31.xsd#srt_ScenarioForecastMember' xlink:label='loc_ScenarioForecastMember' xlink:type='locator' />
    <link:loc xlink:href='../elts/us-gaap-2021-01-31.xsd#us-gaap_ErrorCorrectionOtherMember' xlink:label='loc_ErrorCorrectionOtherMember' xlink:type='locator' />
    <link:presentationArc order='10' xlink:arcrole='http://www.xbrl.org/2003/arcrole/parent-child' xlink:from='loc_AccountingChangesAndErrorCorrectionsAbstract' xlink:to='loc_ForInformationOnModelingAccountingChangesSeeImplementationGuideAtLinkInTinPartsInlineuriAndPdfuriGuidance' xlink:type='arc' />
    <link:presentationArc order='20' xlink:arcrole='http://www.xbrl.org/2003/arcrole/parent-child' xlink:from='loc_AccountingChangesAndErrorCorrectionsAbstract' xlink:to='loc_NewAccountingPronouncementsAndChangesInAccountingPrinciplesAbstract' xlink:type='arc' />
    <link:presentationArc order='30' xlink:arcrole='http://www.xbrl.org/2003/arcrole/parent-child' xlink:from='loc_AccountingChangesAndErrorCorrectionsAbstract' xlink:to='loc_ReclassificationTable' xlink:type='arc' />
    <link:presentationArc order='40' xlink:arcrole='http://www.xbrl.org/2003/arcrole/parent-child' xlink:from='loc_AccountingChangesAndErrorCorrectionsAbstract' xlink:to='loc_PriorPeriodAdjustmentAbstract' xlink:type='arc' />
    <link:presentationArc order='50' xlink:arcrole='http://www.xbrl.org/2003/arcrole/parent-child' xlink:from='loc_AccountingChangesAndErrorCorrectionsAbstract' xlink:to='loc_ChangeInAccountingEstimateAbstract' xlink:type='arc' />
    <link:presentationArc order='60' xlink:arcrole='http://www.xbrl.org/2003/arcrole/parent-child' xlink:from='loc_AccountingChangesAndErrorCorrectionsAbstract' xlink:to='loc_DisclosureTextBlockSupplementAbstract' xlink:type='arc' />
    <link:presentationArc order='70' xlink:arcrole='http://www.xbrl.org/2003/arcrole/parent-child' xlink:from='loc_AccountingChangesAndErrorCorrectionsAbstract' xlink:to='loc_AccountingChangesAndErrorCorrectionsLegacyAbstract' xlink:type='arc' />
    <link:presentationArc order='10' xlink:arcrole='http://www.xbrl.org/2003/arcrole/parent-child' xlink:from='loc_AccountingChangesAndErrorCorrectionsLegacyAbstract' xlink:to='loc_ChangeInReportingEntity' xlink:type='arc' />
    <link:presentationArc order='20' xlink:arcrole='http://www.xbrl.org/2003/arcrole/parent-child' xlink:from='loc_AccountingChangesAndErrorCorrectionsLegacyAbstract' xlink:to='loc_ImmaterialErrorCorrection' xlink:type='arc' />
    <link:presentationArc order='30' xlink:arcrole='http://www.xbrl.org/2003/arcrole/parent-child' xlink:from='loc_AccountingChangesAndErrorCorrectionsLegacyAbstract' xlink:to='loc_NewAccountingPronouncementOrChangeInAccountingPrincipleIndirectEffects' xlink:type='arc' />
    <link:presentationArc order='10' xlink:arcrole='http://www.xbrl.org/2003/arcrole/parent-child' xlink:from='loc_AccountingStandardsUpdate201817Member' xlink:to='loc_FairValueOptionElectionForVariableInterestEntityMember' xlink:type='arc' />
    <link:presentationArc order='20' xlink:arcrole='http://www.xbrl.org/2003/arcrole/parent-child' xlink:from='loc_AccountingStandardsUpdate201817Member' xlink:to='loc_CumulativeEffectAdjustmentConsolidationOfVariableInterestEntityMember' xlink:type='arc' />
    <link:presentationArc order='30' xlink:arcrole='http://www.xbrl.org/2003/arcrole/parent-child' xlink:from='loc_AccountingStandardsUpdate201817Member' xlink:to='loc_CumulativeEffectAdjustmentDeconsolidationOfVariableInterestEntityMember' xlink:type='arc' />
    <link:presentationArc order='10' xlink:arcrole='http://www.xbrl.org/2003/arcrole/parent-child' xlink:from='loc_TypeOfAdoptionMember' xlink:to='loc_AccountingStandardsUpdate201026Member' xlink:type='arc' />
    <link:presentationArc order='20' xlink:arcrole='http://www.xbrl.org/2003/arcrole/parent-child' xlink:from='loc_TypeOfAdoptionMember' xlink:to='loc_AccountingStandardsUpdate201104Member' xlink:type='arc' />
    <link:presentationArc order='30' xlink:arcrole='http://www.xbrl.org/2003/arcrole/parent-child' xlink:from='loc_TypeOfAdoptionMember' xlink:to='loc_AccountingStandardsUpdate201307Member' xlink:type='arc' />
    <link:presentationArc order='40' xlink:arcrole='http://www.xbrl.org/2003/arcrole/parent-child' xlink:from='loc_TypeOfAdoptionMember' xlink:to='loc_AccountingStandardsUpdate201409Member' xlink:type='arc' />
    <link:presentationArc order='50' xlink:arcrole='http://www.xbrl.org/2003/arcrole/parent-child' xlink:from='loc_TypeOfAdoptionMember' xlink:to='loc_AccountingStandardsUpdate201517Member' xlink:type='arc' />
    <link:presentationArc order='60' xlink:arcrole='http://www.xbrl.org/2003/arcrole/parent-child' xlink:from='loc_TypeOfAdoptionMember' xlink:to='loc_AccountingStandardsUpdate201601Member' xlink:type='arc' />
    <link:presentationArc order='70' xlink:arcrole='http://www.xbrl.org/2003/arcrole/parent-child' xlink:from='loc_TypeOfAdoptionMember' xlink:to='loc_AccountingStandardsUpdate201604Member' xlink:type='arc' />
    <link:presentationArc order='80' xlink:arcrole='http://www.xbrl.org/2003/arcrole/parent-child' xlink:from='loc_TypeOfAdoptionMember' xlink:to='loc_AccountingStandardsUpdate201606Member' xlink:type='arc' />
    <link:presentationArc order='90' xlink:arcrole='http://www.xbrl.org/2003/arcrole/parent-child' xlink:from='loc_TypeOfAdoptionMember' xlink:to='loc_AccountingStandardsUpdate201609Member' xlink:type='arc' />
    <link:presentationArc order='100' xlink:arcrole='http://www.xbrl.org/2003/arcrole/parent-child' xlink:from='loc_TypeOfAdoptionMember' xlink:to='loc_AccountingStandardsUpdate201602Member' xlink:type='arc' />
    <link:presentationArc order='110' xlink:arcrole='http://www.xbrl.org/2003/arcrole/parent-child' xlink:from='loc_TypeOfAdoptionMember' xlink:to='loc_AccountingStandardsUpdate201613Member' xlink:type='arc' />
    <link:presentationArc order='120' xlink:arcrole='http://www.xbrl.org/2003/arcrole/parent-child' xlink:from='loc_TypeOfAdoptionMember' xlink:to='loc_AccountingStandardsUpdate201615Member' xlink:type='arc' />
    <link:presentationArc order='130' xlink:arcrole='http://www.xbrl.org/2003/arcrole/parent-child' xlink:from='loc_TypeOfAdoptionMember' xlink:to='loc_AccountingStandardsUpdate201618Member' xlink:type='arc' />
    <link:presentationArc order='140' xlink:arcrole='http://www.xbrl.org/2003/arcrole/parent-child' xlink:from='loc_TypeOfAdoptionMember' xlink:to='loc_AccountingStandardsUpdate201704Member' xlink:type='arc' />
    <link:presentationArc order='150' xlink:arcrole='http://www.xbrl.org/2003/arcrole/parent-child' xlink:from='loc_TypeOfAdoptionMember' xlink:to='loc_AccountingStandardsUpdate201705Member' xlink:type='arc' />
    <link:presentationArc order='160' xlink:arcrole='http://www.xbrl.org/2003/arcrole/parent-child' xlink:from='loc_TypeOfAdoptionMember' xlink:to='loc_AccountingStandardsUpdate201707Member' xlink:type='arc' />
    <link:presentationArc order='170' xlink:arcrole='http://www.xbrl.org/2003/arcrole/parent-child' xlink:from='loc_TypeOfAdoptionMember' xlink:to='loc_AccountingStandardsUpdate201708Member' xlink:type='arc' />
    <link:presentationArc order='180' xlink:arcrole='http://www.xbrl.org/2003/arcrole/parent-child' xlink:from='loc_TypeOfAdoptionMember' xlink:to='loc_AccountingStandardsUpdate201710Member' xlink:type='arc' />
    <link:presentationArc order='190' xlink:arcrole='http://www.xbrl.org/2003/arcrole/parent-child' xlink:from='loc_TypeOfAdoptionMember' xlink:to='loc_AccountingStandardsUpdate201711Member' xlink:type='arc' />
    <link:presentationArc order='200' xlink:arcrole='http://www.xbrl.org/2003/arcrole/parent-child' xlink:from='loc_TypeOfAdoptionMember' xlink:to='loc_AccountingStandardsUpdate201712Member' xlink:type='arc' />
    <link:presentationArc order='210' xlink:arcrole='http://www.xbrl.org/2003/arcrole/parent-child' xlink:from='loc_TypeOfAdoptionMember' xlink:to='loc_AccountingStandardsUpdate201715Member' xlink:type='arc' />
    <link:presentationArc order='220' xlink:arcrole='http://www.xbrl.org/2003/arcrole/parent-child' xlink:from='loc_TypeOfAdoptionMember' xlink:to='loc_AccountingStandardsUpdate201801Member' xlink:type='arc' />
    <link:presentationArc order='230' xlink:arcrole='http://www.xbrl.org/2003/arcrole/parent-child' xlink:from='loc_TypeOfAdoptionMember' xlink:to='loc_AccountingStandardsUpdate201802Member' xlink:type='arc' />
    <link:presentationArc order='240' xlink:arcrole='http://www.xbrl.org/2003/arcrole/parent-child' xlink:from='loc_TypeOfAdoptionMember' xlink:to='loc_AccountingStandardsUpdate201803Member' xlink:type='arc' />
    <link:presentationArc order='250' xlink:arcrole='http://www.xbrl.org/2003/arcrole/parent-child' xlink:from='loc_TypeOfAdoptionMember' xlink:to='loc_AccountingStandardsUpdate201804Member' xlink:type='arc' />
    <link:presentationArc order='260' xlink:arcrole='http://www.xbrl.org/2003/arcrole/parent-child' xlink:from='loc_TypeOfAdoptionMember' xlink:to='loc_AccountingStandardsUpdate201807Member' xlink:type='arc' />
    <link:presentationArc order='270' xlink:arcrole='http://www.xbrl.org/2003/arcrole/parent-child' xlink:from='loc_TypeOfAdoptionMember' xlink:to='loc_AccountingStandardsUpdate201808Member' xlink:type='arc' />
    <link:presentationArc order='280' xlink:arcrole='http://www.xbrl.org/2003/arcrole/parent-child' xlink:from='loc_TypeOfAdoptionMember' xlink:to='loc_AccountingStandardsUpdate201809Member' xlink:type='arc' />
    <link:presentationArc order='290' xlink:arcrole='http://www.xbrl.org/2003/arcrole/parent-child' xlink:from='loc_TypeOfAdoptionMember' xlink:to='loc_AccountingStandardsUpdate201811Member' xlink:type='arc' />
    <link:presentationArc order='300' xlink:arcrole='http://www.xbrl.org/2003/arcrole/parent-child' xlink:from='loc_TypeOfAdoptionMember' xlink:to='loc_AccountingStandardsUpdate201812Member' xlink:type='arc' />
    <link:presentationArc order='310' xlink:arcrole='http://www.xbrl.org/2003/arcrole/parent-child' xlink:from='loc_TypeOfAdoptionMember' xlink:to='loc_AccountingStandardsUpdate201813Member' xlink:type='arc' />
    <link:presentationArc order='320' xlink:arcrole='http://www.xbrl.org/2003/arcrole/parent-child' xlink:from='loc_TypeOfAdoptionMember' xlink:to='loc_AccountingStandardsUpdate201814Member' xlink:type='arc' />
    <link:presentationArc order='330' xlink:arcrole='http://www.xbrl.org/2003/arcrole/parent-child' xlink:from='loc_TypeOfAdoptionMember' xlink:to='loc_AccountingStandardsUpdate201815Member' xlink:type='arc' />
    <link:presentationArc order='340' xlink:arcrole='http://www.xbrl.org/2003/arcrole/parent-child' xlink:from='loc_TypeOfAdoptionMember' xlink:to='loc_AccountingStandardsUpdate201816Member' xlink:type='arc' />
    <link:presentationArc order='350' xlink:arcrole='http://www.xbrl.org/2003/arcrole/parent-child' xlink:from='loc_TypeOfAdoptionMember' xlink:to='loc_AccountingStandardsUpdate201817Member' xlink:type='arc' />
    <link:presentationArc order='360' xlink:arcrole='http://www.xbrl.org/2003/arcrole/parent-child' xlink:from='loc_TypeOfAdoptionMember' xlink:to='loc_AccountingStandardsUpdate201818Member' xlink:type='arc' />
    <link:presentationArc order='370' xlink:arcrole='http://www.xbrl.org/2003/arcrole/parent-child' xlink:from='loc_TypeOfAdoptionMember' xlink:to='loc_AccountingStandardsUpdate201820Member' xlink:type='arc' />
    <link:presentationArc order='380' xlink:arcrole='http://www.xbrl.org/2003/arcrole/parent-child' xlink:from='loc_TypeOfAdoptionMember' xlink:to='loc_AccountingStandardsUpdate201901Member' xlink:type='arc' />
    <link:presentationArc order='390' xlink:arcrole='http://www.xbrl.org/2003/arcrole/parent-child' xlink:from='loc_TypeOfAdoptionMember' xlink:to='loc_AccountingStandardsUpdate201902Member' xlink:type='arc' />
    <link:presentationArc order='400' xlink:arcrole='http://www.xbrl.org/2003/arcrole/parent-child' xlink:from='loc_TypeOfAdoptionMember' xlink:to='loc_AccountingStandardsUpdate201903Member' xlink:type='arc' />
    <link:presentationArc order='410' xlink:arcrole='http://www.xbrl.org/2003/arcrole/parent-child' xlink:from='loc_TypeOfAdoptionMember' xlink:to='loc_AccountingStandardsUpdate201904Member' xlink:type='arc' />
    <link:presentationArc order='420' xlink:arcrole='http://www.xbrl.org/2003/arcrole/parent-child' xlink:from='loc_TypeOfAdoptionMember' xlink:to='loc_AccountingStandardsUpdate201905Member' xlink:type='arc' />
    <link:presentationArc order='430' xlink:arcrole='http://www.xbrl.org/2003/arcrole/parent-child' xlink:from='loc_TypeOfAdoptionMember' xlink:to='loc_AccountingStandardsUpdate201908Member' xlink:type='arc' />
    <link:presentationArc order='440' xlink:arcrole='http://www.xbrl.org/2003/arcrole/parent-child' xlink:from='loc_TypeOfAdoptionMember' xlink:to='loc_AccountingStandardsUpdate201911Member' xlink:type='arc' />
    <link:presentationArc order='450' xlink:arcrole='http://www.xbrl.org/2003/arcrole/parent-child' xlink:from='loc_TypeOfAdoptionMember' xlink:to='loc_AccountingStandardsUpdate201912Member' xlink:type='arc' />
    <link:presentationArc order='460' xlink:arcrole='http://www.xbrl.org/2003/arcrole/parent-child' xlink:from='loc_TypeOfAdoptionMember' xlink:to='loc_AccountingStandardsUpdate202001Member' xlink:type='arc' />
    <link:presentationArc order='470' xlink:arcrole='http://www.xbrl.org/2003/arcrole/parent-child' xlink:from='loc_TypeOfAdoptionMember' xlink:to='loc_AccountingStandardsUpdate202004Member' xlink:type='arc' />
    <link:presentationArc order='480' xlink:arcrole='http://www.xbrl.org/2003/arcrole/parent-child' xlink:from='loc_TypeOfAdoptionMember' xlink:to='loc_AccountingStandardsUpdate202006Member' xlink:type='arc' />
    <link:presentationArc order='490' xlink:arcrole='http://www.xbrl.org/2003/arcrole/parent-child' xlink:from='loc_TypeOfAdoptionMember' xlink:to='loc_AccountingStandardsUpdate202008Member' xlink:type='arc' />
    <link:presentationArc order='500' xlink:arcrole='http://www.xbrl.org/2003/arcrole/parent-child' xlink:from='loc_TypeOfAdoptionMember' xlink:to='loc_AccountingStandardsUpdate202009Member' xlink:type='arc' />
    <link:presentationArc order='510' xlink:arcrole='http://www.xbrl.org/2003/arcrole/parent-child' xlink:from='loc_TypeOfAdoptionMember' xlink:to='loc_AccountingStandardsUpdate202010Member' xlink:type='arc' />
    <link:presentationArc order='520' xlink:arcrole='http://www.xbrl.org/2003/arcrole/parent-child' xlink:from='loc_TypeOfAdoptionMember' xlink:to='loc_AccountingStandardsUpdate202101Member' xlink:type='arc' />
    <link:presentationArc order='10' xlink:arcrole='http://www.xbrl.org/2003/arcrole/parent-child' xlink:from='loc_NewAccountingPronouncementsAndChangesInAccountingPrinciplesAbstract' xlink:to='loc_NewAccountingPronouncementsAndChangesInAccountingPrinciplesTextBlock' xlink:type='arc' />
    <link:presentationArc order='10' xlink:arcrole='http://www.xbrl.org/2003/arcrole/parent-child' xlink:from='loc_NewAccountingPronouncementsAndChangesInAccountingPrinciplesTextBlock' xlink:to='loc_ScheduleOfNewAccountingPronouncementsAndChangesInAccountingPrinciplesTextBlock' xlink:type='arc' />
    <link:presentationArc order='10' xlink:arcrole='http://www.xbrl.org/2003/arcrole/parent-child' xlink:from='loc_ScheduleOfNewAccountingPronouncementsAndChangesInAccountingPrinciplesTextBlock' xlink:to='loc_NewAccountingPronouncementsOrChangeInAccountingPrincipleTable' xlink:type='arc' />
    <link:presentationArc order='10' xlink:arcrole='http://www.xbrl.org/2003/arcrole/parent-child' xlink:from='loc_NewAccountingPronouncementsOrChangeInAccountingPrincipleTable' xlink:to='loc_AdjustmentsForNewAccountingPronouncementsAxis' xlink:type='arc' />
    <link:presentationArc order='20' xlink:arcrole='http://www.xbrl.org/2003/arcrole/parent-child' xlink:from='loc_NewAccountingPronouncementsOrChangeInAccountingPrincipleTable' xlink:to='loc_CumulativeEffectPeriodOfAdoptionAxis' xlink:type='arc' />
    <link:presentationArc order='30' xlink:arcrole='http://www.xbrl.org/2003/arcrole/parent-child' xlink:from='loc_NewAccountingPronouncementsOrChangeInAccountingPrincipleTable' xlink:to='loc_RestatementAxis' xlink:type='arc' />
    <link:presentationArc order='40' xlink:arcrole='http://www.xbrl.org/2003/arcrole/parent-child' xlink:from='loc_NewAccountingPronouncementsOrChangeInAccountingPrincipleTable' xlink:to='loc_StatementScenarioAxis' xlink:type='arc' />
    <link:presentationArc order='50' xlink:arcrole='http://www.xbrl.org/2003/arcrole/parent-child' xlink:from='loc_NewAccountingPronouncementsOrChangeInAccountingPrincipleTable' xlink:to='loc_AdjustmentsForChangeInAccountingPrincipleAxis' xlink:type='arc' />
    <link:presentationArc order='60' xlink:arcrole='http://www.xbrl.org/2003/arcrole/parent-child' xlink:from='loc_NewAccountingPronouncementsOrChangeInAccountingPrincipleTable' xlink:to='loc_ChangeInAccountingPrincipleIndirectEffectAxis' xlink:type='arc' />
    <link:presentationArc order='70' xlink:arcrole='http://www.xbrl.org/2003/arcrole/parent-child' xlink:from='loc_NewAccountingPronouncementsOrChangeInAccountingPrincipleTable' xlink:to='loc_NewAccountingPronouncementsOrChangeInAccountingPrincipleLineItems' xlink:type='arc' />
    <link:presentationArc order='10' xlink:arcrole='http://www.xbrl.org/2003/arcrole/parent-child' xlink:from='loc_ErrorCorrectionsAndPriorPeriodAdjustmentsRestatementByRestatementPeriodAndAmountAxis' xlink:to='loc_AdjustmentsForErrorCorrectionDomain' xlink:type='arc' />
    <link:presentationArc order='10' xlink:arcrole='http://www.xbrl.org/2003/arcrole/parent-child' xlink:from='loc_AdjustmentsForNewAccountingPronouncementsAxis' xlink:to='loc_TypeOfAdoptionMember' xlink:type='arc' />
    <link:presentationArc order='10' xlink:arcrole='http://www.xbrl.org/2003/arcrole/parent-child' xlink:from='loc_ChangeInAccountingEstimateAbstract' xlink:to='loc_ChangeInAccountingEstimateTextBlock' xlink:type='arc' />
    <link:presentationArc order='10' xlink:arcrole='http://www.xbrl.org/2003/arcrole/parent-child' xlink:from='loc_ChangeInAccountingEstimateTextBlock' xlink:to='loc_ScheduleOfChangeInAccountingEstimateTextBlock' xlink:type='arc' />
    <link:presentationArc order='10' xlink:arcrole='http://www.xbrl.org/2003/arcrole/parent-child' xlink:from='loc_ScheduleOfChangeInAccountingEstimateTextBlock' xlink:to='loc_ScheduleOfChangeInAccountingEstimateTable' xlink:type='arc' />
    <link:presentationArc order='10' xlink:arcrole='http://www.xbrl.org/2003/arcrole/parent-child' xlink:from='loc_ChangeInAccountingEstimateLineItems' xlink:to='loc_ChangeInAccountingEstimateDescription' xlink:type='arc' />
    <link:presentationArc order='10' use='optional' xlink:arcrole='http://www.xbrl.org/2003/arcrole/parent-child' xlink:from='loc_ChangeInAccountingEstimateByTypeAxis' xlink:to='loc_ChangeInAccountingEstimateTypeDomain' xlink:type='arc' />
    <link:presentationArc order='10' use='optional' xlink:arcrole='http://www.xbrl.org/2003/arcrole/parent-child' xlink:from='loc_ChangeInAccountingEstimateTypeDomain' xlink:to='loc_IntangibleAssetsAmortizationPeriodMember' xlink:type='arc' />
    <link:presentationArc order='20' use='optional' xlink:arcrole='http://www.xbrl.org/2003/arcrole/parent-child' xlink:from='loc_ChangeInAccountingEstimateTypeDomain' xlink:to='loc_WarrantyObligationsMember' xlink:type='arc' />
    <link:presentationArc order='30' use='optional' xlink:arcrole='http://www.xbrl.org/2003/arcrole/parent-child' xlink:from='loc_ChangeInAccountingEstimateTypeDomain' xlink:to='loc_InventoryValuationAndObsolescenceMember' xlink:type='arc' />
    <link:presentationArc order='40' use='optional' xlink:arcrole='http://www.xbrl.org/2003/arcrole/parent-child' xlink:from='loc_ChangeInAccountingEstimateTypeDomain' xlink:to='loc_UncollectibleReceivablesMember' xlink:type='arc' />
    <link:presentationArc order='50' use='optional' xlink:arcrole='http://www.xbrl.org/2003/arcrole/parent-child' xlink:from='loc_ChangeInAccountingEstimateTypeDomain' xlink:to='loc_ContractsAccountedForUnderPercentageOfCompletionMember' xlink:type='arc' />
    <link:presentationArc order='60' use='optional' xlink:arcrole='http://www.xbrl.org/2003/arcrole/parent-child' xlink:from='loc_ChangeInAccountingEstimateTypeDomain' xlink:to='loc_ChangeInAssumptionsForPensionPlansMember' xlink:type='arc' />
    <link:presentationArc order='70' use='optional' xlink:arcrole='http://www.xbrl.org/2003/arcrole/parent-child' xlink:from='loc_ChangeInAccountingEstimateTypeDomain' xlink:to='loc_ChangeInAccountingMethodAccountedForAsChangeInEstimateMember' xlink:type='arc' />
    <link:presentationArc order='80' use='optional' xlink:arcrole='http://www.xbrl.org/2003/arcrole/parent-child' xlink:from='loc_ChangeInAccountingEstimateTypeDomain' xlink:to='loc_SalesReturnsAndAllowancesMember' xlink:type='arc' />
    <link:presentationArc order='90' xlink:arcrole='http://www.xbrl.org/2003/arcrole/parent-child' xlink:from='loc_ChangeInAccountingEstimateTypeDomain' xlink:to='loc_RegulatoryReviewsOfFilingsMember' xlink:type='arc' />
    <link:presentationArc order='100' xlink:arcrole='http://www.xbrl.org/2003/arcrole/parent-child' xlink:from='loc_ChangeInAccountingEstimateTypeDomain' xlink:to='loc_DisputesMember' xlink:type='arc' />
    <link:presentationArc order='110' xlink:arcrole='http://www.xbrl.org/2003/arcrole/parent-child' xlink:from='loc_ChangeInAccountingEstimateTypeDomain' xlink:to='loc_ServiceLifeMember' xlink:type='arc' />
    <link:presentationArc order='120' xlink:arcrole='http://www.xbrl.org/2003/arcrole/parent-child' xlink:from='loc_ChangeInAccountingEstimateTypeDomain' xlink:to='loc_SalvageValueMember' xlink:type='arc' />
    <link:presentationArc order='10' xlink:arcrole='http://www.xbrl.org/2003/arcrole/parent-child' xlink:from='loc_ChangeInAccountingPrincipleIndirectEffectAxis' xlink:to='loc_ChangeInAccountingPrincipleIndirectEffectDomain' xlink:type='arc' />
    <link:presentationArc order='10' xlink:arcrole='http://www.xbrl.org/2003/arcrole/parent-child' xlink:from='loc_ChangeInAccountingPrincipleIndirectEffectDomain' xlink:to='loc_ChangeInAccountingPrincipleIndirectEffectMember' xlink:type='arc' />
    <link:presentationArc order='10' xlink:arcrole='http://www.xbrl.org/2003/arcrole/parent-child' xlink:from='loc_AdjustmentsForChangeInAccountingPrincipleAxis' xlink:to='loc_ChangeInAccountingPrincipleMember' xlink:type='arc' />
    <link:presentationArc order='10' xlink:arcrole='http://www.xbrl.org/2003/arcrole/parent-child' xlink:from='loc_ChangeInAccountingPrincipleMember' xlink:to='loc_ChangeInAccountingPrincipleOtherMember' xlink:type='arc' />
    <link:presentationArc order='10' xlink:arcrole='http://www.xbrl.org/2003/arcrole/parent-child' xlink:from='loc_CumulativeEffectPeriodOfAdoptionAxis' xlink:to='loc_CumulativeEffectPeriodOfAdoptionDomain' xlink:type='arc' />
    <link:presentationArc order='10' xlink:arcrole='http://www.xbrl.org/2003/arcrole/parent-child' xlink:from='loc_CumulativeEffectPeriodOfAdoptionDomain' xlink:to='loc_CumulativeEffectPeriodOfAdoptionAdjustedBalanceMember' xlink:type='arc' />
    <link:presentationArc order='20' xlink:arcrole='http://www.xbrl.org/2003/arcrole/parent-child' xlink:from='loc_CumulativeEffectPeriodOfAdoptionDomain' xlink:to='loc_CumulativeEffectPeriodOfAdoptionAdjustmentMember' xlink:type='arc' />
    <link:presentationArc order='10' xlink:arcrole='http://www.xbrl.org/2003/arcrole/parent-child' xlink:from='loc_DisclosureTextBlockSupplementAbstract' xlink:to='loc_ChangeInReportingEntityTextBlock' xlink:type='arc' />
    <link:presentationArc order='10' xlink:arcrole='http://www.xbrl.org/2003/arcrole/parent-child' xlink:from='loc_ErrorCorrectionsAndPriorPeriodAdjustmentsRestatementLineItems' xlink:to='loc_IncomeLossFromContinuingOperationsBeforeIncomeTaxesExtraordinaryItemsNoncontrollingInterest' xlink:type='arc' />
    <link:presentationArc order='20' xlink:arcrole='http://www.xbrl.org/2003/arcrole/parent-child' xlink:from='loc_ErrorCorrectionsAndPriorPeriodAdjustmentsRestatementLineItems' xlink:to='loc_ProfitLoss' xlink:type='arc' />
    <link:presentationArc order='30' xlink:arcrole='http://www.xbrl.org/2003/arcrole/parent-child' xlink:from='loc_ErrorCorrectionsAndPriorPeriodAdjustmentsRestatementLineItems' xlink:to='loc_EarningsPerShareBasic' xlink:type='arc' />
    <link:presentationArc order='40' xlink:arcrole='http://www.xbrl.org/2003/arcrole/parent-child' xlink:from='loc_ErrorCorrectionsAndPriorPeriodAdjustmentsRestatementLineItems' xlink:to='loc_EarningsPerShareDiluted' xlink:type='arc' />
    <link:presentationArc order='50' xlink:arcrole='http://www.xbrl.org/2003/arcrole/parent-child' xlink:from='loc_ErrorCorrectionsAndPriorPeriodAdjustmentsRestatementLineItems' xlink:to='loc_RetainedEarningsAccumulatedDeficit' xlink:type='arc' />
    <link:presentationArc order='60' xlink:arcrole='http://www.xbrl.org/2003/arcrole/parent-child' xlink:from='loc_ErrorCorrectionsAndPriorPeriodAdjustmentsRestatementLineItems' xlink:to='loc_ErrorCorrectionTypeExtensibleList' xlink:type='arc' />
    <link:presentationArc order='70' xlink:arcrole='http://www.xbrl.org/2003/arcrole/parent-child' xlink:from='loc_ErrorCorrectionsAndPriorPeriodAdjustmentsRestatementLineItems' xlink:to='loc_ErrorCorrectionPreviouslyImmaterial' xlink:type='arc' />
    <link:presentationArc order='10' xlink:arcrole='http://www.xbrl.org/2003/arcrole/parent-child' xlink:from='loc_NewAccountingPronouncementsOrChangeInAccountingPrincipleLineItems' xlink:to='loc_UseFinancialStatementLineItemElementsWithDimensionElementsForEffectOfAmendmentFromAccountingStandardsUpdateGuidance' xlink:type='arc' />
    <link:presentationArc order='20' xlink:arcrole='http://www.xbrl.org/2003/arcrole/parent-child' xlink:from='loc_NewAccountingPronouncementsOrChangeInAccountingPrincipleLineItems' xlink:to='loc_IncomeLossFromContinuingOperationsBeforeIncomeTaxesExtraordinaryItemsNoncontrollingInterest' xlink:type='arc' />
    <link:presentationArc order='30' xlink:arcrole='http://www.xbrl.org/2003/arcrole/parent-child' xlink:from='loc_NewAccountingPronouncementsOrChangeInAccountingPrincipleLineItems' xlink:to='loc_ProfitLoss' xlink:type='arc' />
    <link:presentationArc order='40' xlink:arcrole='http://www.xbrl.org/2003/arcrole/parent-child' xlink:from='loc_NewAccountingPronouncementsOrChangeInAccountingPrincipleLineItems' xlink:to='loc_EarningsPerShareBasic' xlink:type='arc' />
    <link:presentationArc order='50' xlink:arcrole='http://www.xbrl.org/2003/arcrole/parent-child' xlink:from='loc_NewAccountingPronouncementsOrChangeInAccountingPrincipleLineItems' xlink:to='loc_EarningsPerShareDiluted' xlink:type='arc' />
    <link:presentationArc order='60' xlink:arcrole='http://www.xbrl.org/2003/arcrole/parent-child' xlink:from='loc_NewAccountingPronouncementsOrChangeInAccountingPrincipleLineItems' xlink:to='loc_RetainedEarningsAccumulatedDeficit' xlink:type='arc' />
    <link:presentationArc order='70' xlink:arcrole='http://www.xbrl.org/2003/arcrole/parent-child' xlink:from='loc_NewAccountingPronouncementsOrChangeInAccountingPrincipleLineItems' xlink:to='loc_ChangeInAccountingPrincipleAccountingStandardsUpdateAdopted' xlink:type='arc' />
    <link:presentationArc order='80' xlink:arcrole='http://www.xbrl.org/2003/arcrole/parent-child' xlink:from='loc_NewAccountingPronouncementsOrChangeInAccountingPrincipleLineItems' xlink:to='loc_ChangeInAccountingPrincipleAccountingStandardsUpdateEarlyAdoption' xlink:type='arc' />
    <link:presentationArc order='90' xlink:arcrole='http://www.xbrl.org/2003/arcrole/parent-child' xlink:from='loc_NewAccountingPronouncementsOrChangeInAccountingPrincipleLineItems' xlink:to='loc_ChangeInAccountingPrincipleAccountingStandardsUpdateTransitionOptionElectedExtensibleList' xlink:type='arc' />
    <link:presentationArc order='100' xlink:arcrole='http://www.xbrl.org/2003/arcrole/parent-child' xlink:from='loc_NewAccountingPronouncementsOrChangeInAccountingPrincipleLineItems' xlink:to='loc_ChangeInAccountingPrincipleAccountingStandardsUpdateAdoptionDate' xlink:type='arc' />
    <link:presentationArc order='110' xlink:arcrole='http://www.xbrl.org/2003/arcrole/parent-child' xlink:from='loc_NewAccountingPronouncementsOrChangeInAccountingPrincipleLineItems' xlink:to='loc_ChangeInAccountingPrincipleAccountingStandardsUpdateImmaterialEffect' xlink:type='arc' />
    <link:presentationArc order='120' xlink:arcrole='http://www.xbrl.org/2003/arcrole/parent-child' xlink:from='loc_NewAccountingPronouncementsOrChangeInAccountingPrincipleLineItems' xlink:to='loc_AccountingStandardsUpdateExtensibleList' xlink:type='arc' />
    <link:presentationArc order='130' xlink:arcrole='http://www.xbrl.org/2003/arcrole/parent-child' xlink:from='loc_NewAccountingPronouncementsOrChangeInAccountingPrincipleLineItems' xlink:to='loc_ChangeInAccountingPrincipleTypeExtensibleList' xlink:type='arc' />
    <link:presentationArc order='140' xlink:arcrole='http://www.xbrl.org/2003/arcrole/parent-child' xlink:from='loc_NewAccountingPronouncementsOrChangeInAccountingPrincipleLineItems' xlink:to='loc_FairValueOptionFinancialInstrumentMeasuredAtAmortizedCostCreditLoss' xlink:type='arc' />
    <link:presentationArc order='150' xlink:arcrole='http://www.xbrl.org/2003/arcrole/parent-child' xlink:from='loc_NewAccountingPronouncementsOrChangeInAccountingPrincipleLineItems' xlink:to='loc_ServiceConcessionArrangementRetrospectiveApplicationAllContracts' xlink:type='arc' />
    <link:presentationArc order='160' xlink:arcrole='http://www.xbrl.org/2003/arcrole/parent-child' xlink:from='loc_NewAccountingPronouncementsOrChangeInAccountingPrincipleLineItems' xlink:to='loc_ServiceConcessionArrangementRetrospectiveApplicationNotCompletedContracts' xlink:type='arc' />
    <link:presentationArc order='170' xlink:arcrole='http://www.xbrl.org/2003/arcrole/parent-child' xlink:from='loc_NewAccountingPronouncementsOrChangeInAccountingPrincipleLineItems' xlink:to='loc_AccountingStandardsUpdate201818ApplicationFixedList' xlink:type='arc' />
    <link:presentationArc order='180' xlink:arcrole='http://www.xbrl.org/2003/arcrole/parent-child' xlink:from='loc_NewAccountingPronouncementsOrChangeInAccountingPrincipleLineItems' xlink:to='loc_ChangeInAccountingPrincipleAccountingStandardsUpdateRetrospectiveApplicationImpracticable' xlink:type='arc' />
    <link:presentationArc order='190' xlink:arcrole='http://www.xbrl.org/2003/arcrole/parent-child' xlink:from='loc_NewAccountingPronouncementsOrChangeInAccountingPrincipleLineItems' xlink:to='loc_NewAccountingPronouncementOrChangeInAccountingPrinciplePriorPeriodNotRestated' xlink:type='arc' />
    <link:presentationArc order='200' xlink:arcrole='http://www.xbrl.org/2003/arcrole/parent-child' xlink:from='loc_NewAccountingPronouncementsOrChangeInAccountingPrincipleLineItems' xlink:to='loc_NewAccountingPronouncementOrChangeInAccountingPrincipleDescriptionOfPriorperiodInformationRetrospectivelyAdjusted' xlink:type='arc' />
    <link:presentationArc order='210' xlink:arcrole='http://www.xbrl.org/2003/arcrole/parent-child' xlink:from='loc_NewAccountingPronouncementsOrChangeInAccountingPrincipleLineItems' xlink:to='loc_NewAccountingPronouncementOrChangeInAccountingPrincipleDescription' xlink:type='arc' />
    <link:presentationArc order='220' xlink:arcrole='http://www.xbrl.org/2003/arcrole/parent-child' xlink:from='loc_NewAccountingPronouncementsOrChangeInAccountingPrincipleLineItems' xlink:to='loc_DebtSecuritiesHeldToMaturityReferenceRateReformSaleOrTransferElection' xlink:type='arc' />
    <link:presentationArc order='10' xlink:arcrole='http://www.xbrl.org/2003/arcrole/parent-child' xlink:from='loc_PriorPeriodAdjustmentAbstract' xlink:to='loc_ErrorCorrectionTextBlock' xlink:type='arc' />
    <link:presentationArc order='10' xlink:arcrole='http://www.xbrl.org/2003/arcrole/parent-child' xlink:from='loc_ErrorCorrectionTextBlock' xlink:to='loc_ScheduleOfErrorCorrectionsAndPriorPeriodAdjustmentsTextBlock' xlink:type='arc' />
    <link:presentationArc order='10' xlink:arcrole='http://www.xbrl.org/2003/arcrole/parent-child' xlink:from='loc_ScheduleOfErrorCorrectionsAndPriorPeriodAdjustmentsTextBlock' xlink:to='loc_ScheduleOfErrorCorrectionsAndPriorPeriodAdjustmentRestatementTable' xlink:type='arc' />
    <link:presentationArc order='20' xlink:arcrole='http://www.xbrl.org/2003/arcrole/parent-child' xlink:from='loc_ErrorCorrectionTextBlock' xlink:to='loc_ErrorCorrectionsAndPriorPeriodAdjustmentsDescription' xlink:type='arc' />
    <link:presentationArc order='10' xlink:arcrole='http://www.xbrl.org/2003/arcrole/parent-child' xlink:from='loc_ReclassificationLineItems' xlink:to='loc_ReclassificationTypeExtensibleList' xlink:type='arc' />
    <link:presentationArc order='10' xlink:arcrole='http://www.xbrl.org/2003/arcrole/parent-child' xlink:from='loc_ReclassificationTable' xlink:to='loc_ReclassificationTypeAxis' xlink:type='arc' />
    <link:presentationArc order='20' xlink:arcrole='http://www.xbrl.org/2003/arcrole/parent-child' xlink:from='loc_ReclassificationTable' xlink:to='loc_RestatementAxis' xlink:type='arc' />
    <link:presentationArc order='30' xlink:arcrole='http://www.xbrl.org/2003/arcrole/parent-child' xlink:from='loc_ReclassificationTable' xlink:to='loc_ReclassificationLineItems' xlink:type='arc' />
    <link:presentationArc order='10' xlink:arcrole='http://www.xbrl.org/2003/arcrole/parent-child' xlink:from='loc_ReclassificationTypeAxis' xlink:to='loc_ReclassificationTypeDomain' xlink:type='arc' />
    <link:presentationArc order='10' xlink:arcrole='http://www.xbrl.org/2003/arcrole/parent-child' xlink:from='loc_ReclassificationTypeDomain' xlink:to='loc_ReclassificationOtherMember' xlink:type='arc' />
    <link:presentationArc order='10' xlink:arcrole='http://www.xbrl.org/2003/arcrole/parent-child' xlink:from='loc_RestatementDomain' xlink:to='loc_ScenarioPreviouslyReportedMember' xlink:type='arc' />
    <link:presentationArc order='20' xlink:arcrole='http://www.xbrl.org/2003/arcrole/parent-child' xlink:from='loc_RestatementDomain' xlink:to='loc_RestatementAdjustmentMember' xlink:type='arc' />
    <link:presentationArc order='10' xlink:arcrole='http://www.xbrl.org/2003/arcrole/parent-child' xlink:from='loc_RestatementAxis' xlink:to='loc_RestatementDomain' xlink:type='arc' />
    <link:presentationArc order='10' xlink:arcrole='http://www.xbrl.org/2003/arcrole/parent-child' xlink:from='loc_RestatementAdjustmentMember' xlink:to='loc_RevisionOfPriorPeriodChangeInAccountingPrincipleAdjustmentMember' xlink:type='arc' />
    <link:presentationArc order='20' xlink:arcrole='http://www.xbrl.org/2003/arcrole/parent-child' xlink:from='loc_RestatementAdjustmentMember' xlink:to='loc_RevisionOfPriorPeriodErrorCorrectionAdjustmentMember' xlink:type='arc' />
    <link:presentationArc order='30' xlink:arcrole='http://www.xbrl.org/2003/arcrole/parent-child' xlink:from='loc_RestatementAdjustmentMember' xlink:to='loc_RevisionOfPriorPeriodAccountingStandardsUpdateAdjustmentMember' xlink:type='arc' />
    <link:presentationArc order='40' xlink:arcrole='http://www.xbrl.org/2003/arcrole/parent-child' xlink:from='loc_RestatementAdjustmentMember' xlink:to='loc_RevisionOfPriorPeriodReclassificationAdjustmentMember' xlink:type='arc' />
    <link:presentationArc order='10' xlink:arcrole='http://www.xbrl.org/2003/arcrole/parent-child' xlink:from='loc_StatementScenarioAxis' xlink:to='loc_ScenarioUnspecifiedDomain' xlink:type='arc' />
    <link:presentationArc order='10' xlink:arcrole='http://www.xbrl.org/2003/arcrole/parent-child' xlink:from='loc_ScenarioUnspecifiedDomain' xlink:to='loc_ScenarioForecastMember' xlink:type='arc' />
    <link:presentationArc order='10' use='optional' xlink:arcrole='http://www.xbrl.org/2003/arcrole/parent-child' xlink:from='loc_ScheduleOfChangeInAccountingEstimateTable' xlink:to='loc_ChangeInAccountingEstimateByTypeAxis' xlink:type='arc' />
    <link:presentationArc order='20' xlink:arcrole='http://www.xbrl.org/2003/arcrole/parent-child' xlink:from='loc_ScheduleOfChangeInAccountingEstimateTable' xlink:to='loc_StatementScenarioAxis' xlink:type='arc' />
    <link:presentationArc order='30' use='optional' xlink:arcrole='http://www.xbrl.org/2003/arcrole/parent-child' xlink:from='loc_ScheduleOfChangeInAccountingEstimateTable' xlink:to='loc_ChangeInAccountingEstimateLineItems' xlink:type='arc' />
    <link:presentationArc order='10' xlink:arcrole='http://www.xbrl.org/2003/arcrole/parent-child' xlink:from='loc_ScheduleOfErrorCorrectionsAndPriorPeriodAdjustmentRestatementTable' xlink:to='loc_ErrorCorrectionsAndPriorPeriodAdjustmentsRestatementByRestatementPeriodAndAmountAxis' xlink:type='arc' />
    <link:presentationArc order='20' xlink:arcrole='http://www.xbrl.org/2003/arcrole/parent-child' xlink:from='loc_ScheduleOfErrorCorrectionsAndPriorPeriodAdjustmentRestatementTable' xlink:to='loc_RestatementAxis' xlink:type='arc' />
    <link:presentationArc order='30' xlink:arcrole='http://www.xbrl.org/2003/arcrole/parent-child' xlink:from='loc_ScheduleOfErrorCorrectionsAndPriorPeriodAdjustmentRestatementTable' xlink:to='loc_ErrorCorrectionsAndPriorPeriodAdjustmentsRestatementLineItems' xlink:type='arc' />
    <link:presentationArc order='10' xlink:arcrole='http://www.xbrl.org/2003/arcrole/parent-child' xlink:from='loc_AdjustmentsForErrorCorrectionDomain' xlink:to='loc_ErrorCorrectionOtherMember' xlink:type='arc' />
  </link:presentationLink>
</link:linkbase>
