<?xml version='1.0' encoding='UTF-8'?>

<!--
(c) 2010-2021 Financial Accounting Foundation; (c) 2007-2010 XBRL US, Inc.  All Rights Reserved.
Notice: Authorized Uses are Set Forth at https://xbrl.fasb.org/terms/TaxonomiesTermsConditions.html
  -->
<link:linkbase xmlns:link='http://www.xbrl.org/2003/linkbase' xmlns:xbrldt='http://xbrl.org/2005/xbrldt' xmlns:xlink='http://www.w3.org/1999/xlink' xmlns:xsi='http://www.w3.org/2001/XMLSchema-instance' xsi:schemaLocation='http://www.xbrl.org/2003/linkbase http://www.xbrl.org/2003/xbrl-linkbase-2003-12-31.xsd'>
  <link:roleRef roleURI='http://fasb.org/us-gaap/role/disclosure/ReceivablesLoansNotesReceivableAndOthers' xlink:href='../elts/us-roles-2021-01-31.xsd#rlnro' xlink:type='simple' />
  <link:calculationLink xlink:role='http://fasb.org/us-gaap/role/disclosure/ReceivablesLoansNotesReceivableAndOthers' xlink:type='extended'>
    <link:loc xlink:href='../elts/us-gaap-2021-01-31.xsd#us-gaap_AllowanceForDoubtfulAccountsReceivablePeriodIncreaseDecrease' xlink:label='loc_AllowanceForDoubtfulAccountsReceivablePeriodIncreaseDecrease' xlink:type='locator' />
    <link:loc xlink:href='../elts/us-gaap-2021-01-31.xsd#us-gaap_AllowanceForDoubtfulAccountsReceivableWriteOffs' xlink:label='loc_AllowanceForDoubtfulAccountsReceivableWriteOffs' xlink:type='locator' />
    <link:loc xlink:href='../elts/us-gaap-2021-01-31.xsd#us-gaap_AllowanceForDoubtfulAccountsReceivableRecoveries' xlink:label='loc_AllowanceForDoubtfulAccountsReceivableRecoveries' xlink:type='locator' />
    <link:loc xlink:href='../elts/us-gaap-2021-01-31.xsd#us-gaap_ProvisionForDoubtfulAccounts' xlink:label='loc_ProvisionForDoubtfulAccounts' xlink:type='locator' />
    <link:loc xlink:href='../elts/us-gaap-2021-01-31.xsd#us-gaap_AllowanceForLoanAndLeaseLossesPeriodIncreaseDecrease' xlink:label='loc_AllowanceForLoanAndLeaseLossesPeriodIncreaseDecrease' xlink:type='locator' />
    <link:loc xlink:href='../elts/us-gaap-2021-01-31.xsd#us-gaap_AllowanceForLoanAndLeaseLossesWriteoffsNet' xlink:label='loc_AllowanceForLoanAndLeaseLossesWriteoffsNet' xlink:type='locator' />
    <link:loc xlink:href='../elts/us-gaap-2021-01-31.xsd#us-gaap_AllowanceForLoanAndLeaseLossesWriteOffs' xlink:label='loc_AllowanceForLoanAndLeaseLossesWriteOffs' xlink:type='locator' />
    <link:loc xlink:href='../elts/us-gaap-2021-01-31.xsd#us-gaap_AllowanceForLoanAndLeaseLossRecoveryOfBadDebts' xlink:label='loc_AllowanceForLoanAndLeaseLossRecoveryOfBadDebts' xlink:type='locator' />
    <link:loc xlink:href='../elts/us-gaap-2021-01-31.xsd#us-gaap_ProvisionForLoanAndLeaseLosses' xlink:label='loc_ProvisionForLoanAndLeaseLosses' xlink:type='locator' />
    <link:loc xlink:href='../elts/us-gaap-2021-01-31.xsd#us-gaap_AllowanceForLoanAndLeaseLossesLoansAcquired' xlink:label='loc_AllowanceForLoanAndLeaseLossesLoansAcquired' xlink:type='locator' />
    <link:loc xlink:href='../elts/us-gaap-2021-01-31.xsd#us-gaap_AllowanceForLoanAndLeaseLossesLoansSold' xlink:label='loc_AllowanceForLoanAndLeaseLossesLoansSold' xlink:type='locator' />
    <link:loc xlink:href='../elts/us-gaap-2021-01-31.xsd#us-gaap_AllowanceForLoanAndLeaseLossesForeignCurrencyTranslation' xlink:label='loc_AllowanceForLoanAndLeaseLossesForeignCurrencyTranslation' xlink:type='locator' />
    <link:loc xlink:href='../elts/us-gaap-2021-01-31.xsd#us-gaap_AllowanceForLoanAndLeaseLossesAdjustmentsNet' xlink:label='loc_AllowanceForLoanAndLeaseLossesAdjustmentsNet' xlink:type='locator' />
    <link:loc xlink:href='../elts/us-gaap-2021-01-31.xsd#us-gaap_CertainLoansAcquiredInTransferNotAccountedForAsDebtSecuritiesAccretableYieldPeriodIncreaseDecrease' xlink:label='loc_CertainLoansAcquiredInTransferNotAccountedForAsDebtSecuritiesAccretableYieldPeriodIncreaseDecrease' xlink:type='locator' />
    <link:loc xlink:href='../elts/us-gaap-2021-01-31.xsd#us-gaap_CertainLoansAcquiredInTransferNotAccountedForAsDebtSecuritiesAccretableYieldAdditions' xlink:label='loc_CertainLoansAcquiredInTransferNotAccountedForAsDebtSecuritiesAccretableYieldAdditions' xlink:type='locator' />
    <link:loc xlink:href='../elts/us-gaap-2021-01-31.xsd#us-gaap_CertainLoansAcquiredInTransferNotAccountedForAsDebtSecuritiesAccretableYieldAccretion' xlink:label='loc_CertainLoansAcquiredInTransferNotAccountedForAsDebtSecuritiesAccretableYieldAccretion' xlink:type='locator' />
    <link:loc xlink:href='../elts/us-gaap-2021-01-31.xsd#us-gaap_CertainLoansAcquiredInTransferNotAccountedForAsDebtSecuritiesAccretableYieldReclassificationsToFromNonaccretableDifference' xlink:label='loc_CertainLoansAcquiredInTransferNotAccountedForAsDebtSecuritiesAccretableYieldReclassificationsToFromNonaccretableDifference' xlink:type='locator' />
    <link:loc xlink:href='../elts/us-gaap-2021-01-31.xsd#us-gaap_CertainLoansAcquiredInTransferNotAccountedForAsDebtSecuritiesAccretableYieldReclassificationsFromNonaccretableDifference' xlink:label='loc_CertainLoansAcquiredInTransferNotAccountedForAsDebtSecuritiesAccretableYieldReclassificationsFromNonaccretableDifference' xlink:type='locator' />
    <link:loc xlink:href='../elts/us-gaap-2021-01-31.xsd#us-gaap_CertainLoansAcquiredInTransferNotAccountedForAsDebtSecuritiesAccretableYieldReclassificationsToNonaccretableDifference' xlink:label='loc_CertainLoansAcquiredInTransferNotAccountedForAsDebtSecuritiesAccretableYieldReclassificationsToNonaccretableDifference' xlink:type='locator' />
    <link:loc xlink:href='../elts/us-gaap-2021-01-31.xsd#us-gaap_CertainLoansAcquiredInTransferNotAccountedForAsDebtSecuritiesAccretableYieldDisposalsOfLoans' xlink:label='loc_CertainLoansAcquiredInTransferNotAccountedForAsDebtSecuritiesAccretableYieldDisposalsOfLoans' xlink:type='locator' />
    <link:loc xlink:href='../elts/us-gaap-2021-01-31.xsd#us-gaap_CertainLoansAcquiredInTransferNotAccountedForAsDebtSecuritiesAccretableYieldTransfersToLoansHeldForSale' xlink:label='loc_CertainLoansAcquiredInTransferNotAccountedForAsDebtSecuritiesAccretableYieldTransfersToLoansHeldForSale' xlink:type='locator' />
    <link:loc xlink:href='../elts/us-gaap-2021-01-31.xsd#us-gaap_AccountsReceivableBilledForLongTermContractsOrPrograms' xlink:label='loc_AccountsReceivableBilledForLongTermContractsOrPrograms' xlink:type='locator' />
    <link:loc xlink:href='../elts/us-gaap-2021-01-31.xsd#us-gaap_ContractReceivableDueOneYearOrLess' xlink:label='loc_ContractReceivableDueOneYearOrLess' xlink:type='locator' />
    <link:loc xlink:href='../elts/us-gaap-2021-01-31.xsd#us-gaap_ContractReceivableDueAfterOneYear' xlink:label='loc_ContractReceivableDueAfterOneYear' xlink:type='locator' />
    <link:loc xlink:href='../elts/us-gaap-2021-01-31.xsd#us-gaap_ConstructionContractorReceivableIncludingContractRetainage' xlink:label='loc_ConstructionContractorReceivableIncludingContractRetainage' xlink:type='locator' />
    <link:loc xlink:href='../elts/us-gaap-2021-01-31.xsd#us-gaap_ConstructionContractorReceivableIncludingContractRetainageYearOne' xlink:label='loc_ConstructionContractorReceivableIncludingContractRetainageYearOne' xlink:type='locator' />
    <link:loc xlink:href='../elts/us-gaap-2021-01-31.xsd#us-gaap_ConstructionContractorReceivableIncludingContractRetainageAfterYearOne' xlink:label='loc_ConstructionContractorReceivableIncludingContractRetainageAfterYearOne' xlink:type='locator' />
    <link:loc xlink:href='../elts/us-gaap-2021-01-31.xsd#us-gaap_ConstructionContractorReceivableRetainage' xlink:label='loc_ConstructionContractorReceivableRetainage' xlink:type='locator' />
    <link:loc xlink:href='../elts/us-gaap-2021-01-31.xsd#us-gaap_ConstructionContractorReceivableRetainageYearOne' xlink:label='loc_ConstructionContractorReceivableRetainageYearOne' xlink:type='locator' />
    <link:loc xlink:href='../elts/us-gaap-2021-01-31.xsd#us-gaap_ConstructionContractorReceivableRetainageAfterYearOne' xlink:label='loc_ConstructionContractorReceivableRetainageAfterYearOne' xlink:type='locator' />
    <link:loc xlink:href='../elts/us-gaap-2021-01-31.xsd#us-gaap_ContractsReceivableClaimsAndUncertainAmounts' xlink:label='loc_ContractsReceivableClaimsAndUncertainAmounts' xlink:type='locator' />
    <link:loc xlink:href='../elts/us-gaap-2021-01-31.xsd#us-gaap_ContractsReceivableClaimsAndUncertainAmountsExpectedToBeCollectedWithinOneYear' xlink:label='loc_ContractsReceivableClaimsAndUncertainAmountsExpectedToBeCollectedWithinOneYear' xlink:type='locator' />
    <link:loc xlink:href='../elts/us-gaap-2021-01-31.xsd#us-gaap_ContractsReceivableClaimsAndUncertainAmountsExpectedToBeCollectedAfterOneYear' xlink:label='loc_ContractsReceivableClaimsAndUncertainAmountsExpectedToBeCollectedAfterOneYear' xlink:type='locator' />
    <link:loc xlink:href='../elts/us-gaap-2021-01-31.xsd#us-gaap_DebtInstrumentPeriodicPayment' xlink:label='loc_DebtInstrumentPeriodicPayment' xlink:type='locator' />
    <link:loc xlink:href='../elts/us-gaap-2021-01-31.xsd#us-gaap_DebtInstrumentPeriodicPaymentInterest' xlink:label='loc_DebtInstrumentPeriodicPaymentInterest' xlink:type='locator' />
    <link:loc xlink:href='../elts/us-gaap-2021-01-31.xsd#us-gaap_DebtInstrumentPeriodicPaymentPrincipal' xlink:label='loc_DebtInstrumentPeriodicPaymentPrincipal' xlink:type='locator' />
    <link:loc xlink:href='../elts/us-gaap-2021-01-31.xsd#us-gaap_FinancingReceivableAllowanceForCreditLossesPeriodIncreaseDecrease' xlink:label='loc_FinancingReceivableAllowanceForCreditLossesPeriodIncreaseDecrease' xlink:type='locator' />
    <link:loc xlink:href='../elts/us-gaap-2021-01-31.xsd#us-gaap_ProvisionForLoanLeaseAndOtherLosses' xlink:label='loc_ProvisionForLoanLeaseAndOtherLosses' xlink:type='locator' />
    <link:loc xlink:href='../elts/us-gaap-2021-01-31.xsd#us-gaap_FinancingReceivableAllowanceForCreditLossesRecovery' xlink:label='loc_FinancingReceivableAllowanceForCreditLossesRecovery' xlink:type='locator' />
    <link:loc xlink:href='../elts/us-gaap-2021-01-31.xsd#us-gaap_FinancingReceivableAllowanceForCreditLossesWriteOffs' xlink:label='loc_FinancingReceivableAllowanceForCreditLossesWriteOffs' xlink:type='locator' />
    <link:loc xlink:href='../elts/us-gaap-2021-01-31.xsd#us-gaap_NotesReceivableGross' xlink:label='loc_NotesReceivableGross' xlink:type='locator' />
    <link:loc xlink:href='../elts/us-gaap-2021-01-31.xsd#us-gaap_NotesAndLoansReceivableGrossCurrent' xlink:label='loc_NotesAndLoansReceivableGrossCurrent' xlink:type='locator' />
    <link:loc xlink:href='../elts/us-gaap-2021-01-31.xsd#us-gaap_NotesAndLoansReceivableGrossNoncurrent' xlink:label='loc_NotesAndLoansReceivableGrossNoncurrent' xlink:type='locator' />
    <link:loc xlink:href='../elts/us-gaap-2021-01-31.xsd#us-gaap_ImpairedFinancingReceivableAverageRecordedInvestment' xlink:label='loc_ImpairedFinancingReceivableAverageRecordedInvestment' xlink:type='locator' />
    <link:loc xlink:href='../elts/us-gaap-2021-01-31.xsd#us-gaap_ImpairedFinancingReceivableWithNoRelatedAllowanceAverageRecordedInvestment' xlink:label='loc_ImpairedFinancingReceivableWithNoRelatedAllowanceAverageRecordedInvestment' xlink:type='locator' />
    <link:loc xlink:href='../elts/us-gaap-2021-01-31.xsd#us-gaap_ImpairedFinancingReceivableWithRelatedAllowanceAverageRecordedInvestment' xlink:label='loc_ImpairedFinancingReceivableWithRelatedAllowanceAverageRecordedInvestment' xlink:type='locator' />
    <link:loc xlink:href='../elts/us-gaap-2021-01-31.xsd#us-gaap_ImpairedFinancingReceivableInterestIncomeAccrualMethod' xlink:label='loc_ImpairedFinancingReceivableInterestIncomeAccrualMethod' xlink:type='locator' />
    <link:loc xlink:href='../elts/us-gaap-2021-01-31.xsd#us-gaap_ImpairedFinancingReceivableWithNoRelatedAllowanceInterestIncomeAccrualMethod' xlink:label='loc_ImpairedFinancingReceivableWithNoRelatedAllowanceInterestIncomeAccrualMethod' xlink:type='locator' />
    <link:loc xlink:href='../elts/us-gaap-2021-01-31.xsd#us-gaap_ImpairedFinancingReceivableWithRelatedAllowanceInterestIncomeAccrualMethod' xlink:label='loc_ImpairedFinancingReceivableWithRelatedAllowanceInterestIncomeAccrualMethod' xlink:type='locator' />
    <link:loc xlink:href='../elts/us-gaap-2021-01-31.xsd#us-gaap_ImpairedFinancingReceivableInterestIncomeCashBasisMethod' xlink:label='loc_ImpairedFinancingReceivableInterestIncomeCashBasisMethod' xlink:type='locator' />
    <link:loc xlink:href='../elts/us-gaap-2021-01-31.xsd#us-gaap_ImpairedFinancingReceivableWithNoRelatedAllowanceInterestIncomeCashBasisMethod' xlink:label='loc_ImpairedFinancingReceivableWithNoRelatedAllowanceInterestIncomeCashBasisMethod' xlink:type='locator' />
    <link:loc xlink:href='../elts/us-gaap-2021-01-31.xsd#us-gaap_ImpairedFinancingReceivableWithRelatedAllowanceInterestIncomeCashBasisMethod' xlink:label='loc_ImpairedFinancingReceivableWithRelatedAllowanceInterestIncomeCashBasisMethod' xlink:type='locator' />
    <link:loc xlink:href='../elts/us-gaap-2021-01-31.xsd#us-gaap_ImpairedFinancingReceivableRecordedInvestment' xlink:label='loc_ImpairedFinancingReceivableRecordedInvestment' xlink:type='locator' />
    <link:loc xlink:href='../elts/us-gaap-2021-01-31.xsd#us-gaap_ImpairedFinancingReceivableWithNoRelatedAllowanceRecordedInvestment' xlink:label='loc_ImpairedFinancingReceivableWithNoRelatedAllowanceRecordedInvestment' xlink:type='locator' />
    <link:loc xlink:href='../elts/us-gaap-2021-01-31.xsd#us-gaap_ImpairedFinancingReceivableWithRelatedAllowanceRecordedInvestment' xlink:label='loc_ImpairedFinancingReceivableWithRelatedAllowanceRecordedInvestment' xlink:type='locator' />
    <link:loc xlink:href='../elts/us-gaap-2021-01-31.xsd#us-gaap_ImpairedFinancingReceivableUnpaidPrincipalBalance' xlink:label='loc_ImpairedFinancingReceivableUnpaidPrincipalBalance' xlink:type='locator' />
    <link:loc xlink:href='../elts/us-gaap-2021-01-31.xsd#us-gaap_ImpairedFinancingReceivableWithNoRelatedAllowanceUnpaidPrincipalBalance' xlink:label='loc_ImpairedFinancingReceivableWithNoRelatedAllowanceUnpaidPrincipalBalance' xlink:type='locator' />
    <link:loc xlink:href='../elts/us-gaap-2021-01-31.xsd#us-gaap_ImpairedFinancingReceivableWithRelatedAllowanceUnpaidPrincipalBalance' xlink:label='loc_ImpairedFinancingReceivableWithRelatedAllowanceUnpaidPrincipalBalance' xlink:type='locator' />
    <link:loc xlink:href='../elts/us-gaap-2021-01-31.xsd#us-gaap_LineOfCreditFacilityPeriodicPayment' xlink:label='loc_LineOfCreditFacilityPeriodicPayment' xlink:type='locator' />
    <link:loc xlink:href='../elts/us-gaap-2021-01-31.xsd#us-gaap_LineOfCreditFacilityPeriodicPaymentInterest' xlink:label='loc_LineOfCreditFacilityPeriodicPaymentInterest' xlink:type='locator' />
    <link:loc xlink:href='../elts/us-gaap-2021-01-31.xsd#us-gaap_LineOfCreditFacilityPeriodicPaymentPrincipal' xlink:label='loc_LineOfCreditFacilityPeriodicPaymentPrincipal' xlink:type='locator' />
    <link:loc xlink:href='../elts/us-gaap-2021-01-31.xsd#us-gaap_LoansReceivableHeldForSaleReconciliationToCashFlowPeriodIncreaseDecrease' xlink:label='loc_LoansReceivableHeldForSaleReconciliationToCashFlowPeriodIncreaseDecrease' xlink:type='locator' />
    <link:loc xlink:href='../elts/us-gaap-2021-01-31.xsd#us-gaap_LoansReceivableHeldForSaleReconciliationToCashFlowAdditionsToHeldForSale' xlink:label='loc_LoansReceivableHeldForSaleReconciliationToCashFlowAdditionsToHeldForSale' xlink:type='locator' />
    <link:loc xlink:href='../elts/us-gaap-2021-01-31.xsd#us-gaap_LoansReceivableHeldForSaleReconciliationToCashFlowDeductionsFromHeldForSale' xlink:label='loc_LoansReceivableHeldForSaleReconciliationToCashFlowDeductionsFromHeldForSale' xlink:type='locator' />
    <link:loc xlink:href='../elts/us-gaap-2021-01-31.xsd#us-gaap_LoansAndLeasesReceivableRelatedPartiesPeriodIncreaseDecrease' xlink:label='loc_LoansAndLeasesReceivableRelatedPartiesPeriodIncreaseDecrease' xlink:type='locator' />
    <link:loc xlink:href='../elts/us-gaap-2021-01-31.xsd#us-gaap_LoansAndLeasesReceivableRelatedPartiesAdditions' xlink:label='loc_LoansAndLeasesReceivableRelatedPartiesAdditions' xlink:type='locator' />
    <link:loc xlink:href='../elts/us-gaap-2021-01-31.xsd#us-gaap_LoansAndLeasesReceivableRelatedPartiesProceeds' xlink:label='loc_LoansAndLeasesReceivableRelatedPartiesProceeds' xlink:type='locator' />
    <link:loc xlink:href='../elts/us-gaap-2021-01-31.xsd#us-gaap_ReceivableWithImputedInterestNetAmount' xlink:label='loc_ReceivableWithImputedInterestNetAmount' xlink:type='locator' />
    <link:loc xlink:href='../elts/us-gaap-2021-01-31.xsd#us-gaap_ReceivableWithImputedInterestFaceAmount' xlink:label='loc_ReceivableWithImputedInterestFaceAmount' xlink:type='locator' />
    <link:loc xlink:href='../elts/us-gaap-2021-01-31.xsd#us-gaap_ReceivableWithImputedInterestPremium' xlink:label='loc_ReceivableWithImputedInterestPremium' xlink:type='locator' />
    <link:loc xlink:href='../elts/us-gaap-2021-01-31.xsd#us-gaap_ReceivableWithImputedInterestDiscount' xlink:label='loc_ReceivableWithImputedInterestDiscount' xlink:type='locator' />
    <link:loc xlink:href='../elts/us-gaap-2021-01-31.xsd#us-gaap_ReceivablesHeldForSaleAmount' xlink:label='loc_ReceivablesHeldForSaleAmount' xlink:type='locator' />
    <link:loc xlink:href='../elts/us-gaap-2021-01-31.xsd#us-gaap_TradeReceivablesHeldForSaleAmount' xlink:label='loc_TradeReceivablesHeldForSaleAmount' xlink:type='locator' />
    <link:loc xlink:href='../elts/us-gaap-2021-01-31.xsd#us-gaap_LoansReceivableHeldForSaleAmount' xlink:label='loc_LoansReceivableHeldForSaleAmount' xlink:type='locator' />
    <link:loc xlink:href='../elts/us-gaap-2021-01-31.xsd#us-gaap_TimeSharingTransactionsMaturitiesOfNotesReceivableNet' xlink:label='loc_TimeSharingTransactionsMaturitiesOfNotesReceivableNet' xlink:type='locator' />
    <link:loc xlink:href='../elts/us-gaap-2021-01-31.xsd#us-gaap_TimeSharingTransactionsAggregateMaturitiesOfNotesReceivableGross' xlink:label='loc_TimeSharingTransactionsAggregateMaturitiesOfNotesReceivableGross' xlink:type='locator' />
    <link:loc xlink:href='../elts/us-gaap-2021-01-31.xsd#us-gaap_TimeSharingTransactionsMaturitiesOfNotesReceivableYearOne' xlink:label='loc_TimeSharingTransactionsMaturitiesOfNotesReceivableYearOne' xlink:type='locator' />
    <link:loc xlink:href='../elts/us-gaap-2021-01-31.xsd#us-gaap_TimeSharingTransactionsMaturitiesOfNotesReceivableYearTwo' xlink:label='loc_TimeSharingTransactionsMaturitiesOfNotesReceivableYearTwo' xlink:type='locator' />
    <link:loc xlink:href='../elts/us-gaap-2021-01-31.xsd#us-gaap_TimeSharingTransactionsMaturitiesOfNotesReceivableYearThree' xlink:label='loc_TimeSharingTransactionsMaturitiesOfNotesReceivableYearThree' xlink:type='locator' />
    <link:loc xlink:href='../elts/us-gaap-2021-01-31.xsd#us-gaap_TimeSharingTransactionsMaturitiesOfNotesReceivableYearFour' xlink:label='loc_TimeSharingTransactionsMaturitiesOfNotesReceivableYearFour' xlink:type='locator' />
    <link:loc xlink:href='../elts/us-gaap-2021-01-31.xsd#us-gaap_TimeSharingTransactionsMaturitiesOfNotesReceivableYearFive' xlink:label='loc_TimeSharingTransactionsMaturitiesOfNotesReceivableYearFive' xlink:type='locator' />
    <link:loc xlink:href='../elts/us-gaap-2021-01-31.xsd#us-gaap_TimeSharingTransactionsMaturitiesOfNotesReceivableFutureYears' xlink:label='loc_TimeSharingTransactionsMaturitiesOfNotesReceivableFutureYears' xlink:type='locator' />
    <link:loc xlink:href='../elts/us-gaap-2021-01-31.xsd#us-gaap_TimeSharingTransactionsAllowanceForUncollectibleAccounts' xlink:label='loc_TimeSharingTransactionsAllowanceForUncollectibleAccounts' xlink:type='locator' />
    <link:loc xlink:href='../elts/us-gaap-2021-01-31.xsd#us-gaap_TradeReceivablesHeldForSaleReconciliationToCashFlowPeriodIncreaseDecrease' xlink:label='loc_TradeReceivablesHeldForSaleReconciliationToCashFlowPeriodIncreaseDecrease' xlink:type='locator' />
    <link:loc xlink:href='../elts/us-gaap-2021-01-31.xsd#us-gaap_TradeReceivablesHeldForSaleReconciliationToCashFlowAdditionsToHeldForSale' xlink:label='loc_TradeReceivablesHeldForSaleReconciliationToCashFlowAdditionsToHeldForSale' xlink:type='locator' />
    <link:loc xlink:href='../elts/us-gaap-2021-01-31.xsd#us-gaap_TradeReceivablesHeldForSaleReconciliationToCashFlowDeductionsFromHeldForSale' xlink:label='loc_TradeReceivablesHeldForSaleReconciliationToCashFlowDeductionsFromHeldForSale' xlink:type='locator' />
    <link:calculationArc order='10' weight='-1.0' xlink:arcrole='http://www.xbrl.org/2003/arcrole/summation-item' xlink:from='loc_AllowanceForDoubtfulAccountsReceivablePeriodIncreaseDecrease' xlink:to='loc_AllowanceForDoubtfulAccountsReceivableWriteOffs' xlink:type='arc' />
    <link:calculationArc order='20' weight='1.0' xlink:arcrole='http://www.xbrl.org/2003/arcrole/summation-item' xlink:from='loc_AllowanceForDoubtfulAccountsReceivablePeriodIncreaseDecrease' xlink:to='loc_AllowanceForDoubtfulAccountsReceivableRecoveries' xlink:type='arc' />
    <link:calculationArc order='30' weight='1.0' xlink:arcrole='http://www.xbrl.org/2003/arcrole/summation-item' xlink:from='loc_AllowanceForDoubtfulAccountsReceivablePeriodIncreaseDecrease' xlink:to='loc_ProvisionForDoubtfulAccounts' xlink:type='arc' />
    <link:calculationArc order='10' weight='-1.0' xlink:arcrole='http://www.xbrl.org/2003/arcrole/summation-item' xlink:from='loc_AllowanceForLoanAndLeaseLossesPeriodIncreaseDecrease' xlink:to='loc_AllowanceForLoanAndLeaseLossesWriteoffsNet' xlink:type='arc' />
    <link:calculationArc order='10' weight='1.0' xlink:arcrole='http://www.xbrl.org/2003/arcrole/summation-item' xlink:from='loc_AllowanceForLoanAndLeaseLossesWriteoffsNet' xlink:to='loc_AllowanceForLoanAndLeaseLossesWriteOffs' xlink:type='arc' />
    <link:calculationArc order='20' weight='-1.0' xlink:arcrole='http://www.xbrl.org/2003/arcrole/summation-item' xlink:from='loc_AllowanceForLoanAndLeaseLossesWriteoffsNet' xlink:to='loc_AllowanceForLoanAndLeaseLossRecoveryOfBadDebts' xlink:type='arc' />
    <link:calculationArc order='20' weight='1.0' xlink:arcrole='http://www.xbrl.org/2003/arcrole/summation-item' xlink:from='loc_AllowanceForLoanAndLeaseLossesPeriodIncreaseDecrease' xlink:to='loc_ProvisionForLoanAndLeaseLosses' xlink:type='arc' />
    <link:calculationArc order='30' weight='1.0' xlink:arcrole='http://www.xbrl.org/2003/arcrole/summation-item' xlink:from='loc_AllowanceForLoanAndLeaseLossesPeriodIncreaseDecrease' xlink:to='loc_AllowanceForLoanAndLeaseLossesLoansAcquired' xlink:type='arc' />
    <link:calculationArc order='40' weight='-1.0' xlink:arcrole='http://www.xbrl.org/2003/arcrole/summation-item' xlink:from='loc_AllowanceForLoanAndLeaseLossesPeriodIncreaseDecrease' xlink:to='loc_AllowanceForLoanAndLeaseLossesLoansSold' xlink:type='arc' />
    <link:calculationArc order='50' weight='-1.0' xlink:arcrole='http://www.xbrl.org/2003/arcrole/summation-item' xlink:from='loc_AllowanceForLoanAndLeaseLossesPeriodIncreaseDecrease' xlink:to='loc_AllowanceForLoanAndLeaseLossesForeignCurrencyTranslation' xlink:type='arc' />
    <link:calculationArc order='60' weight='1.0' xlink:arcrole='http://www.xbrl.org/2003/arcrole/summation-item' xlink:from='loc_AllowanceForLoanAndLeaseLossesPeriodIncreaseDecrease' xlink:to='loc_AllowanceForLoanAndLeaseLossesAdjustmentsNet' xlink:type='arc' />
    <link:calculationArc order='10' weight='1.0' xlink:arcrole='http://www.xbrl.org/2003/arcrole/summation-item' xlink:from='loc_CertainLoansAcquiredInTransferNotAccountedForAsDebtSecuritiesAccretableYieldPeriodIncreaseDecrease' xlink:to='loc_CertainLoansAcquiredInTransferNotAccountedForAsDebtSecuritiesAccretableYieldAdditions' xlink:type='arc' />
    <link:calculationArc order='20' weight='-1.0' xlink:arcrole='http://www.xbrl.org/2003/arcrole/summation-item' xlink:from='loc_CertainLoansAcquiredInTransferNotAccountedForAsDebtSecuritiesAccretableYieldPeriodIncreaseDecrease' xlink:to='loc_CertainLoansAcquiredInTransferNotAccountedForAsDebtSecuritiesAccretableYieldAccretion' xlink:type='arc' />
    <link:calculationArc order='30' weight='1.0' xlink:arcrole='http://www.xbrl.org/2003/arcrole/summation-item' xlink:from='loc_CertainLoansAcquiredInTransferNotAccountedForAsDebtSecuritiesAccretableYieldPeriodIncreaseDecrease' xlink:to='loc_CertainLoansAcquiredInTransferNotAccountedForAsDebtSecuritiesAccretableYieldReclassificationsToFromNonaccretableDifference' xlink:type='arc' />
    <link:calculationArc order='10' weight='1.0' xlink:arcrole='http://www.xbrl.org/2003/arcrole/summation-item' xlink:from='loc_CertainLoansAcquiredInTransferNotAccountedForAsDebtSecuritiesAccretableYieldReclassificationsToFromNonaccretableDifference' xlink:to='loc_CertainLoansAcquiredInTransferNotAccountedForAsDebtSecuritiesAccretableYieldReclassificationsFromNonaccretableDifference' xlink:type='arc' />
    <link:calculationArc order='20' weight='-1.0' xlink:arcrole='http://www.xbrl.org/2003/arcrole/summation-item' xlink:from='loc_CertainLoansAcquiredInTransferNotAccountedForAsDebtSecuritiesAccretableYieldReclassificationsToFromNonaccretableDifference' xlink:to='loc_CertainLoansAcquiredInTransferNotAccountedForAsDebtSecuritiesAccretableYieldReclassificationsToNonaccretableDifference' xlink:type='arc' />
    <link:calculationArc order='40' weight='-1.0' xlink:arcrole='http://www.xbrl.org/2003/arcrole/summation-item' xlink:from='loc_CertainLoansAcquiredInTransferNotAccountedForAsDebtSecuritiesAccretableYieldPeriodIncreaseDecrease' xlink:to='loc_CertainLoansAcquiredInTransferNotAccountedForAsDebtSecuritiesAccretableYieldDisposalsOfLoans' xlink:type='arc' />
    <link:calculationArc order='50' weight='-1.0' xlink:arcrole='http://www.xbrl.org/2003/arcrole/summation-item' xlink:from='loc_CertainLoansAcquiredInTransferNotAccountedForAsDebtSecuritiesAccretableYieldPeriodIncreaseDecrease' xlink:to='loc_CertainLoansAcquiredInTransferNotAccountedForAsDebtSecuritiesAccretableYieldTransfersToLoansHeldForSale' xlink:type='arc' />
    <link:calculationArc order='10' weight='1.0' xlink:arcrole='http://www.xbrl.org/2003/arcrole/summation-item' xlink:from='loc_AccountsReceivableBilledForLongTermContractsOrPrograms' xlink:to='loc_ContractReceivableDueOneYearOrLess' xlink:type='arc' />
    <link:calculationArc order='20' weight='1.0' xlink:arcrole='http://www.xbrl.org/2003/arcrole/summation-item' xlink:from='loc_AccountsReceivableBilledForLongTermContractsOrPrograms' xlink:to='loc_ContractReceivableDueAfterOneYear' xlink:type='arc' />
    <link:calculationArc order='10' weight='1.0' xlink:arcrole='http://www.xbrl.org/2003/arcrole/summation-item' xlink:from='loc_ConstructionContractorReceivableIncludingContractRetainage' xlink:to='loc_ConstructionContractorReceivableIncludingContractRetainageYearOne' xlink:type='arc' />
    <link:calculationArc order='20' weight='1.0' xlink:arcrole='http://www.xbrl.org/2003/arcrole/summation-item' xlink:from='loc_ConstructionContractorReceivableIncludingContractRetainage' xlink:to='loc_ConstructionContractorReceivableIncludingContractRetainageAfterYearOne' xlink:type='arc' />
    <link:calculationArc order='10' weight='1.0' xlink:arcrole='http://www.xbrl.org/2003/arcrole/summation-item' xlink:from='loc_ConstructionContractorReceivableRetainage' xlink:to='loc_ConstructionContractorReceivableRetainageYearOne' xlink:type='arc' />
    <link:calculationArc order='20' weight='1.0' xlink:arcrole='http://www.xbrl.org/2003/arcrole/summation-item' xlink:from='loc_ConstructionContractorReceivableRetainage' xlink:to='loc_ConstructionContractorReceivableRetainageAfterYearOne' xlink:type='arc' />
    <link:calculationArc order='10' weight='1.0' xlink:arcrole='http://www.xbrl.org/2003/arcrole/summation-item' xlink:from='loc_ContractsReceivableClaimsAndUncertainAmounts' xlink:to='loc_ContractsReceivableClaimsAndUncertainAmountsExpectedToBeCollectedWithinOneYear' xlink:type='arc' />
    <link:calculationArc order='20' weight='1.0' xlink:arcrole='http://www.xbrl.org/2003/arcrole/summation-item' xlink:from='loc_ContractsReceivableClaimsAndUncertainAmounts' xlink:to='loc_ContractsReceivableClaimsAndUncertainAmountsExpectedToBeCollectedAfterOneYear' xlink:type='arc' />
    <link:calculationArc order='10' weight='1.0' xlink:arcrole='http://www.xbrl.org/2003/arcrole/summation-item' xlink:from='loc_DebtInstrumentPeriodicPayment' xlink:to='loc_DebtInstrumentPeriodicPaymentInterest' xlink:type='arc' />
    <link:calculationArc order='20' weight='1.0' xlink:arcrole='http://www.xbrl.org/2003/arcrole/summation-item' xlink:from='loc_DebtInstrumentPeriodicPayment' xlink:to='loc_DebtInstrumentPeriodicPaymentPrincipal' xlink:type='arc' />
    <link:calculationArc order='10' weight='1.0' xlink:arcrole='http://www.xbrl.org/2003/arcrole/summation-item' xlink:from='loc_FinancingReceivableAllowanceForCreditLossesPeriodIncreaseDecrease' xlink:to='loc_ProvisionForLoanLeaseAndOtherLosses' xlink:type='arc' />
    <link:calculationArc order='20' weight='1.0' xlink:arcrole='http://www.xbrl.org/2003/arcrole/summation-item' xlink:from='loc_FinancingReceivableAllowanceForCreditLossesPeriodIncreaseDecrease' xlink:to='loc_FinancingReceivableAllowanceForCreditLossesRecovery' xlink:type='arc' />
    <link:calculationArc order='30' weight='-1.0' xlink:arcrole='http://www.xbrl.org/2003/arcrole/summation-item' xlink:from='loc_FinancingReceivableAllowanceForCreditLossesPeriodIncreaseDecrease' xlink:to='loc_FinancingReceivableAllowanceForCreditLossesWriteOffs' xlink:type='arc' />
    <link:calculationArc order='10' weight='1.0' xlink:arcrole='http://www.xbrl.org/2003/arcrole/summation-item' xlink:from='loc_NotesReceivableGross' xlink:to='loc_NotesAndLoansReceivableGrossCurrent' xlink:type='arc' />
    <link:calculationArc order='20' weight='1.0' xlink:arcrole='http://www.xbrl.org/2003/arcrole/summation-item' xlink:from='loc_NotesReceivableGross' xlink:to='loc_NotesAndLoansReceivableGrossNoncurrent' xlink:type='arc' />
    <link:calculationArc order='10' weight='1.0' xlink:arcrole='http://www.xbrl.org/2003/arcrole/summation-item' xlink:from='loc_ImpairedFinancingReceivableAverageRecordedInvestment' xlink:to='loc_ImpairedFinancingReceivableWithNoRelatedAllowanceAverageRecordedInvestment' xlink:type='arc' />
    <link:calculationArc order='20' weight='1.0' xlink:arcrole='http://www.xbrl.org/2003/arcrole/summation-item' xlink:from='loc_ImpairedFinancingReceivableAverageRecordedInvestment' xlink:to='loc_ImpairedFinancingReceivableWithRelatedAllowanceAverageRecordedInvestment' xlink:type='arc' />
    <link:calculationArc order='10' weight='1.0' xlink:arcrole='http://www.xbrl.org/2003/arcrole/summation-item' xlink:from='loc_ImpairedFinancingReceivableInterestIncomeAccrualMethod' xlink:to='loc_ImpairedFinancingReceivableWithNoRelatedAllowanceInterestIncomeAccrualMethod' xlink:type='arc' />
    <link:calculationArc order='20' weight='1.0' xlink:arcrole='http://www.xbrl.org/2003/arcrole/summation-item' xlink:from='loc_ImpairedFinancingReceivableInterestIncomeAccrualMethod' xlink:to='loc_ImpairedFinancingReceivableWithRelatedAllowanceInterestIncomeAccrualMethod' xlink:type='arc' />
    <link:calculationArc order='10' weight='1.0' xlink:arcrole='http://www.xbrl.org/2003/arcrole/summation-item' xlink:from='loc_ImpairedFinancingReceivableInterestIncomeCashBasisMethod' xlink:to='loc_ImpairedFinancingReceivableWithNoRelatedAllowanceInterestIncomeCashBasisMethod' xlink:type='arc' />
    <link:calculationArc order='20' weight='1.0' xlink:arcrole='http://www.xbrl.org/2003/arcrole/summation-item' xlink:from='loc_ImpairedFinancingReceivableInterestIncomeCashBasisMethod' xlink:to='loc_ImpairedFinancingReceivableWithRelatedAllowanceInterestIncomeCashBasisMethod' xlink:type='arc' />
    <link:calculationArc order='10' weight='1.0' xlink:arcrole='http://www.xbrl.org/2003/arcrole/summation-item' xlink:from='loc_ImpairedFinancingReceivableRecordedInvestment' xlink:to='loc_ImpairedFinancingReceivableWithNoRelatedAllowanceRecordedInvestment' xlink:type='arc' />
    <link:calculationArc order='20' weight='1.0' xlink:arcrole='http://www.xbrl.org/2003/arcrole/summation-item' xlink:from='loc_ImpairedFinancingReceivableRecordedInvestment' xlink:to='loc_ImpairedFinancingReceivableWithRelatedAllowanceRecordedInvestment' xlink:type='arc' />
    <link:calculationArc order='10' weight='1.0' xlink:arcrole='http://www.xbrl.org/2003/arcrole/summation-item' xlink:from='loc_ImpairedFinancingReceivableUnpaidPrincipalBalance' xlink:to='loc_ImpairedFinancingReceivableWithNoRelatedAllowanceUnpaidPrincipalBalance' xlink:type='arc' />
    <link:calculationArc order='20' weight='1.0' xlink:arcrole='http://www.xbrl.org/2003/arcrole/summation-item' xlink:from='loc_ImpairedFinancingReceivableUnpaidPrincipalBalance' xlink:to='loc_ImpairedFinancingReceivableWithRelatedAllowanceUnpaidPrincipalBalance' xlink:type='arc' />
    <link:calculationArc order='10' weight='1.0' xlink:arcrole='http://www.xbrl.org/2003/arcrole/summation-item' xlink:from='loc_LineOfCreditFacilityPeriodicPayment' xlink:to='loc_LineOfCreditFacilityPeriodicPaymentInterest' xlink:type='arc' />
    <link:calculationArc order='20' weight='1.0' xlink:arcrole='http://www.xbrl.org/2003/arcrole/summation-item' xlink:from='loc_LineOfCreditFacilityPeriodicPayment' xlink:to='loc_LineOfCreditFacilityPeriodicPaymentPrincipal' xlink:type='arc' />
    <link:calculationArc order='10' weight='1.0' xlink:arcrole='http://www.xbrl.org/2003/arcrole/summation-item' xlink:from='loc_LoansReceivableHeldForSaleReconciliationToCashFlowPeriodIncreaseDecrease' xlink:to='loc_LoansReceivableHeldForSaleReconciliationToCashFlowAdditionsToHeldForSale' xlink:type='arc' />
    <link:calculationArc order='20' weight='-1.0' xlink:arcrole='http://www.xbrl.org/2003/arcrole/summation-item' xlink:from='loc_LoansReceivableHeldForSaleReconciliationToCashFlowPeriodIncreaseDecrease' xlink:to='loc_LoansReceivableHeldForSaleReconciliationToCashFlowDeductionsFromHeldForSale' xlink:type='arc' />
    <link:calculationArc order='10' weight='1.0' xlink:arcrole='http://www.xbrl.org/2003/arcrole/summation-item' xlink:from='loc_LoansAndLeasesReceivableRelatedPartiesPeriodIncreaseDecrease' xlink:to='loc_LoansAndLeasesReceivableRelatedPartiesAdditions' xlink:type='arc' />
    <link:calculationArc order='20' weight='-1.0' xlink:arcrole='http://www.xbrl.org/2003/arcrole/summation-item' xlink:from='loc_LoansAndLeasesReceivableRelatedPartiesPeriodIncreaseDecrease' xlink:to='loc_LoansAndLeasesReceivableRelatedPartiesProceeds' xlink:type='arc' />
    <link:calculationArc order='10' weight='1.0' xlink:arcrole='http://www.xbrl.org/2003/arcrole/summation-item' xlink:from='loc_ReceivableWithImputedInterestNetAmount' xlink:to='loc_ReceivableWithImputedInterestFaceAmount' xlink:type='arc' />
    <link:calculationArc order='20' weight='1.0' xlink:arcrole='http://www.xbrl.org/2003/arcrole/summation-item' xlink:from='loc_ReceivableWithImputedInterestNetAmount' xlink:to='loc_ReceivableWithImputedInterestPremium' xlink:type='arc' />
    <link:calculationArc order='30' weight='-1.0' xlink:arcrole='http://www.xbrl.org/2003/arcrole/summation-item' xlink:from='loc_ReceivableWithImputedInterestNetAmount' xlink:to='loc_ReceivableWithImputedInterestDiscount' xlink:type='arc' />
    <link:calculationArc order='10' weight='1.0' xlink:arcrole='http://www.xbrl.org/2003/arcrole/summation-item' xlink:from='loc_ReceivablesHeldForSaleAmount' xlink:to='loc_TradeReceivablesHeldForSaleAmount' xlink:type='arc' />
    <link:calculationArc order='20' weight='1.0' xlink:arcrole='http://www.xbrl.org/2003/arcrole/summation-item' xlink:from='loc_ReceivablesHeldForSaleAmount' xlink:to='loc_LoansReceivableHeldForSaleAmount' xlink:type='arc' />
    <link:calculationArc order='10' weight='1.0' xlink:arcrole='http://www.xbrl.org/2003/arcrole/summation-item' xlink:from='loc_TimeSharingTransactionsMaturitiesOfNotesReceivableNet' xlink:to='loc_TimeSharingTransactionsAggregateMaturitiesOfNotesReceivableGross' xlink:type='arc' />
    <link:calculationArc order='10' weight='1.0' xlink:arcrole='http://www.xbrl.org/2003/arcrole/summation-item' xlink:from='loc_TimeSharingTransactionsAggregateMaturitiesOfNotesReceivableGross' xlink:to='loc_TimeSharingTransactionsMaturitiesOfNotesReceivableYearOne' xlink:type='arc' />
    <link:calculationArc order='20' weight='1.0' xlink:arcrole='http://www.xbrl.org/2003/arcrole/summation-item' xlink:from='loc_TimeSharingTransactionsAggregateMaturitiesOfNotesReceivableGross' xlink:to='loc_TimeSharingTransactionsMaturitiesOfNotesReceivableYearTwo' xlink:type='arc' />
    <link:calculationArc order='30' weight='1.0' xlink:arcrole='http://www.xbrl.org/2003/arcrole/summation-item' xlink:from='loc_TimeSharingTransactionsAggregateMaturitiesOfNotesReceivableGross' xlink:to='loc_TimeSharingTransactionsMaturitiesOfNotesReceivableYearThree' xlink:type='arc' />
    <link:calculationArc order='40' weight='1.0' xlink:arcrole='http://www.xbrl.org/2003/arcrole/summation-item' xlink:from='loc_TimeSharingTransactionsAggregateMaturitiesOfNotesReceivableGross' xlink:to='loc_TimeSharingTransactionsMaturitiesOfNotesReceivableYearFour' xlink:type='arc' />
    <link:calculationArc order='50' weight='1.0' xlink:arcrole='http://www.xbrl.org/2003/arcrole/summation-item' xlink:from='loc_TimeSharingTransactionsAggregateMaturitiesOfNotesReceivableGross' xlink:to='loc_TimeSharingTransactionsMaturitiesOfNotesReceivableYearFive' xlink:type='arc' />
    <link:calculationArc order='60' weight='1.0' xlink:arcrole='http://www.xbrl.org/2003/arcrole/summation-item' xlink:from='loc_TimeSharingTransactionsAggregateMaturitiesOfNotesReceivableGross' xlink:to='loc_TimeSharingTransactionsMaturitiesOfNotesReceivableFutureYears' xlink:type='arc' />
    <link:calculationArc order='20' weight='-1.0' xlink:arcrole='http://www.xbrl.org/2003/arcrole/summation-item' xlink:from='loc_TimeSharingTransactionsMaturitiesOfNotesReceivableNet' xlink:to='loc_TimeSharingTransactionsAllowanceForUncollectibleAccounts' xlink:type='arc' />
    <link:calculationArc order='10' weight='1.0' xlink:arcrole='http://www.xbrl.org/2003/arcrole/summation-item' xlink:from='loc_TradeReceivablesHeldForSaleReconciliationToCashFlowPeriodIncreaseDecrease' xlink:to='loc_TradeReceivablesHeldForSaleReconciliationToCashFlowAdditionsToHeldForSale' xlink:type='arc' />
    <link:calculationArc order='20' weight='-1.0' xlink:arcrole='http://www.xbrl.org/2003/arcrole/summation-item' xlink:from='loc_TradeReceivablesHeldForSaleReconciliationToCashFlowPeriodIncreaseDecrease' xlink:to='loc_TradeReceivablesHeldForSaleReconciliationToCashFlowDeductionsFromHeldForSale' xlink:type='arc' />
  </link:calculationLink>
</link:linkbase>
