<?xml version='1.0' encoding='UTF-8'?>

<!--
(c) 2010-2021 Financial Accounting Foundation; (c) 2007-2010 XBRL US, Inc.  All Rights Reserved.
Notice: Authorized Uses are Set Forth at https://xbrl.fasb.org/terms/TaxonomiesTermsConditions.html
  -->
<link:linkbase xmlns:link='http://www.xbrl.org/2003/linkbase' xmlns:xbrldt='http://xbrl.org/2005/xbrldt' xmlns:xlink='http://www.w3.org/1999/xlink' xmlns:xsi='http://www.w3.org/2001/XMLSchema-instance' xsi:schemaLocation='http://www.xbrl.org/2003/linkbase http://www.xbrl.org/2003/xbrl-linkbase-2003-12-31.xsd'>
  <link:roleRef roleURI='http://fasb.org/us-gaap/role/disclosure/ResearchAndDevelopmentScheduleOfResearchAndDevelopmentArrangementContractToPerformForOthersTable' xlink:href='../elts/us-roles-2021-01-31.xsd#ResearchAndDevelopmentScheduleOfResearchAndDevelopmentArrangementContractToPerformForOthersTable' xlink:type='simple' />
  <link:arcroleRef arcroleURI='http://xbrl.org/int/dim/arcrole/all' xlink:href='http://www.xbrl.org/2005/xbrldt-2005.xsd#all' xlink:type='simple' />
  <link:arcroleRef arcroleURI='http://xbrl.org/int/dim/arcrole/dimension-default' xlink:href='http://www.xbrl.org/2005/xbrldt-2005.xsd#dimension-default' xlink:type='simple' />
  <link:arcroleRef arcroleURI='http://xbrl.org/int/dim/arcrole/dimension-domain' xlink:href='http://www.xbrl.org/2005/xbrldt-2005.xsd#dimension-domain' xlink:type='simple' />
  <link:arcroleRef arcroleURI='http://xbrl.org/int/dim/arcrole/domain-member' xlink:href='http://www.xbrl.org/2005/xbrldt-2005.xsd#domain-member' xlink:type='simple' />
  <link:arcroleRef arcroleURI='http://xbrl.org/int/dim/arcrole/hypercube-dimension' xlink:href='http://www.xbrl.org/2005/xbrldt-2005.xsd#hypercube-dimension' xlink:type='simple' />
  <link:definitionLink xlink:role='http://fasb.org/us-gaap/role/disclosure/ResearchAndDevelopmentScheduleOfResearchAndDevelopmentArrangementContractToPerformForOthersTable' xlink:type='extended'>
    <link:loc xlink:href='../elts/us-gaap-2021-01-31.xsd#us-gaap_ResearchAndDevelopmentArrangementContractToPerformForOthersLineItems' xlink:label='loc_ResearchAndDevelopmentArrangementContractToPerformForOthersLineItems' xlink:type='locator' />
    <link:loc xlink:href='../elts/us-gaap-2021-01-31.xsd#us-gaap_ScheduleOfResearchAndDevelopmentArrangementContractToPerformForOthersTable' xlink:label='loc_ScheduleOfResearchAndDevelopmentArrangementContractToPerformForOthersTable' xlink:type='locator' />
    <link:definitionArc order='1.0' xbrldt:closed='true' xbrldt:contextElement='segment' xlink:arcrole='http://xbrl.org/int/dim/arcrole/all' xlink:from='loc_ResearchAndDevelopmentArrangementContractToPerformForOthersLineItems' xlink:to='loc_ScheduleOfResearchAndDevelopmentArrangementContractToPerformForOthersTable' xlink:type='arc' />
  </link:definitionLink>
  <link:definitionLink xlink:role='http://fasb.org/us-gaap/role/disclosure/ResearchAndDevelopmentScheduleOfResearchAndDevelopmentArrangementContractToPerformForOthersTable' xlink:type='extended'>
    <link:loc xlink:href='../elts/us-gaap-2021-01-31.xsd#us-gaap_CapitalizedCostsOfUnprovedPropertiesExcludedFromAmortizationByPropertyOrProjectAxis' xlink:label='loc_CapitalizedCostsOfUnprovedPropertiesExcludedFromAmortizationByPropertyOrProjectAxis' xlink:type='locator' />
    <link:loc xlink:href='../elts/us-gaap-2021-01-31.xsd#us-gaap_ProjectMember' xlink:label='loc_ProjectMember' xlink:type='locator' />
    <link:loc xlink:href='../elts/us-gaap-2021-01-31.xsd#us-gaap_ResearchAndDevelopmentArrangementContractToPerformForOthersByTypeAxis' xlink:label='loc_ResearchAndDevelopmentArrangementContractToPerformForOthersByTypeAxis' xlink:type='locator' />
    <link:loc xlink:href='../elts/us-gaap-2021-01-31.xsd#us-gaap_ResearchAndDevelopmentArrangementContractToPerformForOthersTypeDomain' xlink:label='loc_ResearchAndDevelopmentArrangementContractToPerformForOthersTypeDomain' xlink:type='locator' />
    <link:definitionArc order='2.0' xlink:arcrole='http://xbrl.org/int/dim/arcrole/dimension-default' xlink:from='loc_CapitalizedCostsOfUnprovedPropertiesExcludedFromAmortizationByPropertyOrProjectAxis' xlink:to='loc_ProjectMember' xlink:type='arc' />
    <link:definitionArc order='1.0' xlink:arcrole='http://xbrl.org/int/dim/arcrole/dimension-default' xlink:from='loc_ResearchAndDevelopmentArrangementContractToPerformForOthersByTypeAxis' xlink:to='loc_ResearchAndDevelopmentArrangementContractToPerformForOthersTypeDomain' xlink:type='arc' />
  </link:definitionLink>
  <link:definitionLink xlink:role='http://fasb.org/us-gaap/role/disclosure/ResearchAndDevelopmentScheduleOfResearchAndDevelopmentArrangementContractToPerformForOthersTable' xlink:type='extended'>
    <link:loc xlink:href='../elts/us-gaap-2021-01-31.xsd#us-gaap_CapitalizedCostsOfUnprovedPropertiesExcludedFromAmortizationByPropertyOrProjectAxis' xlink:label='loc_CapitalizedCostsOfUnprovedPropertiesExcludedFromAmortizationByPropertyOrProjectAxis' xlink:type='locator' />
    <link:loc xlink:href='../elts/us-gaap-2021-01-31.xsd#us-gaap_ProjectMember' xlink:label='loc_ProjectMember' xlink:type='locator' />
    <link:loc xlink:href='../elts/us-gaap-2021-01-31.xsd#us-gaap_ResearchAndDevelopmentArrangementContractToPerformForOthersByTypeAxis' xlink:label='loc_ResearchAndDevelopmentArrangementContractToPerformForOthersByTypeAxis' xlink:type='locator' />
    <link:loc xlink:href='../elts/us-gaap-2021-01-31.xsd#us-gaap_ResearchAndDevelopmentArrangementContractToPerformForOthersTypeDomain' xlink:label='loc_ResearchAndDevelopmentArrangementContractToPerformForOthersTypeDomain' xlink:type='locator' />
    <link:definitionArc order='2.0' xlink:arcrole='http://xbrl.org/int/dim/arcrole/dimension-domain' xlink:from='loc_CapitalizedCostsOfUnprovedPropertiesExcludedFromAmortizationByPropertyOrProjectAxis' xlink:to='loc_ProjectMember' xlink:type='arc' />
    <link:definitionArc order='1.0' xlink:arcrole='http://xbrl.org/int/dim/arcrole/dimension-domain' xlink:from='loc_ResearchAndDevelopmentArrangementContractToPerformForOthersByTypeAxis' xlink:to='loc_ResearchAndDevelopmentArrangementContractToPerformForOthersTypeDomain' xlink:type='arc' />
  </link:definitionLink>
  <link:definitionLink xlink:role='http://fasb.org/us-gaap/role/disclosure/ResearchAndDevelopmentScheduleOfResearchAndDevelopmentArrangementContractToPerformForOthersTable' xlink:type='extended'>
    <link:loc xlink:href='../elts/us-gaap-2021-01-31.xsd#us-gaap_ResearchAndDevelopmentArrangementWithFederalGovernmentAbstract' xlink:label='loc_ResearchAndDevelopmentArrangementWithFederalGovernmentAbstract' xlink:type='locator' />
    <link:loc xlink:href='../elts/us-gaap-2021-01-31.xsd#us-gaap_ResearchAndDevelopmentArrangementWithFederalGovernmentDescriptionAndTerms' xlink:label='loc_ResearchAndDevelopmentArrangementWithFederalGovernmentDescriptionAndTerms' xlink:type='locator' />
    <link:loc xlink:href='../elts/us-gaap-2021-01-31.xsd#us-gaap_ResearchAndDevelopmentArrangementWithFederalGovernmentCostsIncurredNet' xlink:label='loc_ResearchAndDevelopmentArrangementWithFederalGovernmentCostsIncurredNet' xlink:type='locator' />
    <link:loc xlink:href='../elts/us-gaap-2021-01-31.xsd#us-gaap_ResearchAndDevelopmentArrangementWithFederalGovernmentCustomerFundingToOffsetCostsIncurred' xlink:label='loc_ResearchAndDevelopmentArrangementWithFederalGovernmentCustomerFundingToOffsetCostsIncurred' xlink:type='locator' />
    <link:loc xlink:href='../elts/us-gaap-2021-01-31.xsd#us-gaap_ResearchAndDevelopmentArrangementContractToPerformForOthersLineItems' xlink:label='loc_ResearchAndDevelopmentArrangementContractToPerformForOthersLineItems' xlink:type='locator' />
    <link:loc xlink:href='../elts/us-gaap-2021-01-31.xsd#us-gaap_ResearchAndDevelopmentArrangementContractToPerformForOthersDescriptionAndTerms' xlink:label='loc_ResearchAndDevelopmentArrangementContractToPerformForOthersDescriptionAndTerms' xlink:type='locator' />
    <link:loc xlink:href='../elts/us-gaap-2021-01-31.xsd#us-gaap_ResearchAndDevelopmentArrangementContractToPerformForOthersCostsIncurredGross' xlink:label='loc_ResearchAndDevelopmentArrangementContractToPerformForOthersCostsIncurredGross' xlink:type='locator' />
    <link:loc xlink:href='../elts/us-gaap-2021-01-31.xsd#us-gaap_ResearchAndDevelopmentArrangementContractToPerformForOthersCompensationEarned' xlink:label='loc_ResearchAndDevelopmentArrangementContractToPerformForOthersCompensationEarned' xlink:type='locator' />
    <link:loc xlink:href='../elts/us-gaap-2021-01-31.xsd#us-gaap_ResearchAndDevelopmentArrangementContractToPerformForOthersTypeDomain' xlink:label='loc_ResearchAndDevelopmentArrangementContractToPerformForOthersTypeDomain' xlink:type='locator' />
    <link:loc xlink:href='../elts/us-gaap-2021-01-31.xsd#us-gaap_RoyaltyAgreementTermsMember' xlink:label='loc_RoyaltyAgreementTermsMember' xlink:type='locator' />
    <link:loc xlink:href='../elts/us-gaap-2021-01-31.xsd#us-gaap_PurchaseProvisionTermsMember' xlink:label='loc_PurchaseProvisionTermsMember' xlink:type='locator' />
    <link:loc xlink:href='../elts/us-gaap-2021-01-31.xsd#us-gaap_LicenseAgreementTermsMember' xlink:label='loc_LicenseAgreementTermsMember' xlink:type='locator' />
    <link:loc xlink:href='../elts/us-gaap-2021-01-31.xsd#us-gaap_AdditionalFundingAgreementTermsMember' xlink:label='loc_AdditionalFundingAgreementTermsMember' xlink:type='locator' />
    <link:definitionArc order='5.0' xlink:arcrole='http://xbrl.org/int/dim/arcrole/domain-member' xlink:from='loc_ResearchAndDevelopmentArrangementWithFederalGovernmentAbstract' xlink:to='loc_ResearchAndDevelopmentArrangementWithFederalGovernmentDescriptionAndTerms' xlink:type='arc' />
    <link:definitionArc order='6.0' xlink:arcrole='http://xbrl.org/int/dim/arcrole/domain-member' xlink:from='loc_ResearchAndDevelopmentArrangementWithFederalGovernmentAbstract' xlink:to='loc_ResearchAndDevelopmentArrangementWithFederalGovernmentCostsIncurredNet' xlink:type='arc' />
    <link:definitionArc order='7.0' xlink:arcrole='http://xbrl.org/int/dim/arcrole/domain-member' xlink:from='loc_ResearchAndDevelopmentArrangementWithFederalGovernmentAbstract' xlink:to='loc_ResearchAndDevelopmentArrangementWithFederalGovernmentCustomerFundingToOffsetCostsIncurred' xlink:type='arc' />
    <link:definitionArc order='1.0' xlink:arcrole='http://xbrl.org/int/dim/arcrole/domain-member' xlink:from='loc_ResearchAndDevelopmentArrangementContractToPerformForOthersLineItems' xlink:to='loc_ResearchAndDevelopmentArrangementContractToPerformForOthersDescriptionAndTerms' xlink:type='arc' />
    <link:definitionArc order='2.0' xlink:arcrole='http://xbrl.org/int/dim/arcrole/domain-member' xlink:from='loc_ResearchAndDevelopmentArrangementContractToPerformForOthersLineItems' xlink:to='loc_ResearchAndDevelopmentArrangementContractToPerformForOthersCostsIncurredGross' xlink:type='arc' />
    <link:definitionArc order='3.0' xlink:arcrole='http://xbrl.org/int/dim/arcrole/domain-member' xlink:from='loc_ResearchAndDevelopmentArrangementContractToPerformForOthersLineItems' xlink:to='loc_ResearchAndDevelopmentArrangementContractToPerformForOthersCompensationEarned' xlink:type='arc' />
    <link:definitionArc order='4.0' xlink:arcrole='http://xbrl.org/int/dim/arcrole/domain-member' xlink:from='loc_ResearchAndDevelopmentArrangementContractToPerformForOthersLineItems' xlink:to='loc_ResearchAndDevelopmentArrangementWithFederalGovernmentAbstract' xlink:type='arc' />
    <link:definitionArc order='1.0' xlink:arcrole='http://xbrl.org/int/dim/arcrole/domain-member' xlink:from='loc_ResearchAndDevelopmentArrangementContractToPerformForOthersTypeDomain' xlink:to='loc_RoyaltyAgreementTermsMember' xlink:type='arc' />
    <link:definitionArc order='2.0' xlink:arcrole='http://xbrl.org/int/dim/arcrole/domain-member' xlink:from='loc_ResearchAndDevelopmentArrangementContractToPerformForOthersTypeDomain' xlink:to='loc_PurchaseProvisionTermsMember' xlink:type='arc' />
    <link:definitionArc order='3.0' xlink:arcrole='http://xbrl.org/int/dim/arcrole/domain-member' xlink:from='loc_ResearchAndDevelopmentArrangementContractToPerformForOthersTypeDomain' xlink:to='loc_LicenseAgreementTermsMember' xlink:type='arc' />
    <link:definitionArc order='4.0' xlink:arcrole='http://xbrl.org/int/dim/arcrole/domain-member' xlink:from='loc_ResearchAndDevelopmentArrangementContractToPerformForOthersTypeDomain' xlink:to='loc_AdditionalFundingAgreementTermsMember' xlink:type='arc' />
  </link:definitionLink>
  <link:definitionLink xlink:role='http://fasb.org/us-gaap/role/disclosure/ResearchAndDevelopmentScheduleOfResearchAndDevelopmentArrangementContractToPerformForOthersTable' xlink:type='extended'>
    <link:loc xlink:href='../elts/us-gaap-2021-01-31.xsd#us-gaap_ScheduleOfResearchAndDevelopmentArrangementContractToPerformForOthersTable' xlink:label='loc_ScheduleOfResearchAndDevelopmentArrangementContractToPerformForOthersTable' xlink:type='locator' />
    <link:loc xlink:href='../elts/us-gaap-2021-01-31.xsd#us-gaap_ResearchAndDevelopmentArrangementContractToPerformForOthersByTypeAxis' xlink:label='loc_ResearchAndDevelopmentArrangementContractToPerformForOthersByTypeAxis' xlink:type='locator' />
    <link:loc xlink:href='../elts/us-gaap-2021-01-31.xsd#us-gaap_CapitalizedCostsOfUnprovedPropertiesExcludedFromAmortizationByPropertyOrProjectAxis' xlink:label='loc_CapitalizedCostsOfUnprovedPropertiesExcludedFromAmortizationByPropertyOrProjectAxis' xlink:type='locator' />
    <link:definitionArc order='1.0' xlink:arcrole='http://xbrl.org/int/dim/arcrole/hypercube-dimension' xlink:from='loc_ScheduleOfResearchAndDevelopmentArrangementContractToPerformForOthersTable' xlink:to='loc_ResearchAndDevelopmentArrangementContractToPerformForOthersByTypeAxis' xlink:type='arc' />
    <link:definitionArc order='2.0' xlink:arcrole='http://xbrl.org/int/dim/arcrole/hypercube-dimension' xlink:from='loc_ScheduleOfResearchAndDevelopmentArrangementContractToPerformForOthersTable' xlink:to='loc_CapitalizedCostsOfUnprovedPropertiesExcludedFromAmortizationByPropertyOrProjectAxis' xlink:type='arc' />
  </link:definitionLink>
</link:linkbase>
