<?xml version='1.0' encoding='UTF-8'?>

<!--
(c) 2010-2021 Financial Accounting Foundation; (c) 2007-2010 XBRL US, Inc.  All Rights Reserved.
Notice: Authorized Uses are Set Forth at https://xbrl.fasb.org/terms/TaxonomiesTermsConditions.html
  -->
<link:linkbase xmlns:link='http://www.xbrl.org/2003/linkbase' xmlns:xbrldt='http://xbrl.org/2005/xbrldt' xmlns:xlink='http://www.w3.org/1999/xlink' xmlns:xsi='http://www.w3.org/2001/XMLSchema-instance' xsi:schemaLocation='http://www.xbrl.org/2003/linkbase http://www.xbrl.org/2003/xbrl-linkbase-2003-12-31.xsd'>
  <link:roleRef roleURI='http://fasb.org/us-gaap/role/disclosure/RegulatedOperations' xlink:href='../elts/us-roles-2021-01-31.xsd#regop' xlink:type='simple' />
  <link:calculationLink xlink:role='http://fasb.org/us-gaap/role/disclosure/RegulatedOperations' xlink:type='extended'>
    <link:loc xlink:href='../elts/us-gaap-2021-01-31.xsd#us-gaap_CapitalizationLongtermDebtAndEquity' xlink:label='loc_CapitalizationLongtermDebtAndEquity' xlink:type='locator' />
    <link:loc xlink:href='../elts/us-gaap-2021-01-31.xsd#us-gaap_LongTermDebtNoncurrent' xlink:label='loc_LongTermDebtNoncurrent' xlink:type='locator' />
    <link:loc xlink:href='../elts/us-gaap-2021-01-31.xsd#us-gaap_StockholdersEquityIncludingPortionAttributableToNoncontrollingInterest' xlink:label='loc_StockholdersEquityIncludingPortionAttributableToNoncontrollingInterest' xlink:type='locator' />
    <link:loc xlink:href='../elts/us-gaap-2021-01-31.xsd#us-gaap_JointlyOwnedUtilityPlantNetOwnershipAmount' xlink:label='loc_JointlyOwnedUtilityPlantNetOwnershipAmount' xlink:type='locator' />
    <link:loc xlink:href='../elts/us-gaap-2021-01-31.xsd#us-gaap_JointlyOwnedUtilityPlantGrossOwnershipAmountOfPlantInService' xlink:label='loc_JointlyOwnedUtilityPlantGrossOwnershipAmountOfPlantInService' xlink:type='locator' />
    <link:loc xlink:href='../elts/us-gaap-2021-01-31.xsd#us-gaap_JointlyOwnedUtilityPlantOwnershipAmountOfPlantAccumulatedDepreciation' xlink:label='loc_JointlyOwnedUtilityPlantOwnershipAmountOfPlantAccumulatedDepreciation' xlink:type='locator' />
    <link:loc xlink:href='../elts/us-gaap-2021-01-31.xsd#us-gaap_JointlyOwnedUtilityPlantOwnershipAmountOfOtherAssets' xlink:label='loc_JointlyOwnedUtilityPlantOwnershipAmountOfOtherAssets' xlink:type='locator' />
    <link:loc xlink:href='../elts/us-gaap-2021-01-31.xsd#us-gaap_JointlyOwnedUtilityPlantOwnershipAmountOfConstructionWorkInProgress' xlink:label='loc_JointlyOwnedUtilityPlantOwnershipAmountOfConstructionWorkInProgress' xlink:type='locator' />
    <link:loc xlink:href='../elts/us-gaap-2021-01-31.xsd#us-gaap_NetRegulatoryAssets' xlink:label='loc_NetRegulatoryAssets' xlink:type='locator' />
    <link:loc xlink:href='../elts/us-gaap-2021-01-31.xsd#us-gaap_RegulatoryAssets' xlink:label='loc_RegulatoryAssets' xlink:type='locator' />
    <link:loc xlink:href='../elts/us-gaap-2021-01-31.xsd#us-gaap_RegulatoryAssetsCurrent' xlink:label='loc_RegulatoryAssetsCurrent' xlink:type='locator' />
    <link:loc xlink:href='../elts/us-gaap-2021-01-31.xsd#us-gaap_RegulatoryAssetsNoncurrent' xlink:label='loc_RegulatoryAssetsNoncurrent' xlink:type='locator' />
    <link:loc xlink:href='../elts/us-gaap-2021-01-31.xsd#us-gaap_RegulatoryLiabilities' xlink:label='loc_RegulatoryLiabilities' xlink:type='locator' />
    <link:loc xlink:href='../elts/us-gaap-2021-01-31.xsd#us-gaap_RegulatoryLiabilityCurrent' xlink:label='loc_RegulatoryLiabilityCurrent' xlink:type='locator' />
    <link:loc xlink:href='../elts/us-gaap-2021-01-31.xsd#us-gaap_RegulatoryLiabilityNoncurrent' xlink:label='loc_RegulatoryLiabilityNoncurrent' xlink:type='locator' />
    <link:loc xlink:href='../elts/us-gaap-2021-01-31.xsd#us-gaap_PublicUtilitiesPropertyPlantAndEquipmentNet' xlink:label='loc_PublicUtilitiesPropertyPlantAndEquipmentNet' xlink:type='locator' />
    <link:loc xlink:href='../elts/us-gaap-2021-01-31.xsd#us-gaap_PublicUtilitiesPropertyPlantAndEquipmentPlantInService' xlink:label='loc_PublicUtilitiesPropertyPlantAndEquipmentPlantInService' xlink:type='locator' />
    <link:loc xlink:href='../elts/us-gaap-2021-01-31.xsd#us-gaap_PublicUtilitiesPropertyPlantAndEquipmentLand' xlink:label='loc_PublicUtilitiesPropertyPlantAndEquipmentLand' xlink:type='locator' />
    <link:loc xlink:href='../elts/us-gaap-2021-01-31.xsd#us-gaap_PublicUtilitiesPropertyPlantAndEquipmentGenerationOrProcessing' xlink:label='loc_PublicUtilitiesPropertyPlantAndEquipmentGenerationOrProcessing' xlink:type='locator' />
    <link:loc xlink:href='../elts/us-gaap-2021-01-31.xsd#us-gaap_PublicUtilitiesPropertyPlantAndEquipmentTransmissionAndDistribution' xlink:label='loc_PublicUtilitiesPropertyPlantAndEquipmentTransmissionAndDistribution' xlink:type='locator' />
    <link:loc xlink:href='../elts/us-gaap-2021-01-31.xsd#us-gaap_PublicUtilitiesPropertyPlantAndEquipmentTransmission' xlink:label='loc_PublicUtilitiesPropertyPlantAndEquipmentTransmission' xlink:type='locator' />
    <link:loc xlink:href='../elts/us-gaap-2021-01-31.xsd#us-gaap_PublicUtilitiesPropertyPlantAndEquipmentDistribution' xlink:label='loc_PublicUtilitiesPropertyPlantAndEquipmentDistribution' xlink:type='locator' />
    <link:loc xlink:href='../elts/us-gaap-2021-01-31.xsd#us-gaap_PublicUtilitiesPropertyPlantAndEquipmentFuel' xlink:label='loc_PublicUtilitiesPropertyPlantAndEquipmentFuel' xlink:type='locator' />
    <link:loc xlink:href='../elts/us-gaap-2021-01-31.xsd#us-gaap_PublicUtilitiesPropertyPlantAndEquipmentConstructionWorkInProgress' xlink:label='loc_PublicUtilitiesPropertyPlantAndEquipmentConstructionWorkInProgress' xlink:type='locator' />
    <link:loc xlink:href='../elts/us-gaap-2021-01-31.xsd#us-gaap_PublicUtilitiesPropertyPlantAndEquipmentCommon' xlink:label='loc_PublicUtilitiesPropertyPlantAndEquipmentCommon' xlink:type='locator' />
    <link:loc xlink:href='../elts/us-gaap-2021-01-31.xsd#us-gaap_PublicUtilitiesPropertyPlantAndEquipmentEquipment' xlink:label='loc_PublicUtilitiesPropertyPlantAndEquipmentEquipment' xlink:type='locator' />
    <link:loc xlink:href='../elts/us-gaap-2021-01-31.xsd#us-gaap_PublicUtilitiesPropertyPlantAndEquipmentVehicles' xlink:label='loc_PublicUtilitiesPropertyPlantAndEquipmentVehicles' xlink:type='locator' />
    <link:loc xlink:href='../elts/us-gaap-2021-01-31.xsd#us-gaap_PublicUtilitiesPropertyPlantAndEquipmentOtherPropertyPlantAndEquipment' xlink:label='loc_PublicUtilitiesPropertyPlantAndEquipmentOtherPropertyPlantAndEquipment' xlink:type='locator' />
    <link:loc xlink:href='../elts/us-gaap-2021-01-31.xsd#us-gaap_PublicUtilitiesPropertyPlantAndEquipmentAccumulatedDepreciation' xlink:label='loc_PublicUtilitiesPropertyPlantAndEquipmentAccumulatedDepreciation' xlink:type='locator' />
    <link:loc xlink:href='../elts/us-gaap-2021-01-31.xsd#us-gaap_RegulatedAndUnregulatedOperatingRevenue' xlink:label='loc_RegulatedAndUnregulatedOperatingRevenue' xlink:type='locator' />
    <link:loc xlink:href='../elts/us-gaap-2021-01-31.xsd#us-gaap_RegulatedOperatingRevenue' xlink:label='loc_RegulatedOperatingRevenue' xlink:type='locator' />
    <link:loc xlink:href='../elts/us-gaap-2021-01-31.xsd#us-gaap_RegulatedOperatingRevenueElectricNonNuclear' xlink:label='loc_RegulatedOperatingRevenueElectricNonNuclear' xlink:type='locator' />
    <link:loc xlink:href='../elts/us-gaap-2021-01-31.xsd#us-gaap_RegulatedOperatingRevenueFossilFuel' xlink:label='loc_RegulatedOperatingRevenueFossilFuel' xlink:type='locator' />
    <link:loc xlink:href='../elts/us-gaap-2021-01-31.xsd#us-gaap_RegulatedOperatingRevenueSteam' xlink:label='loc_RegulatedOperatingRevenueSteam' xlink:type='locator' />
    <link:loc xlink:href='../elts/us-gaap-2021-01-31.xsd#us-gaap_RegulatedOperatingRevenueGas' xlink:label='loc_RegulatedOperatingRevenueGas' xlink:type='locator' />
    <link:loc xlink:href='../elts/us-gaap-2021-01-31.xsd#us-gaap_RegulatedOperatingRevenueWater' xlink:label='loc_RegulatedOperatingRevenueWater' xlink:type='locator' />
    <link:loc xlink:href='../elts/us-gaap-2021-01-31.xsd#us-gaap_RegulatedOperatingRevenuePipelines' xlink:label='loc_RegulatedOperatingRevenuePipelines' xlink:type='locator' />
    <link:loc xlink:href='../elts/us-gaap-2021-01-31.xsd#us-gaap_RegulatedOperatingRevenueExplorationAndProduction' xlink:label='loc_RegulatedOperatingRevenueExplorationAndProduction' xlink:type='locator' />
    <link:loc xlink:href='../elts/us-gaap-2021-01-31.xsd#us-gaap_RegulatedOperatingRevenueFieldServices' xlink:label='loc_RegulatedOperatingRevenueFieldServices' xlink:type='locator' />
    <link:loc xlink:href='../elts/us-gaap-2021-01-31.xsd#us-gaap_RegulatedOperatingRevenueOther' xlink:label='loc_RegulatedOperatingRevenueOther' xlink:type='locator' />
    <link:loc xlink:href='../elts/us-gaap-2021-01-31.xsd#us-gaap_UnregulatedOperatingRevenue' xlink:label='loc_UnregulatedOperatingRevenue' xlink:type='locator' />
    <link:loc xlink:href='../elts/us-gaap-2021-01-31.xsd#us-gaap_UtilitiesOperatingExpense' xlink:label='loc_UtilitiesOperatingExpense' xlink:type='locator' />
    <link:loc xlink:href='../elts/us-gaap-2021-01-31.xsd#us-gaap_UtilitiesOperatingExpensePurchasedPower' xlink:label='loc_UtilitiesOperatingExpensePurchasedPower' xlink:type='locator' />
    <link:loc xlink:href='../elts/us-gaap-2021-01-31.xsd#us-gaap_UtilitiesOperatingExpensePurchasedPowerUnderLongTermContracts' xlink:label='loc_UtilitiesOperatingExpensePurchasedPowerUnderLongTermContracts' xlink:type='locator' />
    <link:loc xlink:href='../elts/us-gaap-2021-01-31.xsd#us-gaap_UtilitiesOperatingExpenseGasAndPetroleumPurchased' xlink:label='loc_UtilitiesOperatingExpenseGasAndPetroleumPurchased' xlink:type='locator' />
    <link:loc xlink:href='../elts/us-gaap-2021-01-31.xsd#us-gaap_UtilitiesOperatingExpenseFuelUsed' xlink:label='loc_UtilitiesOperatingExpenseFuelUsed' xlink:type='locator' />
    <link:loc xlink:href='../elts/us-gaap-2021-01-31.xsd#us-gaap_UtilitiesOperatingExpenseProductsAndServices' xlink:label='loc_UtilitiesOperatingExpenseProductsAndServices' xlink:type='locator' />
    <link:loc xlink:href='../elts/us-gaap-2021-01-31.xsd#us-gaap_UtilitiesOperatingExpenseMaintenanceAndOperations' xlink:label='loc_UtilitiesOperatingExpenseMaintenanceAndOperations' xlink:type='locator' />
    <link:loc xlink:href='../elts/us-gaap-2021-01-31.xsd#us-gaap_UtilitiesOperatingExpenseMaintenance' xlink:label='loc_UtilitiesOperatingExpenseMaintenance' xlink:type='locator' />
    <link:loc xlink:href='../elts/us-gaap-2021-01-31.xsd#us-gaap_UtilitiesOperatingExpenseOperations' xlink:label='loc_UtilitiesOperatingExpenseOperations' xlink:type='locator' />
    <link:loc xlink:href='../elts/us-gaap-2021-01-31.xsd#us-gaap_UtilitiesOperatingExpenseDepreciationAndAmortization' xlink:label='loc_UtilitiesOperatingExpenseDepreciationAndAmortization' xlink:type='locator' />
    <link:loc xlink:href='../elts/us-gaap-2021-01-31.xsd#us-gaap_UtilitiesOperatingExpenseTaxes' xlink:label='loc_UtilitiesOperatingExpenseTaxes' xlink:type='locator' />
    <link:loc xlink:href='../elts/us-gaap-2021-01-31.xsd#us-gaap_UtilitiesOperatingExpenseImpairments' xlink:label='loc_UtilitiesOperatingExpenseImpairments' xlink:type='locator' />
    <link:loc xlink:href='../elts/us-gaap-2021-01-31.xsd#us-gaap_UtilitiesOperatingExpenseOther' xlink:label='loc_UtilitiesOperatingExpenseOther' xlink:type='locator' />
    <link:calculationArc order='10' weight='1.0' xlink:arcrole='http://www.xbrl.org/2003/arcrole/summation-item' xlink:from='loc_CapitalizationLongtermDebtAndEquity' xlink:to='loc_LongTermDebtNoncurrent' xlink:type='arc' />
    <link:calculationArc order='20' weight='1.0' xlink:arcrole='http://www.xbrl.org/2003/arcrole/summation-item' xlink:from='loc_CapitalizationLongtermDebtAndEquity' xlink:to='loc_StockholdersEquityIncludingPortionAttributableToNoncontrollingInterest' xlink:type='arc' />
    <link:calculationArc order='10' weight='1.0' xlink:arcrole='http://www.xbrl.org/2003/arcrole/summation-item' xlink:from='loc_JointlyOwnedUtilityPlantNetOwnershipAmount' xlink:to='loc_JointlyOwnedUtilityPlantGrossOwnershipAmountOfPlantInService' xlink:type='arc' />
    <link:calculationArc order='20' weight='-1.0' xlink:arcrole='http://www.xbrl.org/2003/arcrole/summation-item' xlink:from='loc_JointlyOwnedUtilityPlantNetOwnershipAmount' xlink:to='loc_JointlyOwnedUtilityPlantOwnershipAmountOfPlantAccumulatedDepreciation' xlink:type='arc' />
    <link:calculationArc order='30' weight='1.0' xlink:arcrole='http://www.xbrl.org/2003/arcrole/summation-item' xlink:from='loc_JointlyOwnedUtilityPlantNetOwnershipAmount' xlink:to='loc_JointlyOwnedUtilityPlantOwnershipAmountOfOtherAssets' xlink:type='arc' />
    <link:calculationArc order='40' weight='1.0' xlink:arcrole='http://www.xbrl.org/2003/arcrole/summation-item' xlink:from='loc_JointlyOwnedUtilityPlantNetOwnershipAmount' xlink:to='loc_JointlyOwnedUtilityPlantOwnershipAmountOfConstructionWorkInProgress' xlink:type='arc' />
    <link:calculationArc order='10' weight='1.0' xlink:arcrole='http://www.xbrl.org/2003/arcrole/summation-item' xlink:from='loc_NetRegulatoryAssets' xlink:to='loc_RegulatoryAssets' xlink:type='arc' />
    <link:calculationArc order='10' weight='1.0' xlink:arcrole='http://www.xbrl.org/2003/arcrole/summation-item' xlink:from='loc_RegulatoryAssets' xlink:to='loc_RegulatoryAssetsCurrent' xlink:type='arc' />
    <link:calculationArc order='20' weight='1.0' xlink:arcrole='http://www.xbrl.org/2003/arcrole/summation-item' xlink:from='loc_RegulatoryAssets' xlink:to='loc_RegulatoryAssetsNoncurrent' xlink:type='arc' />
    <link:calculationArc order='20' weight='-1.0' xlink:arcrole='http://www.xbrl.org/2003/arcrole/summation-item' xlink:from='loc_NetRegulatoryAssets' xlink:to='loc_RegulatoryLiabilities' xlink:type='arc' />
    <link:calculationArc order='10' weight='1.0' xlink:arcrole='http://www.xbrl.org/2003/arcrole/summation-item' xlink:from='loc_RegulatoryLiabilities' xlink:to='loc_RegulatoryLiabilityCurrent' xlink:type='arc' />
    <link:calculationArc order='20' weight='1.0' xlink:arcrole='http://www.xbrl.org/2003/arcrole/summation-item' xlink:from='loc_RegulatoryLiabilities' xlink:to='loc_RegulatoryLiabilityNoncurrent' xlink:type='arc' />
    <link:calculationArc order='10' weight='1.0' xlink:arcrole='http://www.xbrl.org/2003/arcrole/summation-item' xlink:from='loc_PublicUtilitiesPropertyPlantAndEquipmentNet' xlink:to='loc_PublicUtilitiesPropertyPlantAndEquipmentPlantInService' xlink:type='arc' />
    <link:calculationArc order='10' weight='1.0' xlink:arcrole='http://www.xbrl.org/2003/arcrole/summation-item' xlink:from='loc_PublicUtilitiesPropertyPlantAndEquipmentPlantInService' xlink:to='loc_PublicUtilitiesPropertyPlantAndEquipmentLand' xlink:type='arc' />
    <link:calculationArc order='20' weight='1.0' xlink:arcrole='http://www.xbrl.org/2003/arcrole/summation-item' xlink:from='loc_PublicUtilitiesPropertyPlantAndEquipmentPlantInService' xlink:to='loc_PublicUtilitiesPropertyPlantAndEquipmentGenerationOrProcessing' xlink:type='arc' />
    <link:calculationArc order='30' weight='1.0' xlink:arcrole='http://www.xbrl.org/2003/arcrole/summation-item' xlink:from='loc_PublicUtilitiesPropertyPlantAndEquipmentPlantInService' xlink:to='loc_PublicUtilitiesPropertyPlantAndEquipmentTransmissionAndDistribution' xlink:type='arc' />
    <link:calculationArc order='10' weight='1.0' xlink:arcrole='http://www.xbrl.org/2003/arcrole/summation-item' xlink:from='loc_PublicUtilitiesPropertyPlantAndEquipmentTransmissionAndDistribution' xlink:to='loc_PublicUtilitiesPropertyPlantAndEquipmentTransmission' xlink:type='arc' />
    <link:calculationArc order='20' weight='1.0' xlink:arcrole='http://www.xbrl.org/2003/arcrole/summation-item' xlink:from='loc_PublicUtilitiesPropertyPlantAndEquipmentTransmissionAndDistribution' xlink:to='loc_PublicUtilitiesPropertyPlantAndEquipmentDistribution' xlink:type='arc' />
    <link:calculationArc order='40' weight='1.0' xlink:arcrole='http://www.xbrl.org/2003/arcrole/summation-item' xlink:from='loc_PublicUtilitiesPropertyPlantAndEquipmentPlantInService' xlink:to='loc_PublicUtilitiesPropertyPlantAndEquipmentFuel' xlink:type='arc' />
    <link:calculationArc order='50' weight='1.0' xlink:arcrole='http://www.xbrl.org/2003/arcrole/summation-item' xlink:from='loc_PublicUtilitiesPropertyPlantAndEquipmentPlantInService' xlink:to='loc_PublicUtilitiesPropertyPlantAndEquipmentConstructionWorkInProgress' xlink:type='arc' />
    <link:calculationArc order='60' weight='1.0' xlink:arcrole='http://www.xbrl.org/2003/arcrole/summation-item' xlink:from='loc_PublicUtilitiesPropertyPlantAndEquipmentPlantInService' xlink:to='loc_PublicUtilitiesPropertyPlantAndEquipmentCommon' xlink:type='arc' />
    <link:calculationArc order='70' weight='1.0' xlink:arcrole='http://www.xbrl.org/2003/arcrole/summation-item' xlink:from='loc_PublicUtilitiesPropertyPlantAndEquipmentPlantInService' xlink:to='loc_PublicUtilitiesPropertyPlantAndEquipmentEquipment' xlink:type='arc' />
    <link:calculationArc order='80' weight='1.0' xlink:arcrole='http://www.xbrl.org/2003/arcrole/summation-item' xlink:from='loc_PublicUtilitiesPropertyPlantAndEquipmentPlantInService' xlink:to='loc_PublicUtilitiesPropertyPlantAndEquipmentVehicles' xlink:type='arc' />
    <link:calculationArc order='90' weight='1.0' xlink:arcrole='http://www.xbrl.org/2003/arcrole/summation-item' xlink:from='loc_PublicUtilitiesPropertyPlantAndEquipmentPlantInService' xlink:to='loc_PublicUtilitiesPropertyPlantAndEquipmentOtherPropertyPlantAndEquipment' xlink:type='arc' />
    <link:calculationArc order='20' weight='-1.0' xlink:arcrole='http://www.xbrl.org/2003/arcrole/summation-item' xlink:from='loc_PublicUtilitiesPropertyPlantAndEquipmentNet' xlink:to='loc_PublicUtilitiesPropertyPlantAndEquipmentAccumulatedDepreciation' xlink:type='arc' />
    <link:calculationArc order='10' weight='1.0' xlink:arcrole='http://www.xbrl.org/2003/arcrole/summation-item' xlink:from='loc_RegulatedAndUnregulatedOperatingRevenue' xlink:to='loc_RegulatedOperatingRevenue' xlink:type='arc' />
    <link:calculationArc order='10' weight='1.0' xlink:arcrole='http://www.xbrl.org/2003/arcrole/summation-item' xlink:from='loc_RegulatedOperatingRevenue' xlink:to='loc_RegulatedOperatingRevenueElectricNonNuclear' xlink:type='arc' />
    <link:calculationArc order='10' weight='1.0' xlink:arcrole='http://www.xbrl.org/2003/arcrole/summation-item' xlink:from='loc_RegulatedOperatingRevenueElectricNonNuclear' xlink:to='loc_RegulatedOperatingRevenueFossilFuel' xlink:type='arc' />
    <link:calculationArc order='20' weight='1.0' xlink:arcrole='http://www.xbrl.org/2003/arcrole/summation-item' xlink:from='loc_RegulatedOperatingRevenueElectricNonNuclear' xlink:to='loc_RegulatedOperatingRevenueSteam' xlink:type='arc' />
    <link:calculationArc order='20' weight='1.0' xlink:arcrole='http://www.xbrl.org/2003/arcrole/summation-item' xlink:from='loc_RegulatedOperatingRevenue' xlink:to='loc_RegulatedOperatingRevenueGas' xlink:type='arc' />
    <link:calculationArc order='30' weight='1.0' xlink:arcrole='http://www.xbrl.org/2003/arcrole/summation-item' xlink:from='loc_RegulatedOperatingRevenue' xlink:to='loc_RegulatedOperatingRevenueWater' xlink:type='arc' />
    <link:calculationArc order='40' weight='1.0' xlink:arcrole='http://www.xbrl.org/2003/arcrole/summation-item' xlink:from='loc_RegulatedOperatingRevenue' xlink:to='loc_RegulatedOperatingRevenuePipelines' xlink:type='arc' />
    <link:calculationArc order='50' weight='1.0' xlink:arcrole='http://www.xbrl.org/2003/arcrole/summation-item' xlink:from='loc_RegulatedOperatingRevenue' xlink:to='loc_RegulatedOperatingRevenueExplorationAndProduction' xlink:type='arc' />
    <link:calculationArc order='60' weight='1.0' xlink:arcrole='http://www.xbrl.org/2003/arcrole/summation-item' xlink:from='loc_RegulatedOperatingRevenue' xlink:to='loc_RegulatedOperatingRevenueFieldServices' xlink:type='arc' />
    <link:calculationArc order='70' weight='1.0' xlink:arcrole='http://www.xbrl.org/2003/arcrole/summation-item' xlink:from='loc_RegulatedOperatingRevenue' xlink:to='loc_RegulatedOperatingRevenueOther' xlink:type='arc' />
    <link:calculationArc order='20' weight='1.0' xlink:arcrole='http://www.xbrl.org/2003/arcrole/summation-item' xlink:from='loc_RegulatedAndUnregulatedOperatingRevenue' xlink:to='loc_UnregulatedOperatingRevenue' xlink:type='arc' />
    <link:calculationArc order='10' weight='1.0' xlink:arcrole='http://www.xbrl.org/2003/arcrole/summation-item' xlink:from='loc_UtilitiesOperatingExpense' xlink:to='loc_UtilitiesOperatingExpensePurchasedPower' xlink:type='arc' />
    <link:calculationArc order='10' weight='1.0' xlink:arcrole='http://www.xbrl.org/2003/arcrole/summation-item' xlink:from='loc_UtilitiesOperatingExpensePurchasedPower' xlink:to='loc_UtilitiesOperatingExpensePurchasedPowerUnderLongTermContracts' xlink:type='arc' />
    <link:calculationArc order='20' weight='1.0' xlink:arcrole='http://www.xbrl.org/2003/arcrole/summation-item' xlink:from='loc_UtilitiesOperatingExpense' xlink:to='loc_UtilitiesOperatingExpenseGasAndPetroleumPurchased' xlink:type='arc' />
    <link:calculationArc order='30' weight='1.0' xlink:arcrole='http://www.xbrl.org/2003/arcrole/summation-item' xlink:from='loc_UtilitiesOperatingExpense' xlink:to='loc_UtilitiesOperatingExpenseFuelUsed' xlink:type='arc' />
    <link:calculationArc order='40' weight='1.0' xlink:arcrole='http://www.xbrl.org/2003/arcrole/summation-item' xlink:from='loc_UtilitiesOperatingExpense' xlink:to='loc_UtilitiesOperatingExpenseProductsAndServices' xlink:type='arc' />
    <link:calculationArc order='50' weight='1.0' xlink:arcrole='http://www.xbrl.org/2003/arcrole/summation-item' xlink:from='loc_UtilitiesOperatingExpense' xlink:to='loc_UtilitiesOperatingExpenseMaintenanceAndOperations' xlink:type='arc' />
    <link:calculationArc order='10' weight='1.0' xlink:arcrole='http://www.xbrl.org/2003/arcrole/summation-item' xlink:from='loc_UtilitiesOperatingExpenseMaintenanceAndOperations' xlink:to='loc_UtilitiesOperatingExpenseMaintenance' xlink:type='arc' />
    <link:calculationArc order='20' weight='1.0' xlink:arcrole='http://www.xbrl.org/2003/arcrole/summation-item' xlink:from='loc_UtilitiesOperatingExpenseMaintenanceAndOperations' xlink:to='loc_UtilitiesOperatingExpenseOperations' xlink:type='arc' />
    <link:calculationArc order='60' weight='1.0' xlink:arcrole='http://www.xbrl.org/2003/arcrole/summation-item' xlink:from='loc_UtilitiesOperatingExpense' xlink:to='loc_UtilitiesOperatingExpenseDepreciationAndAmortization' xlink:type='arc' />
    <link:calculationArc order='70' weight='1.0' xlink:arcrole='http://www.xbrl.org/2003/arcrole/summation-item' xlink:from='loc_UtilitiesOperatingExpense' xlink:to='loc_UtilitiesOperatingExpenseTaxes' xlink:type='arc' />
    <link:calculationArc order='80' weight='1.0' xlink:arcrole='http://www.xbrl.org/2003/arcrole/summation-item' xlink:from='loc_UtilitiesOperatingExpense' xlink:to='loc_UtilitiesOperatingExpenseImpairments' xlink:type='arc' />
    <link:calculationArc order='90' weight='1.0' xlink:arcrole='http://www.xbrl.org/2003/arcrole/summation-item' xlink:from='loc_UtilitiesOperatingExpense' xlink:to='loc_UtilitiesOperatingExpenseOther' xlink:type='arc' />
  </link:calculationLink>
</link:linkbase>
