<?xml version='1.0' encoding='UTF-8'?>

<!--
(c) 2010-2021 Financial Accounting Foundation; (c) 2007-2010 XBRL US, Inc.  All Rights Reserved.
Notice: Authorized Uses are Set Forth at https://xbrl.fasb.org/terms/TaxonomiesTermsConditions.html
  -->
<link:linkbase xmlns:link='http://www.xbrl.org/2003/linkbase' xmlns:xbrldt='http://xbrl.org/2005/xbrldt' xmlns:xlink='http://www.w3.org/1999/xlink' xmlns:xsi='http://www.w3.org/2001/XMLSchema-instance' xsi:schemaLocation='http://www.xbrl.org/2003/linkbase http://www.xbrl.org/2003/xbrl-linkbase-2003-12-31.xsd'>
  <link:roleRef roleURI='http://fasb.org/us-gaap/role/disclosure/FinancialServicesInvestmentCompany' xlink:href='../elts/us-roles-2021-01-31.xsd#invco' xlink:type='simple' />
  <link:calculationLink xlink:role='http://fasb.org/us-gaap/role/disclosure/FinancialServicesInvestmentCompany' xlink:type='extended'>
    <link:loc xlink:href='../elts/us-gaap-2021-01-31.xsd#us-gaap_InvestmentCompanyDistributableEarnings' xlink:label='loc_InvestmentCompanyDistributableEarnings' xlink:type='locator' />
    <link:loc xlink:href='../elts/us-gaap-2021-01-31.xsd#us-gaap_InvestmentCompanyDistributableEarningsLossAccumulatedOrdinaryIncomeLoss' xlink:label='loc_InvestmentCompanyDistributableEarningsLossAccumulatedOrdinaryIncomeLoss' xlink:type='locator' />
    <link:loc xlink:href='../elts/us-gaap-2021-01-31.xsd#us-gaap_InvestmentCompanyDistributableEarningsLossAccumulatedLongTermCapitalGainLoss' xlink:label='loc_InvestmentCompanyDistributableEarningsLossAccumulatedLongTermCapitalGainLoss' xlink:type='locator' />
    <link:loc xlink:href='../elts/us-gaap-2021-01-31.xsd#us-gaap_InvestmentCompanyDistributableEarningsLossAccumulatedAppreciationDepreciation' xlink:label='loc_InvestmentCompanyDistributableEarningsLossAccumulatedAppreciationDepreciation' xlink:type='locator' />
    <link:loc xlink:href='../elts/us-gaap-2021-01-31.xsd#us-gaap_InvestmentCompanyDistributableEarningsLossAccumulatedCapitalLossCarryforward' xlink:label='loc_InvestmentCompanyDistributableEarningsLossAccumulatedCapitalLossCarryforward' xlink:type='locator' />
    <link:loc xlink:href='../elts/us-gaap-2021-01-31.xsd#us-gaap_InvestmentCompanyNetAssetValuePerSharePeriodIncreaseDecrease' xlink:label='loc_InvestmentCompanyNetAssetValuePerSharePeriodIncreaseDecrease' xlink:type='locator' />
    <link:loc xlink:href='../elts/us-gaap-2021-01-31.xsd#us-gaap_InvestmentCompanyInvestmentIncomeLossFromOperationsPerShare' xlink:label='loc_InvestmentCompanyInvestmentIncomeLossFromOperationsPerShare' xlink:type='locator' />
    <link:loc xlink:href='../elts/us-gaap-2021-01-31.xsd#us-gaap_InvestmentCompanyGainLossOnInvestmentPerShare' xlink:label='loc_InvestmentCompanyGainLossOnInvestmentPerShare' xlink:type='locator' />
    <link:loc xlink:href='../elts/us-gaap-2021-01-31.xsd#us-gaap_InvestmentCompanyInvestmentIncomeLossPerShare' xlink:label='loc_InvestmentCompanyInvestmentIncomeLossPerShare' xlink:type='locator' />
    <link:loc xlink:href='../elts/us-gaap-2021-01-31.xsd#us-gaap_InvestmentCompanyDistributionToShareholdersPerShare' xlink:label='loc_InvestmentCompanyDistributionToShareholdersPerShare' xlink:type='locator' />
    <link:loc xlink:href='../elts/us-gaap-2021-01-31.xsd#us-gaap_InvestmentCompanyTaxReturnOfCapitalDistributionPerShare' xlink:label='loc_InvestmentCompanyTaxReturnOfCapitalDistributionPerShare' xlink:type='locator' />
    <link:loc xlink:href='../elts/us-gaap-2021-01-31.xsd#us-gaap_InvestmentCompanyRedemptionFeePerShare' xlink:label='loc_InvestmentCompanyRedemptionFeePerShare' xlink:type='locator' />
    <link:loc xlink:href='../elts/us-gaap-2021-01-31.xsd#us-gaap_InvestmentCompanyPaymentByAffiliatePerShare' xlink:label='loc_InvestmentCompanyPaymentByAffiliatePerShare' xlink:type='locator' />
    <link:loc xlink:href='../elts/us-gaap-2021-01-31.xsd#us-gaap_InvestmentCompanyNetAssetsPeriodIncreaseDecrease' xlink:label='loc_InvestmentCompanyNetAssetsPeriodIncreaseDecrease' xlink:type='locator' />
    <link:loc xlink:href='../elts/us-gaap-2021-01-31.xsd#us-gaap_UndistributedEarnings' xlink:label='loc_UndistributedEarnings' xlink:type='locator' />
    <link:loc xlink:href='../elts/us-gaap-2021-01-31.xsd#us-gaap_StockRepurchasedDuringPeriodValue' xlink:label='loc_StockRepurchasedDuringPeriodValue' xlink:type='locator' />
    <link:loc xlink:href='../elts/us-gaap-2021-01-31.xsd#us-gaap_StockIssuedDuringPeriodValueNewIssues' xlink:label='loc_StockIssuedDuringPeriodValueNewIssues' xlink:type='locator' />
    <link:loc xlink:href='../elts/us-gaap-2021-01-31.xsd#us-gaap_StockIssuedDuringPeriodValueDividendReinvestmentPlan' xlink:label='loc_StockIssuedDuringPeriodValueDividendReinvestmentPlan' xlink:type='locator' />
    <link:loc xlink:href='../elts/us-gaap-2021-01-31.xsd#us-gaap_PartnersCapitalAccountContributions' xlink:label='loc_PartnersCapitalAccountContributions' xlink:type='locator' />
    <link:loc xlink:href='../elts/us-gaap-2021-01-31.xsd#us-gaap_PartnersCapitalAccountDistributions' xlink:label='loc_PartnersCapitalAccountDistributions' xlink:type='locator' />
    <link:loc xlink:href='../elts/us-gaap-2021-01-31.xsd#us-gaap_PartnersCapitalAccountDeferredCompensation' xlink:label='loc_PartnersCapitalAccountDeferredCompensation' xlink:type='locator' />
    <link:loc xlink:href='../elts/us-gaap-2021-01-31.xsd#us-gaap_PartnersCapitalAccountUnitBasedCompensation' xlink:label='loc_PartnersCapitalAccountUnitBasedCompensation' xlink:type='locator' />
    <link:loc xlink:href='../elts/us-gaap-2021-01-31.xsd#us-gaap_PartnersCapitalAccountTreasuryUnitsPurchases' xlink:label='loc_PartnersCapitalAccountTreasuryUnitsPurchases' xlink:type='locator' />
    <link:loc xlink:href='../elts/us-gaap-2021-01-31.xsd#us-gaap_PartnersCapitalAccountTreasuryUnitsReissued' xlink:label='loc_PartnersCapitalAccountTreasuryUnitsReissued' xlink:type='locator' />
    <link:loc xlink:href='../elts/us-gaap-2021-01-31.xsd#us-gaap_PartnersCapitalAccountSaleOfUnits' xlink:label='loc_PartnersCapitalAccountSaleOfUnits' xlink:type='locator' />
    <link:loc xlink:href='../elts/us-gaap-2021-01-31.xsd#us-gaap_PartnersCapitalAccountRedemptions' xlink:label='loc_PartnersCapitalAccountRedemptions' xlink:type='locator' />
    <link:loc xlink:href='../elts/us-gaap-2021-01-31.xsd#us-gaap_PartnersCapitalAccountExchangesAndConversions' xlink:label='loc_PartnersCapitalAccountExchangesAndConversions' xlink:type='locator' />
    <link:loc xlink:href='../elts/us-gaap-2021-01-31.xsd#us-gaap_PartnersCapitalAccountAcquisitions' xlink:label='loc_PartnersCapitalAccountAcquisitions' xlink:type='locator' />
    <link:loc xlink:href='../elts/us-gaap-2021-01-31.xsd#us-gaap_InvestmentCompanyDividendDistribution' xlink:label='loc_InvestmentCompanyDividendDistribution' xlink:type='locator' />
    <link:loc xlink:href='../elts/us-gaap-2021-01-31.xsd#us-gaap_InvestmentCompanyTaxReturnOfCapitalDistribution' xlink:label='loc_InvestmentCompanyTaxReturnOfCapitalDistribution' xlink:type='locator' />
    <link:loc xlink:href='../elts/us-gaap-2021-01-31.xsd#us-gaap_InvestmentCompanyNetAssetsFromOperationsIncreaseDecrease' xlink:label='loc_InvestmentCompanyNetAssetsFromOperationsIncreaseDecrease' xlink:type='locator' />
    <link:loc xlink:href='../elts/us-gaap-2021-01-31.xsd#us-gaap_InvestmentIncomeNet' xlink:label='loc_InvestmentIncomeNet' xlink:type='locator' />
    <link:loc xlink:href='../elts/us-gaap-2021-01-31.xsd#us-gaap_OtherComprehensiveIncomeLossForeignCurrencyTransactionAndTranslationAdjustmentBeforeTax' xlink:label='loc_OtherComprehensiveIncomeLossForeignCurrencyTransactionAndTranslationAdjustmentBeforeTax' xlink:type='locator' />
    <link:loc xlink:href='../elts/us-gaap-2021-01-31.xsd#us-gaap_InvestmentCompanyRealizedAndUnrealizedGainLossOnInvestmentAndForeignCurrency' xlink:label='loc_InvestmentCompanyRealizedAndUnrealizedGainLossOnInvestmentAndForeignCurrency' xlink:type='locator' />
    <link:loc xlink:href='../elts/us-gaap-2021-01-31.xsd#us-gaap_RealizedInvestmentGainsLosses' xlink:label='loc_RealizedInvestmentGainsLosses' xlink:type='locator' />
    <link:loc xlink:href='../elts/us-gaap-2021-01-31.xsd#us-gaap_ForeignCurrencyTransactionGainLossRealized' xlink:label='loc_ForeignCurrencyTransactionGainLossRealized' xlink:type='locator' />
    <link:loc xlink:href='../elts/us-gaap-2021-01-31.xsd#us-gaap_UnrealizedGainLossOnInvestments' xlink:label='loc_UnrealizedGainLossOnInvestments' xlink:type='locator' />
    <link:calculationArc order='10' weight='1.0' xlink:arcrole='http://www.xbrl.org/2003/arcrole/summation-item' xlink:from='loc_InvestmentCompanyDistributableEarnings' xlink:to='loc_InvestmentCompanyDistributableEarningsLossAccumulatedOrdinaryIncomeLoss' xlink:type='arc' />
    <link:calculationArc order='20' weight='1.0' xlink:arcrole='http://www.xbrl.org/2003/arcrole/summation-item' xlink:from='loc_InvestmentCompanyDistributableEarnings' xlink:to='loc_InvestmentCompanyDistributableEarningsLossAccumulatedLongTermCapitalGainLoss' xlink:type='arc' />
    <link:calculationArc order='30' weight='1.0' xlink:arcrole='http://www.xbrl.org/2003/arcrole/summation-item' xlink:from='loc_InvestmentCompanyDistributableEarnings' xlink:to='loc_InvestmentCompanyDistributableEarningsLossAccumulatedAppreciationDepreciation' xlink:type='arc' />
    <link:calculationArc order='40' weight='-1.0' xlink:arcrole='http://www.xbrl.org/2003/arcrole/summation-item' xlink:from='loc_InvestmentCompanyDistributableEarnings' xlink:to='loc_InvestmentCompanyDistributableEarningsLossAccumulatedCapitalLossCarryforward' xlink:type='arc' />
    <link:calculationArc order='10' weight='1.0' xlink:arcrole='http://www.xbrl.org/2003/arcrole/summation-item' xlink:from='loc_InvestmentCompanyNetAssetValuePerSharePeriodIncreaseDecrease' xlink:to='loc_InvestmentCompanyInvestmentIncomeLossFromOperationsPerShare' xlink:type='arc' />
    <link:calculationArc order='10' weight='1.0' xlink:arcrole='http://www.xbrl.org/2003/arcrole/summation-item' xlink:from='loc_InvestmentCompanyInvestmentIncomeLossFromOperationsPerShare' xlink:to='loc_InvestmentCompanyGainLossOnInvestmentPerShare' xlink:type='arc' />
    <link:calculationArc order='20' weight='1.0' xlink:arcrole='http://www.xbrl.org/2003/arcrole/summation-item' xlink:from='loc_InvestmentCompanyInvestmentIncomeLossFromOperationsPerShare' xlink:to='loc_InvestmentCompanyInvestmentIncomeLossPerShare' xlink:type='arc' />
    <link:calculationArc order='20' weight='-1.0' xlink:arcrole='http://www.xbrl.org/2003/arcrole/summation-item' xlink:from='loc_InvestmentCompanyNetAssetValuePerSharePeriodIncreaseDecrease' xlink:to='loc_InvestmentCompanyDistributionToShareholdersPerShare' xlink:type='arc' />
    <link:calculationArc order='30' weight='-1.0' xlink:arcrole='http://www.xbrl.org/2003/arcrole/summation-item' xlink:from='loc_InvestmentCompanyNetAssetValuePerSharePeriodIncreaseDecrease' xlink:to='loc_InvestmentCompanyTaxReturnOfCapitalDistributionPerShare' xlink:type='arc' />
    <link:calculationArc order='40' weight='1.0' xlink:arcrole='http://www.xbrl.org/2003/arcrole/summation-item' xlink:from='loc_InvestmentCompanyNetAssetValuePerSharePeriodIncreaseDecrease' xlink:to='loc_InvestmentCompanyRedemptionFeePerShare' xlink:type='arc' />
    <link:calculationArc order='50' weight='1.0' xlink:arcrole='http://www.xbrl.org/2003/arcrole/summation-item' xlink:from='loc_InvestmentCompanyNetAssetValuePerSharePeriodIncreaseDecrease' xlink:to='loc_InvestmentCompanyPaymentByAffiliatePerShare' xlink:type='arc' />
    <link:calculationArc order='10' weight='1.0' xlink:arcrole='http://www.xbrl.org/2003/arcrole/summation-item' xlink:from='loc_InvestmentCompanyNetAssetsPeriodIncreaseDecrease' xlink:to='loc_UndistributedEarnings' xlink:type='arc' />
    <link:calculationArc order='20' weight='-1.0' xlink:arcrole='http://www.xbrl.org/2003/arcrole/summation-item' xlink:from='loc_InvestmentCompanyNetAssetsPeriodIncreaseDecrease' xlink:to='loc_StockRepurchasedDuringPeriodValue' xlink:type='arc' />
    <link:calculationArc order='30' weight='1.0' xlink:arcrole='http://www.xbrl.org/2003/arcrole/summation-item' xlink:from='loc_InvestmentCompanyNetAssetsPeriodIncreaseDecrease' xlink:to='loc_StockIssuedDuringPeriodValueNewIssues' xlink:type='arc' />
    <link:calculationArc order='40' weight='1.0' xlink:arcrole='http://www.xbrl.org/2003/arcrole/summation-item' xlink:from='loc_InvestmentCompanyNetAssetsPeriodIncreaseDecrease' xlink:to='loc_StockIssuedDuringPeriodValueDividendReinvestmentPlan' xlink:type='arc' />
    <link:calculationArc order='50' weight='1.0' xlink:arcrole='http://www.xbrl.org/2003/arcrole/summation-item' xlink:from='loc_InvestmentCompanyNetAssetsPeriodIncreaseDecrease' xlink:to='loc_PartnersCapitalAccountContributions' xlink:type='arc' />
    <link:calculationArc order='60' weight='-1.0' xlink:arcrole='http://www.xbrl.org/2003/arcrole/summation-item' xlink:from='loc_InvestmentCompanyNetAssetsPeriodIncreaseDecrease' xlink:to='loc_PartnersCapitalAccountDistributions' xlink:type='arc' />
    <link:calculationArc order='70' weight='-1.0' xlink:arcrole='http://www.xbrl.org/2003/arcrole/summation-item' xlink:from='loc_InvestmentCompanyNetAssetsPeriodIncreaseDecrease' xlink:to='loc_PartnersCapitalAccountDeferredCompensation' xlink:type='arc' />
    <link:calculationArc order='80' weight='1.0' xlink:arcrole='http://www.xbrl.org/2003/arcrole/summation-item' xlink:from='loc_InvestmentCompanyNetAssetsPeriodIncreaseDecrease' xlink:to='loc_PartnersCapitalAccountUnitBasedCompensation' xlink:type='arc' />
    <link:calculationArc order='90' weight='-1.0' xlink:arcrole='http://www.xbrl.org/2003/arcrole/summation-item' xlink:from='loc_InvestmentCompanyNetAssetsPeriodIncreaseDecrease' xlink:to='loc_PartnersCapitalAccountTreasuryUnitsPurchases' xlink:type='arc' />
    <link:calculationArc order='100' weight='1.0' xlink:arcrole='http://www.xbrl.org/2003/arcrole/summation-item' xlink:from='loc_InvestmentCompanyNetAssetsPeriodIncreaseDecrease' xlink:to='loc_PartnersCapitalAccountTreasuryUnitsReissued' xlink:type='arc' />
    <link:calculationArc order='110' weight='1.0' xlink:arcrole='http://www.xbrl.org/2003/arcrole/summation-item' xlink:from='loc_InvestmentCompanyNetAssetsPeriodIncreaseDecrease' xlink:to='loc_PartnersCapitalAccountSaleOfUnits' xlink:type='arc' />
    <link:calculationArc order='120' weight='-1.0' xlink:arcrole='http://www.xbrl.org/2003/arcrole/summation-item' xlink:from='loc_InvestmentCompanyNetAssetsPeriodIncreaseDecrease' xlink:to='loc_PartnersCapitalAccountRedemptions' xlink:type='arc' />
    <link:calculationArc order='130' weight='1.0' xlink:arcrole='http://www.xbrl.org/2003/arcrole/summation-item' xlink:from='loc_InvestmentCompanyNetAssetsPeriodIncreaseDecrease' xlink:to='loc_PartnersCapitalAccountExchangesAndConversions' xlink:type='arc' />
    <link:calculationArc order='140' weight='1.0' xlink:arcrole='http://www.xbrl.org/2003/arcrole/summation-item' xlink:from='loc_InvestmentCompanyNetAssetsPeriodIncreaseDecrease' xlink:to='loc_PartnersCapitalAccountAcquisitions' xlink:type='arc' />
    <link:calculationArc order='150' weight='-1.0' xlink:arcrole='http://www.xbrl.org/2003/arcrole/summation-item' xlink:from='loc_InvestmentCompanyNetAssetsPeriodIncreaseDecrease' xlink:to='loc_InvestmentCompanyDividendDistribution' xlink:type='arc' />
    <link:calculationArc order='160' weight='-1.0' xlink:arcrole='http://www.xbrl.org/2003/arcrole/summation-item' xlink:from='loc_InvestmentCompanyNetAssetsPeriodIncreaseDecrease' xlink:to='loc_InvestmentCompanyTaxReturnOfCapitalDistribution' xlink:type='arc' />
    <link:calculationArc order='170' weight='1.0' xlink:arcrole='http://www.xbrl.org/2003/arcrole/summation-item' xlink:from='loc_InvestmentCompanyNetAssetsPeriodIncreaseDecrease' xlink:to='loc_InvestmentCompanyNetAssetsFromOperationsIncreaseDecrease' xlink:type='arc' />
    <link:calculationArc order='10' weight='1.0' xlink:arcrole='http://www.xbrl.org/2003/arcrole/summation-item' xlink:from='loc_InvestmentCompanyNetAssetsFromOperationsIncreaseDecrease' xlink:to='loc_InvestmentIncomeNet' xlink:type='arc' />
    <link:calculationArc order='20' weight='1.0' xlink:arcrole='http://www.xbrl.org/2003/arcrole/summation-item' xlink:from='loc_InvestmentCompanyNetAssetsFromOperationsIncreaseDecrease' xlink:to='loc_OtherComprehensiveIncomeLossForeignCurrencyTransactionAndTranslationAdjustmentBeforeTax' xlink:type='arc' />
    <link:calculationArc order='30' weight='1.0' xlink:arcrole='http://www.xbrl.org/2003/arcrole/summation-item' xlink:from='loc_InvestmentCompanyNetAssetsFromOperationsIncreaseDecrease' xlink:to='loc_InvestmentCompanyRealizedAndUnrealizedGainLossOnInvestmentAndForeignCurrency' xlink:type='arc' />
    <link:calculationArc order='10' weight='1.0' xlink:arcrole='http://www.xbrl.org/2003/arcrole/summation-item' xlink:from='loc_InvestmentCompanyRealizedAndUnrealizedGainLossOnInvestmentAndForeignCurrency' xlink:to='loc_RealizedInvestmentGainsLosses' xlink:type='arc' />
    <link:calculationArc order='20' weight='1.0' xlink:arcrole='http://www.xbrl.org/2003/arcrole/summation-item' xlink:from='loc_InvestmentCompanyRealizedAndUnrealizedGainLossOnInvestmentAndForeignCurrency' xlink:to='loc_ForeignCurrencyTransactionGainLossRealized' xlink:type='arc' />
    <link:calculationArc order='30' weight='1.0' xlink:arcrole='http://www.xbrl.org/2003/arcrole/summation-item' xlink:from='loc_InvestmentCompanyRealizedAndUnrealizedGainLossOnInvestmentAndForeignCurrency' xlink:to='loc_UnrealizedGainLossOnInvestments' xlink:type='arc' />
  </link:calculationLink>
</link:linkbase>
