<?xml version='1.0' encoding='UTF-8'?>

<!--
(c) 2010-2021 Financial Accounting Foundation; (c) 2007-2010 XBRL US, Inc.  All Rights Reserved.
Notice: Authorized Uses are Set Forth at https://xbrl.fasb.org/terms/TaxonomiesTermsConditions.html
  -->
<link:linkbase xmlns:link='http://www.xbrl.org/2003/linkbase' xmlns:xbrldt='http://xbrl.org/2005/xbrldt' xmlns:xlink='http://www.w3.org/1999/xlink' xmlns:xsi='http://www.w3.org/2001/XMLSchema-instance' xsi:schemaLocation='http://www.xbrl.org/2003/linkbase http://www.xbrl.org/2003/xbrl-linkbase-2003-12-31.xsd'>
  <link:roleRef roleURI='http://fasb.org/us-gaap/role/disclosure/CompensationRelatedCostsGeneral' xlink:href='../elts/us-roles-2021-01-31.xsd#crcgen' xlink:type='simple' />
  <link:presentationLink xlink:role='http://fasb.org/us-gaap/role/disclosure/CompensationRelatedCostsGeneral' xlink:type='extended'>
    <link:loc xlink:href='../elts/us-gaap-2021-01-31.xsd#us-gaap_CompensatedAbsencesLiabilityAbstract' xlink:label='loc_CompensatedAbsencesLiabilityAbstract' xlink:type='locator' />
    <link:loc xlink:href='../elts/us-gaap-2021-01-31.xsd#us-gaap_AccruedVacationCurrentAndNoncurrent' xlink:label='loc_AccruedVacationCurrentAndNoncurrent' xlink:type='locator' />
    <link:loc xlink:href='../elts/us-gaap-2021-01-31.xsd#us-gaap_CompensatedAbsencesLiabilitySabbaticalLeave' xlink:label='loc_CompensatedAbsencesLiabilitySabbaticalLeave' xlink:type='locator' />
    <link:loc xlink:href='../elts/us-gaap-2021-01-31.xsd#us-gaap_CompensatedAbsencesLiability' xlink:label='loc_CompensatedAbsencesLiability' xlink:type='locator' />
    <link:loc xlink:href='../elts/us-gaap-2021-01-31.xsd#us-gaap_IncomeStatementCompensationItemsAbstract' xlink:label='loc_IncomeStatementCompensationItemsAbstract' xlink:type='locator' />
    <link:loc xlink:href='../elts/us-gaap-2021-01-31.xsd#us-gaap_LaborAndRelatedExpenseAbstract' xlink:label='loc_LaborAndRelatedExpenseAbstract' xlink:type='locator' />
    <link:loc xlink:href='../elts/us-gaap-2021-01-31.xsd#us-gaap_CompensationRelatedCostsAbstract' xlink:label='loc_CompensationRelatedCostsAbstract' xlink:type='locator' />
    <link:loc xlink:href='../elts/us-gaap-2021-01-31.xsd#us-gaap_CompensationRelatedCostsGeneralTextBlock' xlink:label='loc_CompensationRelatedCostsGeneralTextBlock' xlink:type='locator' />
    <link:loc xlink:href='../elts/us-gaap-2021-01-31.xsd#us-gaap_CompensatedAbsencesNotAccrued' xlink:label='loc_CompensatedAbsencesNotAccrued' xlink:type='locator' />
    <link:loc xlink:href='../elts/us-gaap-2021-01-31.xsd#us-gaap_DeferredCompensationLiabilityAbstract' xlink:label='loc_DeferredCompensationLiabilityAbstract' xlink:type='locator' />
    <link:loc xlink:href='../elts/us-gaap-2021-01-31.xsd#us-gaap_DeferredCompensationArrangementsAbstract' xlink:label='loc_DeferredCompensationArrangementsAbstract' xlink:type='locator' />
    <link:loc xlink:href='../elts/us-gaap-2021-01-31.xsd#us-gaap_DeferredBonusAndProfitSharingArrangementIndividualContractTypeOfDeferredCompensationDomain' xlink:label='loc_DeferredBonusAndProfitSharingArrangementIndividualContractTypeOfDeferredCompensationDomain' xlink:type='locator' />
    <link:loc xlink:href='../elts/us-gaap-2021-01-31.xsd#us-gaap_DeferredCompensationExcludingShareBasedPaymentsAndRetirementBenefitsMember' xlink:label='loc_DeferredCompensationExcludingShareBasedPaymentsAndRetirementBenefitsMember' xlink:type='locator' />
    <link:loc xlink:href='../elts/us-gaap-2021-01-31.xsd#us-gaap_DeferredCompensationArrangementWithIndividualExcludingShareBasedPaymentsAndPostretirementBenefitsByTypeOfDeferredCompensationAxis' xlink:label='loc_DeferredCompensationArrangementWithIndividualExcludingShareBasedPaymentsAndPostretirementBenefitsByTypeOfDeferredCompensationAxis' xlink:type='locator' />
    <link:loc xlink:href='../elts/us-gaap-2021-01-31.xsd#us-gaap_DeferredCompensationArrangementWithIndividualExcludingShareBasedPaymentsAndPostretirementBenefitsLineItems' xlink:label='loc_DeferredCompensationArrangementWithIndividualExcludingShareBasedPaymentsAndPostretirementBenefitsLineItems' xlink:type='locator' />
    <link:loc xlink:href='../elts/us-gaap-2021-01-31.xsd#us-gaap_DeferredCompensationArrangementWithIndividualDescription' xlink:label='loc_DeferredCompensationArrangementWithIndividualDescription' xlink:type='locator' />
    <link:loc xlink:href='../elts/us-gaap-2021-01-31.xsd#us-gaap_DeferredCompensationArrangementWithIndividualMaximumContractualTerm1' xlink:label='loc_DeferredCompensationArrangementWithIndividualMaximumContractualTerm1' xlink:type='locator' />
    <link:loc xlink:href='../elts/us-gaap-2021-01-31.xsd#us-gaap_DeferredCompensationArrangementWithIndividualRequisiteServicePeriod1' xlink:label='loc_DeferredCompensationArrangementWithIndividualRequisiteServicePeriod1' xlink:type='locator' />
    <link:loc xlink:href='../elts/us-gaap-2021-01-31.xsd#us-gaap_DeferredCompensationArrangementWithIndividualCompensationExpense' xlink:label='loc_DeferredCompensationArrangementWithIndividualCompensationExpense' xlink:type='locator' />
    <link:loc xlink:href='../elts/us-gaap-2021-01-31.xsd#us-gaap_DeferredCompensationArrangementWithIndividualRecordedLiability' xlink:label='loc_DeferredCompensationArrangementWithIndividualRecordedLiability' xlink:type='locator' />
    <link:loc xlink:href='../elts/us-gaap-2021-01-31.xsd#us-gaap_DeferredCompensationArrangementWithIndividualContributionsByEmployer' xlink:label='loc_DeferredCompensationArrangementWithIndividualContributionsByEmployer' xlink:type='locator' />
    <link:loc xlink:href='../elts/us-gaap-2021-01-31.xsd#us-gaap_DeferredCompensationArrangementWithIndividualDistributionPaid' xlink:label='loc_DeferredCompensationArrangementWithIndividualDistributionPaid' xlink:type='locator' />
    <link:loc xlink:href='../elts/us-gaap-2021-01-31.xsd#us-gaap_DeferredCompensationArrangementWithIndividualCashAwardGrantedAmount' xlink:label='loc_DeferredCompensationArrangementWithIndividualCashAwardGrantedAmount' xlink:type='locator' />
    <link:loc xlink:href='../elts/us-gaap-2021-01-31.xsd#us-gaap_DeferredCompensationArrangementWithIndividualCashAwardsGrantedPercentage' xlink:label='loc_DeferredCompensationArrangementWithIndividualCashAwardsGrantedPercentage' xlink:type='locator' />
    <link:loc xlink:href='../elts/us-gaap-2021-01-31.xsd#us-gaap_DeferredCompensationArrangementWithIndividualAllocatedShareBasedCompensationExpense' xlink:label='loc_DeferredCompensationArrangementWithIndividualAllocatedShareBasedCompensationExpense' xlink:type='locator' />
    <link:loc xlink:href='../elts/us-gaap-2021-01-31.xsd#us-gaap_DeferredCompensationArrangementWithIndividualPostretirementBenefitsLineItems' xlink:label='loc_DeferredCompensationArrangementWithIndividualPostretirementBenefitsLineItems' xlink:type='locator' />
    <link:loc xlink:href='../elts/us-gaap-2021-01-31.xsd#us-gaap_DeferredCompensationArrangementWithIndividualShareBasedPaymentsLineItems' xlink:label='loc_DeferredCompensationArrangementWithIndividualShareBasedPaymentsLineItems' xlink:type='locator' />
    <link:loc xlink:href='../elts/us-gaap-2021-01-31.xsd#us-gaap_DeferredCompensationArrangementWithIndividualSharesAuthorizedForIssuance' xlink:label='loc_DeferredCompensationArrangementWithIndividualSharesAuthorizedForIssuance' xlink:type='locator' />
    <link:loc xlink:href='../elts/us-gaap-2021-01-31.xsd#us-gaap_DeferredCompensationArrangementWithIndividualExercisePrice' xlink:label='loc_DeferredCompensationArrangementWithIndividualExercisePrice' xlink:type='locator' />
    <link:loc xlink:href='../elts/us-gaap-2021-01-31.xsd#us-gaap_DeferredCompensationArrangementWithIndividualSharesIssued' xlink:label='loc_DeferredCompensationArrangementWithIndividualSharesIssued' xlink:type='locator' />
    <link:loc xlink:href='../elts/us-gaap-2021-01-31.xsd#us-gaap_DeferredCompensationArrangementWithIndividualFairValueOfSharesIssued' xlink:label='loc_DeferredCompensationArrangementWithIndividualFairValueOfSharesIssued' xlink:type='locator' />
    <link:loc xlink:href='../elts/us-gaap-2021-01-31.xsd#us-gaap_DeferredCompensationArrangementWithIndividualCommonStockReservedForFutureIssuance' xlink:label='loc_DeferredCompensationArrangementWithIndividualCommonStockReservedForFutureIssuance' xlink:type='locator' />
    <link:loc xlink:href='../elts/us-gaap-2021-01-31.xsd#us-gaap_DeferredCompensationArrangementsOverallDescription' xlink:label='loc_DeferredCompensationArrangementsOverallDescription' xlink:type='locator' />
    <link:loc xlink:href='../elts/us-gaap-2021-01-31.xsd#us-gaap_ScheduleOfDeferredCompensationArrangementWithIndividualExcludingShareBasedPaymentsAndPostretirementBenefitsByTitleOfIndividualAndByTypeOfDeferredCompensationTextBlock' xlink:label='loc_ScheduleOfDeferredCompensationArrangementWithIndividualExcludingShareBasedPaymentsAndPostretirementBenefitsByTitleOfIndividualAndByTypeOfDeferredCompensationTextBlock' xlink:type='locator' />
    <link:loc xlink:href='../elts/us-gaap-2021-01-31.xsd#us-gaap_ScheduleOfDeferredCompensationArrangementWithIndividualExcludingShareBasedPaymentsAndPostretirementBenefitsByTitleOfIndividualAndByTypeOfDeferredCompensationTable' xlink:label='loc_ScheduleOfDeferredCompensationArrangementWithIndividualExcludingShareBasedPaymentsAndPostretirementBenefitsByTitleOfIndividualAndByTypeOfDeferredCompensationTable' xlink:type='locator' />
    <link:loc xlink:href='../elts/us-gaap-2021-01-31.xsd#us-gaap_ScheduleOfDeferredCompensationArrangementWithIndividualShareBasedPaymentsTextBlock' xlink:label='loc_ScheduleOfDeferredCompensationArrangementWithIndividualShareBasedPaymentsTextBlock' xlink:type='locator' />
    <link:loc xlink:href='../elts/us-gaap-2021-01-31.xsd#us-gaap_ScheduleOfDeferredCompensationArrangementWithIndividualShareBasedPaymentsTable' xlink:label='loc_ScheduleOfDeferredCompensationArrangementWithIndividualShareBasedPaymentsTable' xlink:type='locator' />
    <link:loc xlink:href='../elts/us-gaap-2021-01-31.xsd#us-gaap_DeferredCompensationArrangementWithIndividualDisclosurePostretirementBenefitsTextBlock' xlink:label='loc_DeferredCompensationArrangementWithIndividualDisclosurePostretirementBenefitsTextBlock' xlink:type='locator' />
    <link:loc xlink:href='../elts/us-gaap-2021-01-31.xsd#us-gaap_ScheduleOfDeferredCompensationArrangementWithIndividualPostretirementBenefitsTable' xlink:label='loc_ScheduleOfDeferredCompensationArrangementWithIndividualPostretirementBenefitsTable' xlink:type='locator' />
    <link:loc xlink:href='../elts/us-gaap-2021-01-31.xsd#us-gaap_DeferredCompensationLiabilityCurrentAbstract' xlink:label='loc_DeferredCompensationLiabilityCurrentAbstract' xlink:type='locator' />
    <link:loc xlink:href='../elts/us-gaap-2021-01-31.xsd#us-gaap_DeferredCompensationLiabilityClassifiedNoncurrentAbstract' xlink:label='loc_DeferredCompensationLiabilityClassifiedNoncurrentAbstract' xlink:type='locator' />
    <link:loc xlink:href='../elts/us-gaap-2021-01-31.xsd#us-gaap_DeferredCompensationLiabilityCurrentAndNoncurrentAbstract' xlink:label='loc_DeferredCompensationLiabilityCurrentAndNoncurrentAbstract' xlink:type='locator' />
    <link:loc xlink:href='../elts/us-gaap-2021-01-31.xsd#us-gaap_DeferredCompensationSharebasedArrangementsLiabilityClassifiedNoncurrent' xlink:label='loc_DeferredCompensationSharebasedArrangementsLiabilityClassifiedNoncurrent' xlink:type='locator' />
    <link:loc xlink:href='../elts/us-gaap-2021-01-31.xsd#us-gaap_DeferredCompensationCashbasedArrangementsLiabilityClassifiedNoncurrent' xlink:label='loc_DeferredCompensationCashbasedArrangementsLiabilityClassifiedNoncurrent' xlink:type='locator' />
    <link:loc xlink:href='../elts/us-gaap-2021-01-31.xsd#us-gaap_OtherDeferredCompensationArrangementsLiabilityClassifiedNoncurrent' xlink:label='loc_OtherDeferredCompensationArrangementsLiabilityClassifiedNoncurrent' xlink:type='locator' />
    <link:loc xlink:href='../elts/us-gaap-2021-01-31.xsd#us-gaap_DeferredCompensationLiabilityClassifiedNoncurrent' xlink:label='loc_DeferredCompensationLiabilityClassifiedNoncurrent' xlink:type='locator' />
    <link:loc xlink:href='../elts/us-gaap-2021-01-31.xsd#us-gaap_DeferredCompensationShareBasedArrangementsLiabilityCurrent' xlink:label='loc_DeferredCompensationShareBasedArrangementsLiabilityCurrent' xlink:type='locator' />
    <link:loc xlink:href='../elts/us-gaap-2021-01-31.xsd#us-gaap_DeferredCompensationCashBasedArrangementsLiabilityCurrent' xlink:label='loc_DeferredCompensationCashBasedArrangementsLiabilityCurrent' xlink:type='locator' />
    <link:loc xlink:href='../elts/us-gaap-2021-01-31.xsd#us-gaap_OtherDeferredCompensationArrangementsLiabilityCurrent' xlink:label='loc_OtherDeferredCompensationArrangementsLiabilityCurrent' xlink:type='locator' />
    <link:loc xlink:href='../elts/us-gaap-2021-01-31.xsd#us-gaap_DeferredCompensationLiabilityCurrent' xlink:label='loc_DeferredCompensationLiabilityCurrent' xlink:type='locator' />
    <link:loc xlink:href='../elts/us-gaap-2021-01-31.xsd#us-gaap_DeferredCompensationSharebasedArrangementsLiabilityCurrentAndNoncurrent' xlink:label='loc_DeferredCompensationSharebasedArrangementsLiabilityCurrentAndNoncurrent' xlink:type='locator' />
    <link:loc xlink:href='../elts/us-gaap-2021-01-31.xsd#us-gaap_DeferredCompensationCashbasedArrangementsLiabilityCurrentAndNoncurrent' xlink:label='loc_DeferredCompensationCashbasedArrangementsLiabilityCurrentAndNoncurrent' xlink:type='locator' />
    <link:loc xlink:href='../elts/us-gaap-2021-01-31.xsd#us-gaap_OtherDeferredCompensationArrangementsLiabilityCurrentAndNoncurrent' xlink:label='loc_OtherDeferredCompensationArrangementsLiabilityCurrentAndNoncurrent' xlink:type='locator' />
    <link:loc xlink:href='../elts/us-gaap-2021-01-31.xsd#us-gaap_DeferredCompensationLiabilityCurrentAndNoncurrent' xlink:label='loc_DeferredCompensationLiabilityCurrentAndNoncurrent' xlink:type='locator' />
    <link:loc xlink:href='../elts/us-gaap-2021-01-31.xsd#us-gaap_DeferredProfitSharingMember' xlink:label='loc_DeferredProfitSharingMember' xlink:type='locator' />
    <link:loc xlink:href='../elts/us-gaap-2021-01-31.xsd#us-gaap_DeferredBonusMember' xlink:label='loc_DeferredBonusMember' xlink:type='locator' />
    <link:loc xlink:href='../elts/us-gaap-2021-01-31.xsd#us-gaap_DeferredCompensationShareBasedPaymentsMember' xlink:label='loc_DeferredCompensationShareBasedPaymentsMember' xlink:type='locator' />
    <link:loc xlink:href='../elts/us-gaap-2021-01-31.xsd#us-gaap_EmployeeStockOptionMember' xlink:label='loc_EmployeeStockOptionMember' xlink:type='locator' />
    <link:loc xlink:href='../elts/us-gaap-2021-01-31.xsd#us-gaap_DeferredCompensationArrangementWithIndividualShareBasedPaymentsByTypeOfDeferredCompensationAxis' xlink:label='loc_DeferredCompensationArrangementWithIndividualShareBasedPaymentsByTypeOfDeferredCompensationAxis' xlink:type='locator' />
    <link:loc xlink:href='../elts/us-gaap-2021-01-31.xsd#us-gaap_EquityBasedArrangementsIndividualContractsTypeOfDeferredCompensationDomain' xlink:label='loc_EquityBasedArrangementsIndividualContractsTypeOfDeferredCompensationDomain' xlink:type='locator' />
    <link:loc xlink:href='../elts/us-gaap-2021-01-31.xsd#us-gaap_SalariesWagesAndOfficersCompensationAbstract' xlink:label='loc_SalariesWagesAndOfficersCompensationAbstract' xlink:type='locator' />
    <link:loc xlink:href='../elts/us-gaap-2021-01-31.xsd#us-gaap_CompensationExpenseExcludingCostOfGoodAndServiceSold' xlink:label='loc_CompensationExpenseExcludingCostOfGoodAndServiceSold' xlink:type='locator' />
    <link:loc xlink:href='../elts/us-gaap-2021-01-31.xsd#us-gaap_AllocatedShareBasedCompensationExpense' xlink:label='loc_AllocatedShareBasedCompensationExpense' xlink:type='locator' />
    <link:loc xlink:href='../elts/us-gaap-2021-01-31.xsd#us-gaap_EmployeeBenefitsAndShareBasedCompensation' xlink:label='loc_EmployeeBenefitsAndShareBasedCompensation' xlink:type='locator' />
    <link:loc xlink:href='../elts/us-gaap-2021-01-31.xsd#us-gaap_PostemploymentBenefitsPeriodExpense' xlink:label='loc_PostemploymentBenefitsPeriodExpense' xlink:type='locator' />
    <link:loc xlink:href='../elts/us-gaap-2021-01-31.xsd#us-gaap_OtherLaborRelatedExpenses' xlink:label='loc_OtherLaborRelatedExpenses' xlink:type='locator' />
    <link:loc xlink:href='../elts/us-gaap-2021-01-31.xsd#us-gaap_LaborAndRelatedExpense' xlink:label='loc_LaborAndRelatedExpense' xlink:type='locator' />
    <link:loc xlink:href='../elts/us-gaap-2021-01-31.xsd#us-gaap_DeferredCompensationArrangementWithIndividualPostretirementBenefitsByTypeOfDeferredCompensationAxis' xlink:label='loc_DeferredCompensationArrangementWithIndividualPostretirementBenefitsByTypeOfDeferredCompensationAxis' xlink:type='locator' />
    <link:loc xlink:href='../elts/us-gaap-2021-01-31.xsd#us-gaap_OtherPostretirementBenefitsIndividualContractsTypeOfDeferredCompensationDomain' xlink:label='loc_OtherPostretirementBenefitsIndividualContractsTypeOfDeferredCompensationDomain' xlink:type='locator' />
    <link:loc xlink:href='../elts/us-gaap-2021-01-31.xsd#us-gaap_DeferredCompensationArrangementWithIndividualByTypeOfCompensationPensionAndOtherPostretirementBenefitsMember' xlink:label='loc_DeferredCompensationArrangementWithIndividualByTypeOfCompensationPensionAndOtherPostretirementBenefitsMember' xlink:type='locator' />
    <link:loc xlink:href='https://xbrl.fasb.org/srt/2021/elts/srt-2021-01-31.xsd#srt_TitleOfIndividualWithRelationshipToEntityDomain' xlink:label='loc_TitleOfIndividualWithRelationshipToEntityDomain' xlink:type='locator' />
    <link:loc xlink:href='https://xbrl.fasb.org/srt/2021/elts/srt-2021-01-31.xsd#srt_ManagementMember' xlink:label='loc_ManagementMember' xlink:type='locator' />
    <link:loc xlink:href='https://xbrl.fasb.org/srt/2021/elts/srt-2021-01-31.xsd#srt_BoardOfDirectorsChairmanMember' xlink:label='loc_BoardOfDirectorsChairmanMember' xlink:type='locator' />
    <link:loc xlink:href='https://xbrl.fasb.org/srt/2021/elts/srt-2021-01-31.xsd#srt_DirectorMember' xlink:label='loc_DirectorMember' xlink:type='locator' />
    <link:loc xlink:href='https://xbrl.fasb.org/srt/2021/elts/srt-2021-01-31.xsd#srt_ExecutiveOfficerMember' xlink:label='loc_ExecutiveOfficerMember' xlink:type='locator' />
    <link:loc xlink:href='https://xbrl.fasb.org/srt/2021/elts/srt-2021-01-31.xsd#srt_ChiefExecutiveOfficerMember' xlink:label='loc_ChiefExecutiveOfficerMember' xlink:type='locator' />
    <link:loc xlink:href='https://xbrl.fasb.org/srt/2021/elts/srt-2021-01-31.xsd#srt_ChiefFinancialOfficerMember' xlink:label='loc_ChiefFinancialOfficerMember' xlink:type='locator' />
    <link:loc xlink:href='https://xbrl.fasb.org/srt/2021/elts/srt-2021-01-31.xsd#srt_ChiefOperatingOfficerMember' xlink:label='loc_ChiefOperatingOfficerMember' xlink:type='locator' />
    <link:loc xlink:href='https://xbrl.fasb.org/srt/2021/elts/srt-2021-01-31.xsd#srt_ControllerMember' xlink:label='loc_ControllerMember' xlink:type='locator' />
    <link:loc xlink:href='https://xbrl.fasb.org/srt/2021/elts/srt-2021-01-31.xsd#srt_ExecutiveVicePresidentMember' xlink:label='loc_ExecutiveVicePresidentMember' xlink:type='locator' />
    <link:loc xlink:href='https://xbrl.fasb.org/srt/2021/elts/srt-2021-01-31.xsd#srt_VicePresidentMember' xlink:label='loc_VicePresidentMember' xlink:type='locator' />
    <link:loc xlink:href='https://xbrl.fasb.org/srt/2021/elts/srt-2021-01-31.xsd#srt_PresidentMember' xlink:label='loc_PresidentMember' xlink:type='locator' />
    <link:loc xlink:href='https://xbrl.fasb.org/srt/2021/elts/srt-2021-01-31.xsd#srt_OfficerMember' xlink:label='loc_OfficerMember' xlink:type='locator' />
    <link:loc xlink:href='../elts/us-gaap-2021-01-31.xsd#us-gaap_SalariesAndWages' xlink:label='loc_SalariesAndWages' xlink:type='locator' />
    <link:loc xlink:href='../elts/us-gaap-2021-01-31.xsd#us-gaap_OfficersCompensation' xlink:label='loc_OfficersCompensation' xlink:type='locator' />
    <link:loc xlink:href='../elts/us-gaap-2021-01-31.xsd#us-gaap_SalariesWagesAndOfficersCompensation' xlink:label='loc_SalariesWagesAndOfficersCompensation' xlink:type='locator' />
    <link:loc xlink:href='https://xbrl.fasb.org/srt/2021/elts/srt-2021-01-31.xsd#srt_TitleOfIndividualAxis' xlink:label='loc_TitleOfIndividualAxis' xlink:type='locator' />
    <link:presentationArc order='10' xlink:arcrole='http://www.xbrl.org/2003/arcrole/parent-child' xlink:from='loc_CompensatedAbsencesLiabilityAbstract' xlink:to='loc_AccruedVacationCurrentAndNoncurrent' xlink:type='arc' />
    <link:presentationArc order='20' xlink:arcrole='http://www.xbrl.org/2003/arcrole/parent-child' xlink:from='loc_CompensatedAbsencesLiabilityAbstract' xlink:to='loc_CompensatedAbsencesLiabilitySabbaticalLeave' xlink:type='arc' />
    <link:presentationArc order='30' preferredLabel='http://www.xbrl.org/2003/role/totalLabel' xlink:arcrole='http://www.xbrl.org/2003/arcrole/parent-child' xlink:from='loc_CompensatedAbsencesLiabilityAbstract' xlink:to='loc_CompensatedAbsencesLiability' xlink:type='arc' />
    <link:presentationArc order='10' xlink:arcrole='http://www.xbrl.org/2003/arcrole/parent-child' xlink:from='loc_IncomeStatementCompensationItemsAbstract' xlink:to='loc_LaborAndRelatedExpenseAbstract' xlink:type='arc' />
    <link:presentationArc order='10' xlink:arcrole='http://www.xbrl.org/2003/arcrole/parent-child' xlink:from='loc_CompensationRelatedCostsAbstract' xlink:to='loc_CompensationRelatedCostsGeneralTextBlock' xlink:type='arc' />
    <link:presentationArc order='10' xlink:arcrole='http://www.xbrl.org/2003/arcrole/parent-child' xlink:from='loc_CompensationRelatedCostsGeneralTextBlock' xlink:to='loc_CompensatedAbsencesNotAccrued' xlink:type='arc' />
    <link:presentationArc order='20' xlink:arcrole='http://www.xbrl.org/2003/arcrole/parent-child' xlink:from='loc_CompensationRelatedCostsGeneralTextBlock' xlink:to='loc_CompensatedAbsencesLiabilityAbstract' xlink:type='arc' />
    <link:presentationArc order='30' xlink:arcrole='http://www.xbrl.org/2003/arcrole/parent-child' xlink:from='loc_CompensationRelatedCostsGeneralTextBlock' xlink:to='loc_DeferredCompensationLiabilityAbstract' xlink:type='arc' />
    <link:presentationArc order='40' xlink:arcrole='http://www.xbrl.org/2003/arcrole/parent-child' xlink:from='loc_CompensationRelatedCostsGeneralTextBlock' xlink:to='loc_DeferredCompensationArrangementsAbstract' xlink:type='arc' />
    <link:presentationArc order='50' xlink:arcrole='http://www.xbrl.org/2003/arcrole/parent-child' xlink:from='loc_CompensationRelatedCostsGeneralTextBlock' xlink:to='loc_IncomeStatementCompensationItemsAbstract' xlink:type='arc' />
    <link:presentationArc order='10' xlink:arcrole='http://www.xbrl.org/2003/arcrole/parent-child' xlink:from='loc_DeferredBonusAndProfitSharingArrangementIndividualContractTypeOfDeferredCompensationDomain' xlink:to='loc_DeferredCompensationExcludingShareBasedPaymentsAndRetirementBenefitsMember' xlink:type='arc' />
    <link:presentationArc order='10' xlink:arcrole='http://www.xbrl.org/2003/arcrole/parent-child' xlink:from='loc_DeferredCompensationArrangementWithIndividualExcludingShareBasedPaymentsAndPostretirementBenefitsByTypeOfDeferredCompensationAxis' xlink:to='loc_DeferredBonusAndProfitSharingArrangementIndividualContractTypeOfDeferredCompensationDomain' xlink:type='arc' />
    <link:presentationArc order='10' xlink:arcrole='http://www.xbrl.org/2003/arcrole/parent-child' xlink:from='loc_DeferredCompensationArrangementWithIndividualExcludingShareBasedPaymentsAndPostretirementBenefitsLineItems' xlink:to='loc_DeferredCompensationArrangementWithIndividualDescription' xlink:type='arc' />
    <link:presentationArc order='20' xlink:arcrole='http://www.xbrl.org/2003/arcrole/parent-child' xlink:from='loc_DeferredCompensationArrangementWithIndividualExcludingShareBasedPaymentsAndPostretirementBenefitsLineItems' xlink:to='loc_DeferredCompensationArrangementWithIndividualMaximumContractualTerm1' xlink:type='arc' />
    <link:presentationArc order='30' xlink:arcrole='http://www.xbrl.org/2003/arcrole/parent-child' xlink:from='loc_DeferredCompensationArrangementWithIndividualExcludingShareBasedPaymentsAndPostretirementBenefitsLineItems' xlink:to='loc_DeferredCompensationArrangementWithIndividualRequisiteServicePeriod1' xlink:type='arc' />
    <link:presentationArc order='40' xlink:arcrole='http://www.xbrl.org/2003/arcrole/parent-child' xlink:from='loc_DeferredCompensationArrangementWithIndividualExcludingShareBasedPaymentsAndPostretirementBenefitsLineItems' xlink:to='loc_DeferredCompensationArrangementWithIndividualCompensationExpense' xlink:type='arc' />
    <link:presentationArc order='50' xlink:arcrole='http://www.xbrl.org/2003/arcrole/parent-child' xlink:from='loc_DeferredCompensationArrangementWithIndividualExcludingShareBasedPaymentsAndPostretirementBenefitsLineItems' xlink:to='loc_DeferredCompensationArrangementWithIndividualRecordedLiability' xlink:type='arc' />
    <link:presentationArc order='60' xlink:arcrole='http://www.xbrl.org/2003/arcrole/parent-child' xlink:from='loc_DeferredCompensationArrangementWithIndividualExcludingShareBasedPaymentsAndPostretirementBenefitsLineItems' xlink:to='loc_DeferredCompensationArrangementWithIndividualContributionsByEmployer' xlink:type='arc' />
    <link:presentationArc order='70' xlink:arcrole='http://www.xbrl.org/2003/arcrole/parent-child' xlink:from='loc_DeferredCompensationArrangementWithIndividualExcludingShareBasedPaymentsAndPostretirementBenefitsLineItems' xlink:to='loc_DeferredCompensationArrangementWithIndividualDistributionPaid' xlink:type='arc' />
    <link:presentationArc order='80' xlink:arcrole='http://www.xbrl.org/2003/arcrole/parent-child' xlink:from='loc_DeferredCompensationArrangementWithIndividualExcludingShareBasedPaymentsAndPostretirementBenefitsLineItems' xlink:to='loc_DeferredCompensationArrangementWithIndividualCashAwardGrantedAmount' xlink:type='arc' />
    <link:presentationArc order='90' xlink:arcrole='http://www.xbrl.org/2003/arcrole/parent-child' xlink:from='loc_DeferredCompensationArrangementWithIndividualExcludingShareBasedPaymentsAndPostretirementBenefitsLineItems' xlink:to='loc_DeferredCompensationArrangementWithIndividualCashAwardsGrantedPercentage' xlink:type='arc' />
    <link:presentationArc order='100' xlink:arcrole='http://www.xbrl.org/2003/arcrole/parent-child' xlink:from='loc_DeferredCompensationArrangementWithIndividualExcludingShareBasedPaymentsAndPostretirementBenefitsLineItems' xlink:to='loc_DeferredCompensationArrangementWithIndividualAllocatedShareBasedCompensationExpense' xlink:type='arc' />
    <link:presentationArc order='10' xlink:arcrole='http://www.xbrl.org/2003/arcrole/parent-child' xlink:from='loc_DeferredCompensationArrangementWithIndividualPostretirementBenefitsLineItems' xlink:to='loc_DeferredCompensationArrangementWithIndividualDescription' xlink:type='arc' />
    <link:presentationArc order='20' xlink:arcrole='http://www.xbrl.org/2003/arcrole/parent-child' xlink:from='loc_DeferredCompensationArrangementWithIndividualPostretirementBenefitsLineItems' xlink:to='loc_DeferredCompensationArrangementWithIndividualMaximumContractualTerm1' xlink:type='arc' />
    <link:presentationArc order='30' xlink:arcrole='http://www.xbrl.org/2003/arcrole/parent-child' xlink:from='loc_DeferredCompensationArrangementWithIndividualPostretirementBenefitsLineItems' xlink:to='loc_DeferredCompensationArrangementWithIndividualRequisiteServicePeriod1' xlink:type='arc' />
    <link:presentationArc order='40' xlink:arcrole='http://www.xbrl.org/2003/arcrole/parent-child' xlink:from='loc_DeferredCompensationArrangementWithIndividualPostretirementBenefitsLineItems' xlink:to='loc_DeferredCompensationArrangementWithIndividualCompensationExpense' xlink:type='arc' />
    <link:presentationArc order='50' xlink:arcrole='http://www.xbrl.org/2003/arcrole/parent-child' xlink:from='loc_DeferredCompensationArrangementWithIndividualPostretirementBenefitsLineItems' xlink:to='loc_DeferredCompensationArrangementWithIndividualRecordedLiability' xlink:type='arc' />
    <link:presentationArc order='60' xlink:arcrole='http://www.xbrl.org/2003/arcrole/parent-child' xlink:from='loc_DeferredCompensationArrangementWithIndividualPostretirementBenefitsLineItems' xlink:to='loc_DeferredCompensationArrangementWithIndividualContributionsByEmployer' xlink:type='arc' />
    <link:presentationArc order='70' xlink:arcrole='http://www.xbrl.org/2003/arcrole/parent-child' xlink:from='loc_DeferredCompensationArrangementWithIndividualPostretirementBenefitsLineItems' xlink:to='loc_DeferredCompensationArrangementWithIndividualDistributionPaid' xlink:type='arc' />
    <link:presentationArc order='10' xlink:arcrole='http://www.xbrl.org/2003/arcrole/parent-child' xlink:from='loc_DeferredCompensationArrangementWithIndividualShareBasedPaymentsLineItems' xlink:to='loc_DeferredCompensationArrangementWithIndividualDescription' xlink:type='arc' />
    <link:presentationArc order='20' xlink:arcrole='http://www.xbrl.org/2003/arcrole/parent-child' xlink:from='loc_DeferredCompensationArrangementWithIndividualShareBasedPaymentsLineItems' xlink:to='loc_DeferredCompensationArrangementWithIndividualMaximumContractualTerm1' xlink:type='arc' />
    <link:presentationArc order='30' xlink:arcrole='http://www.xbrl.org/2003/arcrole/parent-child' xlink:from='loc_DeferredCompensationArrangementWithIndividualShareBasedPaymentsLineItems' xlink:to='loc_DeferredCompensationArrangementWithIndividualRequisiteServicePeriod1' xlink:type='arc' />
    <link:presentationArc order='40' xlink:arcrole='http://www.xbrl.org/2003/arcrole/parent-child' xlink:from='loc_DeferredCompensationArrangementWithIndividualShareBasedPaymentsLineItems' xlink:to='loc_DeferredCompensationArrangementWithIndividualSharesAuthorizedForIssuance' xlink:type='arc' />
    <link:presentationArc order='50' xlink:arcrole='http://www.xbrl.org/2003/arcrole/parent-child' xlink:from='loc_DeferredCompensationArrangementWithIndividualShareBasedPaymentsLineItems' xlink:to='loc_DeferredCompensationArrangementWithIndividualExercisePrice' xlink:type='arc' />
    <link:presentationArc order='60' xlink:arcrole='http://www.xbrl.org/2003/arcrole/parent-child' xlink:from='loc_DeferredCompensationArrangementWithIndividualShareBasedPaymentsLineItems' xlink:to='loc_DeferredCompensationArrangementWithIndividualSharesIssued' xlink:type='arc' />
    <link:presentationArc order='70' xlink:arcrole='http://www.xbrl.org/2003/arcrole/parent-child' xlink:from='loc_DeferredCompensationArrangementWithIndividualShareBasedPaymentsLineItems' xlink:to='loc_DeferredCompensationArrangementWithIndividualFairValueOfSharesIssued' xlink:type='arc' />
    <link:presentationArc order='80' xlink:arcrole='http://www.xbrl.org/2003/arcrole/parent-child' xlink:from='loc_DeferredCompensationArrangementWithIndividualShareBasedPaymentsLineItems' xlink:to='loc_DeferredCompensationArrangementWithIndividualCompensationExpense' xlink:type='arc' />
    <link:presentationArc order='90' xlink:arcrole='http://www.xbrl.org/2003/arcrole/parent-child' xlink:from='loc_DeferredCompensationArrangementWithIndividualShareBasedPaymentsLineItems' xlink:to='loc_DeferredCompensationArrangementWithIndividualRecordedLiability' xlink:type='arc' />
    <link:presentationArc order='100' xlink:arcrole='http://www.xbrl.org/2003/arcrole/parent-child' xlink:from='loc_DeferredCompensationArrangementWithIndividualShareBasedPaymentsLineItems' xlink:to='loc_DeferredCompensationArrangementWithIndividualCommonStockReservedForFutureIssuance' xlink:type='arc' />
    <link:presentationArc order='10' xlink:arcrole='http://www.xbrl.org/2003/arcrole/parent-child' xlink:from='loc_DeferredCompensationArrangementsAbstract' xlink:to='loc_DeferredCompensationArrangementsOverallDescription' xlink:type='arc' />
    <link:presentationArc order='20' xlink:arcrole='http://www.xbrl.org/2003/arcrole/parent-child' xlink:from='loc_DeferredCompensationArrangementsAbstract' xlink:to='loc_ScheduleOfDeferredCompensationArrangementWithIndividualExcludingShareBasedPaymentsAndPostretirementBenefitsByTitleOfIndividualAndByTypeOfDeferredCompensationTextBlock' xlink:type='arc' />
    <link:presentationArc order='10' xlink:arcrole='http://www.xbrl.org/2003/arcrole/parent-child' xlink:from='loc_ScheduleOfDeferredCompensationArrangementWithIndividualExcludingShareBasedPaymentsAndPostretirementBenefitsByTitleOfIndividualAndByTypeOfDeferredCompensationTextBlock' xlink:to='loc_ScheduleOfDeferredCompensationArrangementWithIndividualExcludingShareBasedPaymentsAndPostretirementBenefitsByTitleOfIndividualAndByTypeOfDeferredCompensationTable' xlink:type='arc' />
    <link:presentationArc order='30' xlink:arcrole='http://www.xbrl.org/2003/arcrole/parent-child' xlink:from='loc_DeferredCompensationArrangementsAbstract' xlink:to='loc_ScheduleOfDeferredCompensationArrangementWithIndividualShareBasedPaymentsTextBlock' xlink:type='arc' />
    <link:presentationArc order='10' xlink:arcrole='http://www.xbrl.org/2003/arcrole/parent-child' xlink:from='loc_ScheduleOfDeferredCompensationArrangementWithIndividualShareBasedPaymentsTextBlock' xlink:to='loc_ScheduleOfDeferredCompensationArrangementWithIndividualShareBasedPaymentsTable' xlink:type='arc' />
    <link:presentationArc order='40' xlink:arcrole='http://www.xbrl.org/2003/arcrole/parent-child' xlink:from='loc_DeferredCompensationArrangementsAbstract' xlink:to='loc_DeferredCompensationArrangementWithIndividualDisclosurePostretirementBenefitsTextBlock' xlink:type='arc' />
    <link:presentationArc order='10' xlink:arcrole='http://www.xbrl.org/2003/arcrole/parent-child' xlink:from='loc_DeferredCompensationArrangementWithIndividualDisclosurePostretirementBenefitsTextBlock' xlink:to='loc_ScheduleOfDeferredCompensationArrangementWithIndividualPostretirementBenefitsTable' xlink:type='arc' />
    <link:presentationArc order='10' xlink:arcrole='http://www.xbrl.org/2003/arcrole/parent-child' xlink:from='loc_DeferredCompensationLiabilityAbstract' xlink:to='loc_DeferredCompensationLiabilityCurrentAbstract' xlink:type='arc' />
    <link:presentationArc order='20' xlink:arcrole='http://www.xbrl.org/2003/arcrole/parent-child' xlink:from='loc_DeferredCompensationLiabilityAbstract' xlink:to='loc_DeferredCompensationLiabilityClassifiedNoncurrentAbstract' xlink:type='arc' />
    <link:presentationArc order='30' xlink:arcrole='http://www.xbrl.org/2003/arcrole/parent-child' xlink:from='loc_DeferredCompensationLiabilityAbstract' xlink:to='loc_DeferredCompensationLiabilityCurrentAndNoncurrentAbstract' xlink:type='arc' />
    <link:presentationArc order='10' xlink:arcrole='http://www.xbrl.org/2003/arcrole/parent-child' xlink:from='loc_DeferredCompensationLiabilityClassifiedNoncurrentAbstract' xlink:to='loc_DeferredCompensationSharebasedArrangementsLiabilityClassifiedNoncurrent' xlink:type='arc' />
    <link:presentationArc order='20' xlink:arcrole='http://www.xbrl.org/2003/arcrole/parent-child' xlink:from='loc_DeferredCompensationLiabilityClassifiedNoncurrentAbstract' xlink:to='loc_DeferredCompensationCashbasedArrangementsLiabilityClassifiedNoncurrent' xlink:type='arc' />
    <link:presentationArc order='30' xlink:arcrole='http://www.xbrl.org/2003/arcrole/parent-child' xlink:from='loc_DeferredCompensationLiabilityClassifiedNoncurrentAbstract' xlink:to='loc_OtherDeferredCompensationArrangementsLiabilityClassifiedNoncurrent' xlink:type='arc' />
    <link:presentationArc order='40' preferredLabel='http://www.xbrl.org/2003/role/totalLabel' xlink:arcrole='http://www.xbrl.org/2003/arcrole/parent-child' xlink:from='loc_DeferredCompensationLiabilityClassifiedNoncurrentAbstract' xlink:to='loc_DeferredCompensationLiabilityClassifiedNoncurrent' xlink:type='arc' />
    <link:presentationArc order='10' xlink:arcrole='http://www.xbrl.org/2003/arcrole/parent-child' xlink:from='loc_DeferredCompensationLiabilityCurrentAbstract' xlink:to='loc_DeferredCompensationShareBasedArrangementsLiabilityCurrent' xlink:type='arc' />
    <link:presentationArc order='20' xlink:arcrole='http://www.xbrl.org/2003/arcrole/parent-child' xlink:from='loc_DeferredCompensationLiabilityCurrentAbstract' xlink:to='loc_DeferredCompensationCashBasedArrangementsLiabilityCurrent' xlink:type='arc' />
    <link:presentationArc order='30' xlink:arcrole='http://www.xbrl.org/2003/arcrole/parent-child' xlink:from='loc_DeferredCompensationLiabilityCurrentAbstract' xlink:to='loc_OtherDeferredCompensationArrangementsLiabilityCurrent' xlink:type='arc' />
    <link:presentationArc order='40' preferredLabel='http://www.xbrl.org/2003/role/totalLabel' xlink:arcrole='http://www.xbrl.org/2003/arcrole/parent-child' xlink:from='loc_DeferredCompensationLiabilityCurrentAbstract' xlink:to='loc_DeferredCompensationLiabilityCurrent' xlink:type='arc' />
    <link:presentationArc order='10' xlink:arcrole='http://www.xbrl.org/2003/arcrole/parent-child' xlink:from='loc_DeferredCompensationLiabilityCurrentAndNoncurrentAbstract' xlink:to='loc_DeferredCompensationSharebasedArrangementsLiabilityCurrentAndNoncurrent' xlink:type='arc' />
    <link:presentationArc order='20' xlink:arcrole='http://www.xbrl.org/2003/arcrole/parent-child' xlink:from='loc_DeferredCompensationLiabilityCurrentAndNoncurrentAbstract' xlink:to='loc_DeferredCompensationCashbasedArrangementsLiabilityCurrentAndNoncurrent' xlink:type='arc' />
    <link:presentationArc order='30' xlink:arcrole='http://www.xbrl.org/2003/arcrole/parent-child' xlink:from='loc_DeferredCompensationLiabilityCurrentAndNoncurrentAbstract' xlink:to='loc_OtherDeferredCompensationArrangementsLiabilityCurrentAndNoncurrent' xlink:type='arc' />
    <link:presentationArc order='40' preferredLabel='http://www.xbrl.org/2003/role/totalLabel' xlink:arcrole='http://www.xbrl.org/2003/arcrole/parent-child' xlink:from='loc_DeferredCompensationLiabilityCurrentAndNoncurrentAbstract' xlink:to='loc_DeferredCompensationLiabilityCurrentAndNoncurrent' xlink:type='arc' />
    <link:presentationArc order='10' xlink:arcrole='http://www.xbrl.org/2003/arcrole/parent-child' xlink:from='loc_DeferredCompensationExcludingShareBasedPaymentsAndRetirementBenefitsMember' xlink:to='loc_DeferredProfitSharingMember' xlink:type='arc' />
    <link:presentationArc order='20' xlink:arcrole='http://www.xbrl.org/2003/arcrole/parent-child' xlink:from='loc_DeferredCompensationExcludingShareBasedPaymentsAndRetirementBenefitsMember' xlink:to='loc_DeferredBonusMember' xlink:type='arc' />
    <link:presentationArc order='10' xlink:arcrole='http://www.xbrl.org/2003/arcrole/parent-child' xlink:from='loc_DeferredCompensationShareBasedPaymentsMember' xlink:to='loc_EmployeeStockOptionMember' xlink:type='arc' />
    <link:presentationArc order='10' xlink:arcrole='http://www.xbrl.org/2003/arcrole/parent-child' xlink:from='loc_DeferredCompensationArrangementWithIndividualShareBasedPaymentsByTypeOfDeferredCompensationAxis' xlink:to='loc_EquityBasedArrangementsIndividualContractsTypeOfDeferredCompensationDomain' xlink:type='arc' />
    <link:presentationArc order='10' xlink:arcrole='http://www.xbrl.org/2003/arcrole/parent-child' xlink:from='loc_EquityBasedArrangementsIndividualContractsTypeOfDeferredCompensationDomain' xlink:to='loc_DeferredCompensationShareBasedPaymentsMember' xlink:type='arc' />
    <link:presentationArc order='10' xlink:arcrole='http://www.xbrl.org/2003/arcrole/parent-child' xlink:from='loc_LaborAndRelatedExpenseAbstract' xlink:to='loc_SalariesWagesAndOfficersCompensationAbstract' xlink:type='arc' />
    <link:presentationArc order='20' xlink:arcrole='http://www.xbrl.org/2003/arcrole/parent-child' xlink:from='loc_LaborAndRelatedExpenseAbstract' xlink:to='loc_CompensationExpenseExcludingCostOfGoodAndServiceSold' xlink:type='arc' />
    <link:presentationArc order='30' xlink:arcrole='http://www.xbrl.org/2003/arcrole/parent-child' xlink:from='loc_LaborAndRelatedExpenseAbstract' xlink:to='loc_AllocatedShareBasedCompensationExpense' xlink:type='arc' />
    <link:presentationArc order='40' xlink:arcrole='http://www.xbrl.org/2003/arcrole/parent-child' xlink:from='loc_LaborAndRelatedExpenseAbstract' xlink:to='loc_EmployeeBenefitsAndShareBasedCompensation' xlink:type='arc' />
    <link:presentationArc order='50' xlink:arcrole='http://www.xbrl.org/2003/arcrole/parent-child' xlink:from='loc_LaborAndRelatedExpenseAbstract' xlink:to='loc_PostemploymentBenefitsPeriodExpense' xlink:type='arc' />
    <link:presentationArc order='60' xlink:arcrole='http://www.xbrl.org/2003/arcrole/parent-child' xlink:from='loc_LaborAndRelatedExpenseAbstract' xlink:to='loc_DeferredCompensationArrangementWithIndividualCompensationExpense' xlink:type='arc' />
    <link:presentationArc order='70' xlink:arcrole='http://www.xbrl.org/2003/arcrole/parent-child' xlink:from='loc_LaborAndRelatedExpenseAbstract' xlink:to='loc_OtherLaborRelatedExpenses' xlink:type='arc' />
    <link:presentationArc order='80' xlink:arcrole='http://www.xbrl.org/2003/arcrole/parent-child' xlink:from='loc_LaborAndRelatedExpenseAbstract' xlink:to='loc_LaborAndRelatedExpense' xlink:type='arc' />
    <link:presentationArc order='10' xlink:arcrole='http://www.xbrl.org/2003/arcrole/parent-child' xlink:from='loc_DeferredCompensationArrangementWithIndividualPostretirementBenefitsByTypeOfDeferredCompensationAxis' xlink:to='loc_OtherPostretirementBenefitsIndividualContractsTypeOfDeferredCompensationDomain' xlink:type='arc' />
    <link:presentationArc order='10' xlink:arcrole='http://www.xbrl.org/2003/arcrole/parent-child' xlink:from='loc_OtherPostretirementBenefitsIndividualContractsTypeOfDeferredCompensationDomain' xlink:to='loc_DeferredCompensationArrangementWithIndividualByTypeOfCompensationPensionAndOtherPostretirementBenefitsMember' xlink:type='arc' />
    <link:presentationArc order='10' xlink:arcrole='http://www.xbrl.org/2003/arcrole/parent-child' xlink:from='loc_TitleOfIndividualWithRelationshipToEntityDomain' xlink:to='loc_ManagementMember' xlink:type='arc' />
    <link:presentationArc order='20' xlink:arcrole='http://www.xbrl.org/2003/arcrole/parent-child' xlink:from='loc_TitleOfIndividualWithRelationshipToEntityDomain' xlink:to='loc_BoardOfDirectorsChairmanMember' xlink:type='arc' />
    <link:presentationArc order='30' xlink:arcrole='http://www.xbrl.org/2003/arcrole/parent-child' xlink:from='loc_TitleOfIndividualWithRelationshipToEntityDomain' xlink:to='loc_DirectorMember' xlink:type='arc' />
    <link:presentationArc order='40' xlink:arcrole='http://www.xbrl.org/2003/arcrole/parent-child' xlink:from='loc_TitleOfIndividualWithRelationshipToEntityDomain' xlink:to='loc_ExecutiveOfficerMember' xlink:type='arc' />
    <link:presentationArc order='50' xlink:arcrole='http://www.xbrl.org/2003/arcrole/parent-child' xlink:from='loc_TitleOfIndividualWithRelationshipToEntityDomain' xlink:to='loc_ChiefExecutiveOfficerMember' xlink:type='arc' />
    <link:presentationArc order='60' xlink:arcrole='http://www.xbrl.org/2003/arcrole/parent-child' xlink:from='loc_TitleOfIndividualWithRelationshipToEntityDomain' xlink:to='loc_ChiefFinancialOfficerMember' xlink:type='arc' />
    <link:presentationArc order='70' xlink:arcrole='http://www.xbrl.org/2003/arcrole/parent-child' xlink:from='loc_TitleOfIndividualWithRelationshipToEntityDomain' xlink:to='loc_ChiefOperatingOfficerMember' xlink:type='arc' />
    <link:presentationArc order='80' xlink:arcrole='http://www.xbrl.org/2003/arcrole/parent-child' xlink:from='loc_TitleOfIndividualWithRelationshipToEntityDomain' xlink:to='loc_ControllerMember' xlink:type='arc' />
    <link:presentationArc order='90' xlink:arcrole='http://www.xbrl.org/2003/arcrole/parent-child' xlink:from='loc_TitleOfIndividualWithRelationshipToEntityDomain' xlink:to='loc_ExecutiveVicePresidentMember' xlink:type='arc' />
    <link:presentationArc order='100' xlink:arcrole='http://www.xbrl.org/2003/arcrole/parent-child' xlink:from='loc_TitleOfIndividualWithRelationshipToEntityDomain' xlink:to='loc_VicePresidentMember' xlink:type='arc' />
    <link:presentationArc order='110' xlink:arcrole='http://www.xbrl.org/2003/arcrole/parent-child' xlink:from='loc_TitleOfIndividualWithRelationshipToEntityDomain' xlink:to='loc_PresidentMember' xlink:type='arc' />
    <link:presentationArc order='120' xlink:arcrole='http://www.xbrl.org/2003/arcrole/parent-child' xlink:from='loc_TitleOfIndividualWithRelationshipToEntityDomain' xlink:to='loc_OfficerMember' xlink:type='arc' />
    <link:presentationArc order='10' xlink:arcrole='http://www.xbrl.org/2003/arcrole/parent-child' xlink:from='loc_SalariesWagesAndOfficersCompensationAbstract' xlink:to='loc_SalariesAndWages' xlink:type='arc' />
    <link:presentationArc order='20' xlink:arcrole='http://www.xbrl.org/2003/arcrole/parent-child' xlink:from='loc_SalariesWagesAndOfficersCompensationAbstract' xlink:to='loc_OfficersCompensation' xlink:type='arc' />
    <link:presentationArc order='30' preferredLabel='http://www.xbrl.org/2003/role/totalLabel' xlink:arcrole='http://www.xbrl.org/2003/arcrole/parent-child' xlink:from='loc_SalariesWagesAndOfficersCompensationAbstract' xlink:to='loc_SalariesWagesAndOfficersCompensation' xlink:type='arc' />
    <link:presentationArc order='10' xlink:arcrole='http://www.xbrl.org/2003/arcrole/parent-child' xlink:from='loc_ScheduleOfDeferredCompensationArrangementWithIndividualExcludingShareBasedPaymentsAndPostretirementBenefitsByTitleOfIndividualAndByTypeOfDeferredCompensationTable' xlink:to='loc_TitleOfIndividualAxis' xlink:type='arc' />
    <link:presentationArc order='20' xlink:arcrole='http://www.xbrl.org/2003/arcrole/parent-child' xlink:from='loc_ScheduleOfDeferredCompensationArrangementWithIndividualExcludingShareBasedPaymentsAndPostretirementBenefitsByTitleOfIndividualAndByTypeOfDeferredCompensationTable' xlink:to='loc_DeferredCompensationArrangementWithIndividualExcludingShareBasedPaymentsAndPostretirementBenefitsByTypeOfDeferredCompensationAxis' xlink:type='arc' />
    <link:presentationArc order='30' xlink:arcrole='http://www.xbrl.org/2003/arcrole/parent-child' xlink:from='loc_ScheduleOfDeferredCompensationArrangementWithIndividualExcludingShareBasedPaymentsAndPostretirementBenefitsByTitleOfIndividualAndByTypeOfDeferredCompensationTable' xlink:to='loc_DeferredCompensationArrangementWithIndividualExcludingShareBasedPaymentsAndPostretirementBenefitsLineItems' xlink:type='arc' />
    <link:presentationArc order='10' xlink:arcrole='http://www.xbrl.org/2003/arcrole/parent-child' xlink:from='loc_ScheduleOfDeferredCompensationArrangementWithIndividualPostretirementBenefitsTable' xlink:to='loc_TitleOfIndividualAxis' xlink:type='arc' />
    <link:presentationArc order='20' xlink:arcrole='http://www.xbrl.org/2003/arcrole/parent-child' xlink:from='loc_ScheduleOfDeferredCompensationArrangementWithIndividualPostretirementBenefitsTable' xlink:to='loc_DeferredCompensationArrangementWithIndividualPostretirementBenefitsByTypeOfDeferredCompensationAxis' xlink:type='arc' />
    <link:presentationArc order='30' xlink:arcrole='http://www.xbrl.org/2003/arcrole/parent-child' xlink:from='loc_ScheduleOfDeferredCompensationArrangementWithIndividualPostretirementBenefitsTable' xlink:to='loc_DeferredCompensationArrangementWithIndividualPostretirementBenefitsLineItems' xlink:type='arc' />
    <link:presentationArc order='10' xlink:arcrole='http://www.xbrl.org/2003/arcrole/parent-child' xlink:from='loc_ScheduleOfDeferredCompensationArrangementWithIndividualShareBasedPaymentsTable' xlink:to='loc_TitleOfIndividualAxis' xlink:type='arc' />
    <link:presentationArc order='20' xlink:arcrole='http://www.xbrl.org/2003/arcrole/parent-child' xlink:from='loc_ScheduleOfDeferredCompensationArrangementWithIndividualShareBasedPaymentsTable' xlink:to='loc_DeferredCompensationArrangementWithIndividualShareBasedPaymentsByTypeOfDeferredCompensationAxis' xlink:type='arc' />
    <link:presentationArc order='30' xlink:arcrole='http://www.xbrl.org/2003/arcrole/parent-child' xlink:from='loc_ScheduleOfDeferredCompensationArrangementWithIndividualShareBasedPaymentsTable' xlink:to='loc_DeferredCompensationArrangementWithIndividualShareBasedPaymentsLineItems' xlink:type='arc' />
    <link:presentationArc order='10' xlink:arcrole='http://www.xbrl.org/2003/arcrole/parent-child' xlink:from='loc_TitleOfIndividualAxis' xlink:to='loc_TitleOfIndividualWithRelationshipToEntityDomain' xlink:type='arc' />
  </link:presentationLink>
</link:linkbase>
