<?xml version='1.0' encoding='UTF-8'?>

<!--
(c) 2010-2021 Financial Accounting Foundation; (c) 2007-2010 XBRL US, Inc.  All Rights Reserved.
Notice: Authorized Uses are Set Forth at https://xbrl.fasb.org/terms/TaxonomiesTermsConditions.html
  -->
<link:linkbase xmlns:link='http://www.xbrl.org/2003/linkbase' xmlns:xbrldt='http://xbrl.org/2005/xbrldt' xmlns:xlink='http://www.w3.org/1999/xlink' xmlns:xsi='http://www.w3.org/2001/XMLSchema-instance' xsi:schemaLocation='http://www.xbrl.org/2003/linkbase http://www.xbrl.org/2003/xbrl-linkbase-2003-12-31.xsd'>
  <link:roleRef roleURI='http://fasb.org/us-gaap/role/disclosure/InvestmentsEquityMethodAndJointVentures' xlink:href='../elts/us-roles-2021-01-31.xsd#emjv' xlink:type='simple' />
  <link:presentationLink xlink:role='http://fasb.org/us-gaap/role/disclosure/InvestmentsEquityMethodAndJointVentures' xlink:type='extended'>
    <link:loc xlink:href='../elts/us-gaap-2021-01-31.xsd#us-gaap_AssetsAbstract' xlink:label='loc_AssetsAbstract' xlink:type='locator' />
    <link:loc xlink:href='../elts/us-gaap-2021-01-31.xsd#us-gaap_AssetsCurrent' xlink:label='loc_AssetsCurrent' xlink:type='locator' />
    <link:loc xlink:href='../elts/us-gaap-2021-01-31.xsd#us-gaap_AssetsNoncurrent' xlink:label='loc_AssetsNoncurrent' xlink:type='locator' />
    <link:loc xlink:href='../elts/us-gaap-2021-01-31.xsd#us-gaap_Assets' xlink:label='loc_Assets' xlink:type='locator' />
    <link:loc xlink:href='../elts/us-gaap-2021-01-31.xsd#us-gaap_SegmentDiscontinuedOperationsMember' xlink:label='loc_SegmentDiscontinuedOperationsMember' xlink:type='locator' />
    <link:loc xlink:href='../elts/us-gaap-2021-01-31.xsd#us-gaap_DiscontinuedOperationsHeldForSaleOrDisposedOfBySaleMember' xlink:label='loc_DiscontinuedOperationsHeldForSaleOrDisposedOfBySaleMember' xlink:type='locator' />
    <link:loc xlink:href='../elts/us-gaap-2021-01-31.xsd#us-gaap_DiscontinuedOperationsDisposedOfByMeansOtherThanSaleMember' xlink:label='loc_DiscontinuedOperationsDisposedOfByMeansOtherThanSaleMember' xlink:type='locator' />
    <link:loc xlink:href='../elts/us-gaap-2021-01-31.xsd#us-gaap_DiscontinuedOperationsDisposedOfByMeansOtherThanSaleSpinoffMember' xlink:label='loc_DiscontinuedOperationsDisposedOfByMeansOtherThanSaleSpinoffMember' xlink:type='locator' />
    <link:loc xlink:href='../elts/us-gaap-2021-01-31.xsd#us-gaap_DiscontinuedOperationsDisposedOfByMeansOtherThanSaleAbandonmentMember' xlink:label='loc_DiscontinuedOperationsDisposedOfByMeansOtherThanSaleAbandonmentMember' xlink:type='locator' />
    <link:loc xlink:href='../elts/us-gaap-2021-01-31.xsd#us-gaap_DiscontinuedOperationsDisposedOfByMeansOtherThanSaleExchangeMember' xlink:label='loc_DiscontinuedOperationsDisposedOfByMeansOtherThanSaleExchangeMember' xlink:type='locator' />
    <link:loc xlink:href='../elts/us-gaap-2021-01-31.xsd#us-gaap_DiscontinuedOperationsDisposedOfBySaleMember' xlink:label='loc_DiscontinuedOperationsDisposedOfBySaleMember' xlink:type='locator' />
    <link:loc xlink:href='../elts/us-gaap-2021-01-31.xsd#us-gaap_DiscontinuedOperationsHeldforsaleMember' xlink:label='loc_DiscontinuedOperationsHeldforsaleMember' xlink:type='locator' />
    <link:loc xlink:href='../elts/us-gaap-2021-01-31.xsd#us-gaap_DisposalGroupClassificationAxis' xlink:label='loc_DisposalGroupClassificationAxis' xlink:type='locator' />
    <link:loc xlink:href='../elts/us-gaap-2021-01-31.xsd#us-gaap_DisposalGroupClassificationDomain' xlink:label='loc_DisposalGroupClassificationDomain' xlink:type='locator' />
    <link:loc xlink:href='../elts/us-gaap-2021-01-31.xsd#us-gaap_DisposalGroupNotDiscontinuedOperationsMember' xlink:label='loc_DisposalGroupNotDiscontinuedOperationsMember' xlink:type='locator' />
    <link:loc xlink:href='../elts/us-gaap-2021-01-31.xsd#us-gaap_DisposalGroupDisposedOfByMeansOtherThanSaleNotDiscontinuedOperationsMember' xlink:label='loc_DisposalGroupDisposedOfByMeansOtherThanSaleNotDiscontinuedOperationsMember' xlink:type='locator' />
    <link:loc xlink:href='../elts/us-gaap-2021-01-31.xsd#us-gaap_DisposalGroupDisposedOfByMeansOtherThanSaleNotDiscontinuedOperationsSpinoffMember' xlink:label='loc_DisposalGroupDisposedOfByMeansOtherThanSaleNotDiscontinuedOperationsSpinoffMember' xlink:type='locator' />
    <link:loc xlink:href='../elts/us-gaap-2021-01-31.xsd#us-gaap_DisposalGroupDisposedOfByMeansOtherThanSaleNotDiscontinuedOperationsAbandonmentMember' xlink:label='loc_DisposalGroupDisposedOfByMeansOtherThanSaleNotDiscontinuedOperationsAbandonmentMember' xlink:type='locator' />
    <link:loc xlink:href='../elts/us-gaap-2021-01-31.xsd#us-gaap_DisposalGroupDisposedOfByMeansOtherThanSaleNotDiscontinuedOperationsExchangeMember' xlink:label='loc_DisposalGroupDisposedOfByMeansOtherThanSaleNotDiscontinuedOperationsExchangeMember' xlink:type='locator' />
    <link:loc xlink:href='../elts/us-gaap-2021-01-31.xsd#us-gaap_DisposalGroupHeldForSaleOrDisposedOfBySaleNotDiscontinuedOperationsMember' xlink:label='loc_DisposalGroupHeldForSaleOrDisposedOfBySaleNotDiscontinuedOperationsMember' xlink:type='locator' />
    <link:loc xlink:href='../elts/us-gaap-2021-01-31.xsd#us-gaap_DisposalGroupDisposedOfBySaleNotDiscontinuedOperationsMember' xlink:label='loc_DisposalGroupDisposedOfBySaleNotDiscontinuedOperationsMember' xlink:type='locator' />
    <link:loc xlink:href='../elts/us-gaap-2021-01-31.xsd#us-gaap_DisposalGroupHeldforsaleNotDiscontinuedOperationsMember' xlink:label='loc_DisposalGroupHeldforsaleNotDiscontinuedOperationsMember' xlink:type='locator' />
    <link:loc xlink:href='../elts/us-gaap-2021-01-31.xsd#us-gaap_EquityMethodInvestmentDifferenceBetweenCarryingAmountAndUnderlyingEquityAbstract' xlink:label='loc_EquityMethodInvestmentDifferenceBetweenCarryingAmountAndUnderlyingEquityAbstract' xlink:type='locator' />
    <link:loc xlink:href='../elts/us-gaap-2021-01-31.xsd#us-gaap_EquityMethodInvestmentUnderlyingEquityInNetAssets' xlink:label='loc_EquityMethodInvestmentUnderlyingEquityInNetAssets' xlink:type='locator' />
    <link:loc xlink:href='../elts/us-gaap-2021-01-31.xsd#us-gaap_EquityMethodInvestmentDifferenceBetweenCarryingAmountAndUnderlyingEquity' xlink:label='loc_EquityMethodInvestmentDifferenceBetweenCarryingAmountAndUnderlyingEquity' xlink:type='locator' />
    <link:loc xlink:href='../elts/us-gaap-2021-01-31.xsd#us-gaap_EquityMethodInvestmentDifferenceBetweenCarryingAmountAndUnderlyingEquityAccountingTreatment' xlink:label='loc_EquityMethodInvestmentDifferenceBetweenCarryingAmountAndUnderlyingEquityAccountingTreatment' xlink:type='locator' />
    <link:loc xlink:href='../elts/us-gaap-2021-01-31.xsd#us-gaap_EquityMethodInvestmentFinancialStatementReportedAmountsAbstract' xlink:label='loc_EquityMethodInvestmentFinancialStatementReportedAmountsAbstract' xlink:type='locator' />
    <link:loc xlink:href='../elts/us-gaap-2021-01-31.xsd#us-gaap_IncomeLossFromEquityMethodInvestments' xlink:label='loc_IncomeLossFromEquityMethodInvestments' xlink:type='locator' />
    <link:loc xlink:href='../elts/us-gaap-2021-01-31.xsd#us-gaap_OciEquityMethodInvestmentBeforeTax' xlink:label='loc_OciEquityMethodInvestmentBeforeTax' xlink:type='locator' />
    <link:loc xlink:href='../elts/us-gaap-2021-01-31.xsd#us-gaap_OciEquityMethodInvestmentAfterTax' xlink:label='loc_OciEquityMethodInvestmentAfterTax' xlink:type='locator' />
    <link:loc xlink:href='../elts/us-gaap-2021-01-31.xsd#us-gaap_EquityMethodInvestments' xlink:label='loc_EquityMethodInvestments' xlink:type='locator' />
    <link:loc xlink:href='../elts/us-gaap-2021-01-31.xsd#us-gaap_EquityMethodInvestmentNonconsolidatedInvesteeAxis' xlink:label='loc_EquityMethodInvestmentNonconsolidatedInvesteeAxis' xlink:type='locator' />
    <link:loc xlink:href='../elts/us-gaap-2021-01-31.xsd#us-gaap_EquityMethodInvestmentNonconsolidatedInvesteeDomain' xlink:label='loc_EquityMethodInvestmentNonconsolidatedInvesteeDomain' xlink:type='locator' />
    <link:loc xlink:href='../elts/us-gaap-2021-01-31.xsd#us-gaap_EquityMethodInvestmentNonconsolidatedInvesteeOrGroupOfInvesteesMember' xlink:label='loc_EquityMethodInvestmentNonconsolidatedInvesteeOrGroupOfInvesteesMember' xlink:type='locator' />
    <link:loc xlink:href='../elts/us-gaap-2021-01-31.xsd#us-gaap_EquityMethodInvestmentNonconsolidatedInvesteeOtherMember' xlink:label='loc_EquityMethodInvestmentNonconsolidatedInvesteeOtherMember' xlink:type='locator' />
    <link:loc xlink:href='../elts/us-gaap-2021-01-31.xsd#us-gaap_EquityMethodInvestmentRealizedGainLossOnDisposalAbstract' xlink:label='loc_EquityMethodInvestmentRealizedGainLossOnDisposalAbstract' xlink:type='locator' />
    <link:loc xlink:href='../elts/us-gaap-2021-01-31.xsd#us-gaap_ProceedsFromSaleOfEquityMethodInvestments' xlink:label='loc_ProceedsFromSaleOfEquityMethodInvestments' xlink:type='locator' />
    <link:loc xlink:href='../elts/us-gaap-2021-01-31.xsd#us-gaap_EquityMethodInvestmentSoldCarryingAmount' xlink:label='loc_EquityMethodInvestmentSoldCarryingAmount' xlink:type='locator' />
    <link:loc xlink:href='../elts/us-gaap-2021-01-31.xsd#us-gaap_EquityMethodInvestmentRealizedGainLossOnDisposal' xlink:label='loc_EquityMethodInvestmentRealizedGainLossOnDisposal' xlink:type='locator' />
    <link:loc xlink:href='../elts/us-gaap-2021-01-31.xsd#us-gaap_EquityMethodInvestmentSummarizedFinancialInformationAbstract' xlink:label='loc_EquityMethodInvestmentSummarizedFinancialInformationAbstract' xlink:type='locator' />
    <link:loc xlink:href='../elts/us-gaap-2021-01-31.xsd#us-gaap_LiabilitiesAndStockholdersEquityAbstract' xlink:label='loc_LiabilitiesAndStockholdersEquityAbstract' xlink:type='locator' />
    <link:loc xlink:href='../elts/us-gaap-2021-01-31.xsd#us-gaap_IncomeStatementAbstract' xlink:label='loc_IncomeStatementAbstract' xlink:type='locator' />
    <link:loc xlink:href='../elts/us-gaap-2021-01-31.xsd#us-gaap_EquityMethodInvestmentsAndJointVenturesAbstract' xlink:label='loc_EquityMethodInvestmentsAndJointVenturesAbstract' xlink:type='locator' />
    <link:loc xlink:href='../elts/us-gaap-2021-01-31.xsd#us-gaap_EquityMethodInvestmentsDisclosureTextBlock' xlink:label='loc_EquityMethodInvestmentsDisclosureTextBlock' xlink:type='locator' />
    <link:loc xlink:href='../elts/us-gaap-2021-01-31.xsd#us-gaap_EquityMethodInvestmentsTextBlock' xlink:label='loc_EquityMethodInvestmentsTextBlock' xlink:type='locator' />
    <link:loc xlink:href='../elts/us-gaap-2021-01-31.xsd#us-gaap_ScheduleOfEquityMethodInvestmentsTable' xlink:label='loc_ScheduleOfEquityMethodInvestmentsTable' xlink:type='locator' />
    <link:loc xlink:href='../elts/us-gaap-2021-01-31.xsd#us-gaap_GrossProfitAbstract' xlink:label='loc_GrossProfitAbstract' xlink:type='locator' />
    <link:loc xlink:href='../elts/us-gaap-2021-01-31.xsd#us-gaap_Revenues' xlink:label='loc_Revenues' xlink:type='locator' />
    <link:loc xlink:href='../elts/us-gaap-2021-01-31.xsd#us-gaap_CostOfRevenue' xlink:label='loc_CostOfRevenue' xlink:type='locator' />
    <link:loc xlink:href='../elts/us-gaap-2021-01-31.xsd#us-gaap_GrossProfit' xlink:label='loc_GrossProfit' xlink:type='locator' />
    <link:loc xlink:href='../elts/us-gaap-2021-01-31.xsd#us-gaap_IncomeLossFromContinuingOperationsIncludingPortionAttributableToNoncontrollingInterest' xlink:label='loc_IncomeLossFromContinuingOperationsIncludingPortionAttributableToNoncontrollingInterest' xlink:type='locator' />
    <link:loc xlink:href='../elts/us-gaap-2021-01-31.xsd#us-gaap_ProfitLoss' xlink:label='loc_ProfitLoss' xlink:type='locator' />
    <link:loc xlink:href='https://xbrl.fasb.org/srt/2021/elts/srt-2021-01-31.xsd#srt_ScheduleOfEquityMethodInvestmentEquityMethodInvesteeNameAxis' xlink:label='loc_ScheduleOfEquityMethodInvestmentEquityMethodInvesteeNameAxis' xlink:type='locator' />
    <link:loc xlink:href='https://xbrl.fasb.org/srt/2021/elts/srt-2021-01-31.xsd#srt_EquityMethodInvesteeNameDomain' xlink:label='loc_EquityMethodInvesteeNameDomain' xlink:type='locator' />
    <link:loc xlink:href='../elts/us-gaap-2021-01-31.xsd#us-gaap_InvestmentsInAffordableHousingProjectsAbstract' xlink:label='loc_InvestmentsInAffordableHousingProjectsAbstract' xlink:type='locator' />
    <link:loc xlink:href='../elts/us-gaap-2021-01-31.xsd#us-gaap_AffordableHousingTaxCreditsAndOtherTaxBenefitsAmount' xlink:label='loc_AffordableHousingTaxCreditsAndOtherTaxBenefitsAmount' xlink:type='locator' />
    <link:loc xlink:href='../elts/us-gaap-2021-01-31.xsd#us-gaap_AmortizationMethodQualifiedAffordableHousingProjectInvestments' xlink:label='loc_AmortizationMethodQualifiedAffordableHousingProjectInvestments' xlink:type='locator' />
    <link:loc xlink:href='../elts/us-gaap-2021-01-31.xsd#us-gaap_AmortizationMethodQualifiedAffordableHousingProjectInvestmentsAmortization' xlink:label='loc_AmortizationMethodQualifiedAffordableHousingProjectInvestmentsAmortization' xlink:type='locator' />
    <link:loc xlink:href='../elts/us-gaap-2021-01-31.xsd#us-gaap_IncomeLossFromAffordableHousingProjectsEquityMethodInvestments' xlink:label='loc_IncomeLossFromAffordableHousingProjectsEquityMethodInvestments' xlink:type='locator' />
    <link:loc xlink:href='../elts/us-gaap-2021-01-31.xsd#us-gaap_QualifiedAffordableHousingProjectInvestmentsCommitment' xlink:label='loc_QualifiedAffordableHousingProjectInvestmentsCommitment' xlink:type='locator' />
    <link:loc xlink:href='../elts/us-gaap-2021-01-31.xsd#us-gaap_AffordableHousingTaxCreditsCommitmentYearToBePaid' xlink:label='loc_AffordableHousingTaxCreditsCommitmentYearToBePaid' xlink:type='locator' />
    <link:loc xlink:href='../elts/us-gaap-2021-01-31.xsd#us-gaap_AffordableHousingProjectInvestmentWriteDownAmount' xlink:label='loc_AffordableHousingProjectInvestmentWriteDownAmount' xlink:type='locator' />
    <link:loc xlink:href='../elts/us-gaap-2021-01-31.xsd#us-gaap_AffordableHousingProjectInvestmentNatureOfWriteDown' xlink:label='loc_AffordableHousingProjectInvestmentNatureOfWriteDown' xlink:type='locator' />
    <link:loc xlink:href='../elts/us-gaap-2021-01-31.xsd#us-gaap_LiabilitiesAbstract' xlink:label='loc_LiabilitiesAbstract' xlink:type='locator' />
    <link:loc xlink:href='../elts/us-gaap-2021-01-31.xsd#us-gaap_LiabilitiesCurrent' xlink:label='loc_LiabilitiesCurrent' xlink:type='locator' />
    <link:loc xlink:href='../elts/us-gaap-2021-01-31.xsd#us-gaap_LiabilitiesNoncurrent' xlink:label='loc_LiabilitiesNoncurrent' xlink:type='locator' />
    <link:loc xlink:href='../elts/us-gaap-2021-01-31.xsd#us-gaap_Liabilities' xlink:label='loc_Liabilities' xlink:type='locator' />
    <link:loc xlink:href='../elts/us-gaap-2021-01-31.xsd#us-gaap_CommitmentsAndContingencies' xlink:label='loc_CommitmentsAndContingencies' xlink:type='locator' />
    <link:loc xlink:href='../elts/us-gaap-2021-01-31.xsd#us-gaap_TemporaryEquityCarryingAmountIncludingPortionAttributableToNoncontrollingInterests' xlink:label='loc_TemporaryEquityCarryingAmountIncludingPortionAttributableToNoncontrollingInterests' xlink:type='locator' />
    <link:loc xlink:href='../elts/us-gaap-2021-01-31.xsd#us-gaap_StockholdersEquityIncludingPortionAttributableToNoncontrollingInterestAbstract' xlink:label='loc_StockholdersEquityIncludingPortionAttributableToNoncontrollingInterestAbstract' xlink:type='locator' />
    <link:loc xlink:href='../elts/us-gaap-2021-01-31.xsd#us-gaap_LiabilitiesAndStockholdersEquity' xlink:label='loc_LiabilitiesAndStockholdersEquity' xlink:type='locator' />
    <link:loc xlink:href='../elts/us-gaap-2021-01-31.xsd#us-gaap_ScheduleOfEquityMethodInvestmentsLineItems' xlink:label='loc_ScheduleOfEquityMethodInvestmentsLineItems' xlink:type='locator' />
    <link:loc xlink:href='../elts/us-gaap-2021-01-31.xsd#us-gaap_EquityMethodInvestmentDescriptionOfPrincipalActivities' xlink:label='loc_EquityMethodInvestmentDescriptionOfPrincipalActivities' xlink:type='locator' />
    <link:loc xlink:href='../elts/us-gaap-2021-01-31.xsd#us-gaap_EquityMethodInvestmentOwnershipPercentage' xlink:label='loc_EquityMethodInvestmentOwnershipPercentage' xlink:type='locator' />
    <link:loc xlink:href='../elts/us-gaap-2021-01-31.xsd#us-gaap_EquityMethodInvestmentOtherThanTemporaryImpairment' xlink:label='loc_EquityMethodInvestmentOtherThanTemporaryImpairment' xlink:type='locator' />
    <link:loc xlink:href='../elts/us-gaap-2021-01-31.xsd#us-gaap_EquityMethodInvestmentQuotedMarketValue' xlink:label='loc_EquityMethodInvestmentQuotedMarketValue' xlink:type='locator' />
    <link:loc xlink:href='../elts/us-gaap-2021-01-31.xsd#us-gaap_EquityMethodInvestmentAggregateCost' xlink:label='loc_EquityMethodInvestmentAggregateCost' xlink:type='locator' />
    <link:loc xlink:href='../elts/us-gaap-2021-01-31.xsd#us-gaap_EquityMethodInvestmentAdditionalInformation' xlink:label='loc_EquityMethodInvestmentAdditionalInformation' xlink:type='locator' />
    <link:loc xlink:href='../elts/us-gaap-2021-01-31.xsd#us-gaap_EquityMethodInvestmentMaterialEffectsOfPossibleConversionsExercisesOrContingentIssuances' xlink:label='loc_EquityMethodInvestmentMaterialEffectsOfPossibleConversionsExercisesOrContingentIssuances' xlink:type='locator' />
    <link:loc xlink:href='../elts/us-gaap-2021-01-31.xsd#us-gaap_EquityMethodInvestmentDividendsOrDistributions' xlink:label='loc_EquityMethodInvestmentDividendsOrDistributions' xlink:type='locator' />
    <link:loc xlink:href='../elts/us-gaap-2021-01-31.xsd#us-gaap_ProceedsFromEquityMethodInvestmentDividendsOrDistributionsReturnOfCapital' xlink:label='loc_ProceedsFromEquityMethodInvestmentDividendsOrDistributionsReturnOfCapital' xlink:type='locator' />
    <link:loc xlink:href='../elts/us-gaap-2021-01-31.xsd#us-gaap_EquityMethodInvestmentDistributionReceivedApproachFixedList' xlink:label='loc_EquityMethodInvestmentDistributionReceivedApproachFixedList' xlink:type='locator' />
    <link:loc xlink:href='../elts/us-gaap-2021-01-31.xsd#us-gaap_EquityMethodInvestmentDeferredGainOnSale' xlink:label='loc_EquityMethodInvestmentDeferredGainOnSale' xlink:type='locator' />
    <link:loc xlink:href='../elts/us-gaap-2021-01-31.xsd#us-gaap_StockholdersEquity' xlink:label='loc_StockholdersEquity' xlink:type='locator' />
    <link:loc xlink:href='../elts/us-gaap-2021-01-31.xsd#us-gaap_MinorityInterest' xlink:label='loc_MinorityInterest' xlink:type='locator' />
    <link:loc xlink:href='../elts/us-gaap-2021-01-31.xsd#us-gaap_StockholdersEquityIncludingPortionAttributableToNoncontrollingInterest' xlink:label='loc_StockholdersEquityIncludingPortionAttributableToNoncontrollingInterest' xlink:type='locator' />
    <link:presentationArc order='10' xlink:arcrole='http://www.xbrl.org/2003/arcrole/parent-child' xlink:from='loc_AssetsAbstract' xlink:to='loc_AssetsCurrent' xlink:type='arc' />
    <link:presentationArc order='20' xlink:arcrole='http://www.xbrl.org/2003/arcrole/parent-child' xlink:from='loc_AssetsAbstract' xlink:to='loc_AssetsNoncurrent' xlink:type='arc' />
    <link:presentationArc order='30' preferredLabel='http://www.xbrl.org/2003/role/totalLabel' xlink:arcrole='http://www.xbrl.org/2003/arcrole/parent-child' xlink:from='loc_AssetsAbstract' xlink:to='loc_Assets' xlink:type='arc' />
    <link:presentationArc order='10' xlink:arcrole='http://www.xbrl.org/2003/arcrole/parent-child' xlink:from='loc_SegmentDiscontinuedOperationsMember' xlink:to='loc_DiscontinuedOperationsHeldForSaleOrDisposedOfBySaleMember' xlink:type='arc' />
    <link:presentationArc order='20' xlink:arcrole='http://www.xbrl.org/2003/arcrole/parent-child' xlink:from='loc_SegmentDiscontinuedOperationsMember' xlink:to='loc_DiscontinuedOperationsDisposedOfByMeansOtherThanSaleMember' xlink:type='arc' />
    <link:presentationArc order='10' xlink:arcrole='http://www.xbrl.org/2003/arcrole/parent-child' xlink:from='loc_DiscontinuedOperationsDisposedOfByMeansOtherThanSaleMember' xlink:to='loc_DiscontinuedOperationsDisposedOfByMeansOtherThanSaleSpinoffMember' xlink:type='arc' />
    <link:presentationArc order='20' xlink:arcrole='http://www.xbrl.org/2003/arcrole/parent-child' xlink:from='loc_DiscontinuedOperationsDisposedOfByMeansOtherThanSaleMember' xlink:to='loc_DiscontinuedOperationsDisposedOfByMeansOtherThanSaleAbandonmentMember' xlink:type='arc' />
    <link:presentationArc order='30' xlink:arcrole='http://www.xbrl.org/2003/arcrole/parent-child' xlink:from='loc_DiscontinuedOperationsDisposedOfByMeansOtherThanSaleMember' xlink:to='loc_DiscontinuedOperationsDisposedOfByMeansOtherThanSaleExchangeMember' xlink:type='arc' />
    <link:presentationArc order='10' xlink:arcrole='http://www.xbrl.org/2003/arcrole/parent-child' xlink:from='loc_DiscontinuedOperationsHeldForSaleOrDisposedOfBySaleMember' xlink:to='loc_DiscontinuedOperationsDisposedOfBySaleMember' xlink:type='arc' />
    <link:presentationArc order='20' xlink:arcrole='http://www.xbrl.org/2003/arcrole/parent-child' xlink:from='loc_DiscontinuedOperationsHeldForSaleOrDisposedOfBySaleMember' xlink:to='loc_DiscontinuedOperationsHeldforsaleMember' xlink:type='arc' />
    <link:presentationArc order='10' xlink:arcrole='http://www.xbrl.org/2003/arcrole/parent-child' xlink:from='loc_DisposalGroupClassificationAxis' xlink:to='loc_DisposalGroupClassificationDomain' xlink:type='arc' />
    <link:presentationArc order='10' xlink:arcrole='http://www.xbrl.org/2003/arcrole/parent-child' xlink:from='loc_DisposalGroupClassificationDomain' xlink:to='loc_SegmentDiscontinuedOperationsMember' xlink:type='arc' />
    <link:presentationArc order='20' xlink:arcrole='http://www.xbrl.org/2003/arcrole/parent-child' xlink:from='loc_DisposalGroupClassificationDomain' xlink:to='loc_DisposalGroupNotDiscontinuedOperationsMember' xlink:type='arc' />
    <link:presentationArc order='10' xlink:arcrole='http://www.xbrl.org/2003/arcrole/parent-child' xlink:from='loc_DisposalGroupDisposedOfByMeansOtherThanSaleNotDiscontinuedOperationsMember' xlink:to='loc_DisposalGroupDisposedOfByMeansOtherThanSaleNotDiscontinuedOperationsSpinoffMember' xlink:type='arc' />
    <link:presentationArc order='20' xlink:arcrole='http://www.xbrl.org/2003/arcrole/parent-child' xlink:from='loc_DisposalGroupDisposedOfByMeansOtherThanSaleNotDiscontinuedOperationsMember' xlink:to='loc_DisposalGroupDisposedOfByMeansOtherThanSaleNotDiscontinuedOperationsAbandonmentMember' xlink:type='arc' />
    <link:presentationArc order='30' xlink:arcrole='http://www.xbrl.org/2003/arcrole/parent-child' xlink:from='loc_DisposalGroupDisposedOfByMeansOtherThanSaleNotDiscontinuedOperationsMember' xlink:to='loc_DisposalGroupDisposedOfByMeansOtherThanSaleNotDiscontinuedOperationsExchangeMember' xlink:type='arc' />
    <link:presentationArc order='10' xlink:arcrole='http://www.xbrl.org/2003/arcrole/parent-child' xlink:from='loc_DisposalGroupHeldForSaleOrDisposedOfBySaleNotDiscontinuedOperationsMember' xlink:to='loc_DisposalGroupDisposedOfBySaleNotDiscontinuedOperationsMember' xlink:type='arc' />
    <link:presentationArc order='20' xlink:arcrole='http://www.xbrl.org/2003/arcrole/parent-child' xlink:from='loc_DisposalGroupHeldForSaleOrDisposedOfBySaleNotDiscontinuedOperationsMember' xlink:to='loc_DisposalGroupHeldforsaleNotDiscontinuedOperationsMember' xlink:type='arc' />
    <link:presentationArc order='10' xlink:arcrole='http://www.xbrl.org/2003/arcrole/parent-child' xlink:from='loc_DisposalGroupNotDiscontinuedOperationsMember' xlink:to='loc_DisposalGroupHeldForSaleOrDisposedOfBySaleNotDiscontinuedOperationsMember' xlink:type='arc' />
    <link:presentationArc order='20' xlink:arcrole='http://www.xbrl.org/2003/arcrole/parent-child' xlink:from='loc_DisposalGroupNotDiscontinuedOperationsMember' xlink:to='loc_DisposalGroupDisposedOfByMeansOtherThanSaleNotDiscontinuedOperationsMember' xlink:type='arc' />
    <link:presentationArc order='10' xlink:arcrole='http://www.xbrl.org/2003/arcrole/parent-child' xlink:from='loc_EquityMethodInvestmentDifferenceBetweenCarryingAmountAndUnderlyingEquityAbstract' xlink:to='loc_EquityMethodInvestmentUnderlyingEquityInNetAssets' xlink:type='arc' />
    <link:presentationArc order='20' xlink:arcrole='http://www.xbrl.org/2003/arcrole/parent-child' xlink:from='loc_EquityMethodInvestmentDifferenceBetweenCarryingAmountAndUnderlyingEquityAbstract' xlink:to='loc_EquityMethodInvestmentDifferenceBetweenCarryingAmountAndUnderlyingEquity' xlink:type='arc' />
    <link:presentationArc order='30' xlink:arcrole='http://www.xbrl.org/2003/arcrole/parent-child' xlink:from='loc_EquityMethodInvestmentDifferenceBetweenCarryingAmountAndUnderlyingEquityAbstract' xlink:to='loc_EquityMethodInvestmentDifferenceBetweenCarryingAmountAndUnderlyingEquityAccountingTreatment' xlink:type='arc' />
    <link:presentationArc order='10' xlink:arcrole='http://www.xbrl.org/2003/arcrole/parent-child' xlink:from='loc_EquityMethodInvestmentFinancialStatementReportedAmountsAbstract' xlink:to='loc_IncomeLossFromEquityMethodInvestments' xlink:type='arc' />
    <link:presentationArc order='20' xlink:arcrole='http://www.xbrl.org/2003/arcrole/parent-child' xlink:from='loc_EquityMethodInvestmentFinancialStatementReportedAmountsAbstract' xlink:to='loc_OciEquityMethodInvestmentBeforeTax' xlink:type='arc' />
    <link:presentationArc order='30' xlink:arcrole='http://www.xbrl.org/2003/arcrole/parent-child' xlink:from='loc_EquityMethodInvestmentFinancialStatementReportedAmountsAbstract' xlink:to='loc_OciEquityMethodInvestmentAfterTax' xlink:type='arc' />
    <link:presentationArc order='40' xlink:arcrole='http://www.xbrl.org/2003/arcrole/parent-child' xlink:from='loc_EquityMethodInvestmentFinancialStatementReportedAmountsAbstract' xlink:to='loc_EquityMethodInvestments' xlink:type='arc' />
    <link:presentationArc order='10' xlink:arcrole='http://www.xbrl.org/2003/arcrole/parent-child' xlink:from='loc_EquityMethodInvestmentNonconsolidatedInvesteeAxis' xlink:to='loc_EquityMethodInvestmentNonconsolidatedInvesteeDomain' xlink:type='arc' />
    <link:presentationArc order='10' xlink:arcrole='http://www.xbrl.org/2003/arcrole/parent-child' xlink:from='loc_EquityMethodInvestmentNonconsolidatedInvesteeDomain' xlink:to='loc_EquityMethodInvestmentNonconsolidatedInvesteeOrGroupOfInvesteesMember' xlink:type='arc' />
    <link:presentationArc order='10' xlink:arcrole='http://www.xbrl.org/2003/arcrole/parent-child' xlink:from='loc_EquityMethodInvestmentNonconsolidatedInvesteeOrGroupOfInvesteesMember' xlink:to='loc_EquityMethodInvestmentNonconsolidatedInvesteeOtherMember' xlink:type='arc' />
    <link:presentationArc order='10' xlink:arcrole='http://www.xbrl.org/2003/arcrole/parent-child' xlink:from='loc_EquityMethodInvestmentRealizedGainLossOnDisposalAbstract' xlink:to='loc_ProceedsFromSaleOfEquityMethodInvestments' xlink:type='arc' />
    <link:presentationArc order='20' xlink:arcrole='http://www.xbrl.org/2003/arcrole/parent-child' xlink:from='loc_EquityMethodInvestmentRealizedGainLossOnDisposalAbstract' xlink:to='loc_EquityMethodInvestmentSoldCarryingAmount' xlink:type='arc' />
    <link:presentationArc order='30' preferredLabel='http://www.xbrl.org/2003/role/totalLabel' xlink:arcrole='http://www.xbrl.org/2003/arcrole/parent-child' xlink:from='loc_EquityMethodInvestmentRealizedGainLossOnDisposalAbstract' xlink:to='loc_EquityMethodInvestmentRealizedGainLossOnDisposal' xlink:type='arc' />
    <link:presentationArc order='10' xlink:arcrole='http://www.xbrl.org/2003/arcrole/parent-child' xlink:from='loc_EquityMethodInvestmentSummarizedFinancialInformationAbstract' xlink:to='loc_AssetsAbstract' xlink:type='arc' />
    <link:presentationArc order='20' xlink:arcrole='http://www.xbrl.org/2003/arcrole/parent-child' xlink:from='loc_EquityMethodInvestmentSummarizedFinancialInformationAbstract' xlink:to='loc_LiabilitiesAndStockholdersEquityAbstract' xlink:type='arc' />
    <link:presentationArc order='30' xlink:arcrole='http://www.xbrl.org/2003/arcrole/parent-child' xlink:from='loc_EquityMethodInvestmentSummarizedFinancialInformationAbstract' xlink:to='loc_IncomeStatementAbstract' xlink:type='arc' />
    <link:presentationArc order='10' xlink:arcrole='http://www.xbrl.org/2003/arcrole/parent-child' xlink:from='loc_EquityMethodInvestmentsAndJointVenturesAbstract' xlink:to='loc_EquityMethodInvestmentsDisclosureTextBlock' xlink:type='arc' />
    <link:presentationArc order='10' xlink:arcrole='http://www.xbrl.org/2003/arcrole/parent-child' xlink:from='loc_EquityMethodInvestmentsDisclosureTextBlock' xlink:to='loc_EquityMethodInvestmentsTextBlock' xlink:type='arc' />
    <link:presentationArc order='10' xlink:arcrole='http://www.xbrl.org/2003/arcrole/parent-child' xlink:from='loc_EquityMethodInvestmentsTextBlock' xlink:to='loc_ScheduleOfEquityMethodInvestmentsTable' xlink:type='arc' />
    <link:presentationArc order='10' xlink:arcrole='http://www.xbrl.org/2003/arcrole/parent-child' xlink:from='loc_GrossProfitAbstract' xlink:to='loc_Revenues' xlink:type='arc' />
    <link:presentationArc order='20' xlink:arcrole='http://www.xbrl.org/2003/arcrole/parent-child' xlink:from='loc_GrossProfitAbstract' xlink:to='loc_CostOfRevenue' xlink:type='arc' />
    <link:presentationArc order='30' preferredLabel='http://www.xbrl.org/2003/role/totalLabel' xlink:arcrole='http://www.xbrl.org/2003/arcrole/parent-child' xlink:from='loc_GrossProfitAbstract' xlink:to='loc_GrossProfit' xlink:type='arc' />
    <link:presentationArc order='10' xlink:arcrole='http://www.xbrl.org/2003/arcrole/parent-child' xlink:from='loc_IncomeStatementAbstract' xlink:to='loc_GrossProfitAbstract' xlink:type='arc' />
    <link:presentationArc order='20' xlink:arcrole='http://www.xbrl.org/2003/arcrole/parent-child' xlink:from='loc_IncomeStatementAbstract' xlink:to='loc_IncomeLossFromContinuingOperationsIncludingPortionAttributableToNoncontrollingInterest' xlink:type='arc' />
    <link:presentationArc order='30' xlink:arcrole='http://www.xbrl.org/2003/arcrole/parent-child' xlink:from='loc_IncomeStatementAbstract' xlink:to='loc_ProfitLoss' xlink:type='arc' />
    <link:presentationArc order='10' xlink:arcrole='http://www.xbrl.org/2003/arcrole/parent-child' xlink:from='loc_ScheduleOfEquityMethodInvestmentEquityMethodInvesteeNameAxis' xlink:to='loc_EquityMethodInvesteeNameDomain' xlink:type='arc' />
    <link:presentationArc order='10' xlink:arcrole='http://www.xbrl.org/2003/arcrole/parent-child' xlink:from='loc_InvestmentsInAffordableHousingProjectsAbstract' xlink:to='loc_AffordableHousingTaxCreditsAndOtherTaxBenefitsAmount' xlink:type='arc' />
    <link:presentationArc order='20' xlink:arcrole='http://www.xbrl.org/2003/arcrole/parent-child' xlink:from='loc_InvestmentsInAffordableHousingProjectsAbstract' xlink:to='loc_AmortizationMethodQualifiedAffordableHousingProjectInvestments' xlink:type='arc' />
    <link:presentationArc order='30' xlink:arcrole='http://www.xbrl.org/2003/arcrole/parent-child' xlink:from='loc_InvestmentsInAffordableHousingProjectsAbstract' xlink:to='loc_AmortizationMethodQualifiedAffordableHousingProjectInvestmentsAmortization' xlink:type='arc' />
    <link:presentationArc order='40' xlink:arcrole='http://www.xbrl.org/2003/arcrole/parent-child' xlink:from='loc_InvestmentsInAffordableHousingProjectsAbstract' xlink:to='loc_IncomeLossFromAffordableHousingProjectsEquityMethodInvestments' xlink:type='arc' />
    <link:presentationArc order='50' xlink:arcrole='http://www.xbrl.org/2003/arcrole/parent-child' xlink:from='loc_InvestmentsInAffordableHousingProjectsAbstract' xlink:to='loc_QualifiedAffordableHousingProjectInvestmentsCommitment' xlink:type='arc' />
    <link:presentationArc order='60' xlink:arcrole='http://www.xbrl.org/2003/arcrole/parent-child' xlink:from='loc_InvestmentsInAffordableHousingProjectsAbstract' xlink:to='loc_AffordableHousingTaxCreditsCommitmentYearToBePaid' xlink:type='arc' />
    <link:presentationArc order='70' xlink:arcrole='http://www.xbrl.org/2003/arcrole/parent-child' xlink:from='loc_InvestmentsInAffordableHousingProjectsAbstract' xlink:to='loc_AffordableHousingProjectInvestmentWriteDownAmount' xlink:type='arc' />
    <link:presentationArc order='80' xlink:arcrole='http://www.xbrl.org/2003/arcrole/parent-child' xlink:from='loc_InvestmentsInAffordableHousingProjectsAbstract' xlink:to='loc_AffordableHousingProjectInvestmentNatureOfWriteDown' xlink:type='arc' />
    <link:presentationArc order='10' xlink:arcrole='http://www.xbrl.org/2003/arcrole/parent-child' xlink:from='loc_LiabilitiesAbstract' xlink:to='loc_LiabilitiesCurrent' xlink:type='arc' />
    <link:presentationArc order='20' xlink:arcrole='http://www.xbrl.org/2003/arcrole/parent-child' xlink:from='loc_LiabilitiesAbstract' xlink:to='loc_LiabilitiesNoncurrent' xlink:type='arc' />
    <link:presentationArc order='30' preferredLabel='http://www.xbrl.org/2003/role/totalLabel' xlink:arcrole='http://www.xbrl.org/2003/arcrole/parent-child' xlink:from='loc_LiabilitiesAbstract' xlink:to='loc_Liabilities' xlink:type='arc' />
    <link:presentationArc order='10' xlink:arcrole='http://www.xbrl.org/2003/arcrole/parent-child' xlink:from='loc_LiabilitiesAndStockholdersEquityAbstract' xlink:to='loc_LiabilitiesAbstract' xlink:type='arc' />
    <link:presentationArc order='20' xlink:arcrole='http://www.xbrl.org/2003/arcrole/parent-child' xlink:from='loc_LiabilitiesAndStockholdersEquityAbstract' xlink:to='loc_CommitmentsAndContingencies' xlink:type='arc' />
    <link:presentationArc order='30' xlink:arcrole='http://www.xbrl.org/2003/arcrole/parent-child' xlink:from='loc_LiabilitiesAndStockholdersEquityAbstract' xlink:to='loc_TemporaryEquityCarryingAmountIncludingPortionAttributableToNoncontrollingInterests' xlink:type='arc' />
    <link:presentationArc order='40' xlink:arcrole='http://www.xbrl.org/2003/arcrole/parent-child' xlink:from='loc_LiabilitiesAndStockholdersEquityAbstract' xlink:to='loc_StockholdersEquityIncludingPortionAttributableToNoncontrollingInterestAbstract' xlink:type='arc' />
    <link:presentationArc order='50' preferredLabel='http://www.xbrl.org/2003/role/totalLabel' xlink:arcrole='http://www.xbrl.org/2003/arcrole/parent-child' xlink:from='loc_LiabilitiesAndStockholdersEquityAbstract' xlink:to='loc_LiabilitiesAndStockholdersEquity' xlink:type='arc' />
    <link:presentationArc order='10' xlink:arcrole='http://www.xbrl.org/2003/arcrole/parent-child' xlink:from='loc_ScheduleOfEquityMethodInvestmentsLineItems' xlink:to='loc_EquityMethodInvestmentFinancialStatementReportedAmountsAbstract' xlink:type='arc' />
    <link:presentationArc order='20' xlink:arcrole='http://www.xbrl.org/2003/arcrole/parent-child' xlink:from='loc_ScheduleOfEquityMethodInvestmentsLineItems' xlink:to='loc_EquityMethodInvestmentDescriptionOfPrincipalActivities' xlink:type='arc' />
    <link:presentationArc order='30' xlink:arcrole='http://www.xbrl.org/2003/arcrole/parent-child' xlink:from='loc_ScheduleOfEquityMethodInvestmentsLineItems' xlink:to='loc_EquityMethodInvestmentOwnershipPercentage' xlink:type='arc' />
    <link:presentationArc order='40' xlink:arcrole='http://www.xbrl.org/2003/arcrole/parent-child' xlink:from='loc_ScheduleOfEquityMethodInvestmentsLineItems' xlink:to='loc_EquityMethodInvestmentOtherThanTemporaryImpairment' xlink:type='arc' />
    <link:presentationArc order='50' xlink:arcrole='http://www.xbrl.org/2003/arcrole/parent-child' xlink:from='loc_ScheduleOfEquityMethodInvestmentsLineItems' xlink:to='loc_EquityMethodInvestmentDifferenceBetweenCarryingAmountAndUnderlyingEquityAbstract' xlink:type='arc' />
    <link:presentationArc order='60' xlink:arcrole='http://www.xbrl.org/2003/arcrole/parent-child' xlink:from='loc_ScheduleOfEquityMethodInvestmentsLineItems' xlink:to='loc_EquityMethodInvestmentQuotedMarketValue' xlink:type='arc' />
    <link:presentationArc order='70' xlink:arcrole='http://www.xbrl.org/2003/arcrole/parent-child' xlink:from='loc_ScheduleOfEquityMethodInvestmentsLineItems' xlink:to='loc_EquityMethodInvestmentAggregateCost' xlink:type='arc' />
    <link:presentationArc order='80' xlink:arcrole='http://www.xbrl.org/2003/arcrole/parent-child' xlink:from='loc_ScheduleOfEquityMethodInvestmentsLineItems' xlink:to='loc_EquityMethodInvestmentAdditionalInformation' xlink:type='arc' />
    <link:presentationArc order='90' xlink:arcrole='http://www.xbrl.org/2003/arcrole/parent-child' xlink:from='loc_ScheduleOfEquityMethodInvestmentsLineItems' xlink:to='loc_EquityMethodInvestmentMaterialEffectsOfPossibleConversionsExercisesOrContingentIssuances' xlink:type='arc' />
    <link:presentationArc order='100' xlink:arcrole='http://www.xbrl.org/2003/arcrole/parent-child' xlink:from='loc_ScheduleOfEquityMethodInvestmentsLineItems' xlink:to='loc_EquityMethodInvestmentDividendsOrDistributions' xlink:type='arc' />
    <link:presentationArc order='110' xlink:arcrole='http://www.xbrl.org/2003/arcrole/parent-child' xlink:from='loc_ScheduleOfEquityMethodInvestmentsLineItems' xlink:to='loc_ProceedsFromEquityMethodInvestmentDividendsOrDistributionsReturnOfCapital' xlink:type='arc' />
    <link:presentationArc order='120' xlink:arcrole='http://www.xbrl.org/2003/arcrole/parent-child' xlink:from='loc_ScheduleOfEquityMethodInvestmentsLineItems' xlink:to='loc_EquityMethodInvestmentDistributionReceivedApproachFixedList' xlink:type='arc' />
    <link:presentationArc order='130' xlink:arcrole='http://www.xbrl.org/2003/arcrole/parent-child' xlink:from='loc_ScheduleOfEquityMethodInvestmentsLineItems' xlink:to='loc_EquityMethodInvestmentRealizedGainLossOnDisposalAbstract' xlink:type='arc' />
    <link:presentationArc order='140' xlink:arcrole='http://www.xbrl.org/2003/arcrole/parent-child' xlink:from='loc_ScheduleOfEquityMethodInvestmentsLineItems' xlink:to='loc_EquityMethodInvestmentDeferredGainOnSale' xlink:type='arc' />
    <link:presentationArc order='150' xlink:arcrole='http://www.xbrl.org/2003/arcrole/parent-child' xlink:from='loc_ScheduleOfEquityMethodInvestmentsLineItems' xlink:to='loc_InvestmentsInAffordableHousingProjectsAbstract' xlink:type='arc' />
    <link:presentationArc order='160' xlink:arcrole='http://www.xbrl.org/2003/arcrole/parent-child' xlink:from='loc_ScheduleOfEquityMethodInvestmentsLineItems' xlink:to='loc_EquityMethodInvestmentSummarizedFinancialInformationAbstract' xlink:type='arc' />
    <link:presentationArc order='10' xlink:arcrole='http://www.xbrl.org/2003/arcrole/parent-child' xlink:from='loc_ScheduleOfEquityMethodInvestmentsTable' xlink:to='loc_ScheduleOfEquityMethodInvestmentEquityMethodInvesteeNameAxis' xlink:type='arc' />
    <link:presentationArc order='20' xlink:arcrole='http://www.xbrl.org/2003/arcrole/parent-child' xlink:from='loc_ScheduleOfEquityMethodInvestmentsTable' xlink:to='loc_DisposalGroupClassificationAxis' xlink:type='arc' />
    <link:presentationArc order='30' xlink:arcrole='http://www.xbrl.org/2003/arcrole/parent-child' xlink:from='loc_ScheduleOfEquityMethodInvestmentsTable' xlink:to='loc_EquityMethodInvestmentNonconsolidatedInvesteeAxis' xlink:type='arc' />
    <link:presentationArc order='40' xlink:arcrole='http://www.xbrl.org/2003/arcrole/parent-child' xlink:from='loc_ScheduleOfEquityMethodInvestmentsTable' xlink:to='loc_ScheduleOfEquityMethodInvestmentsLineItems' xlink:type='arc' />
    <link:presentationArc order='10' xlink:arcrole='http://www.xbrl.org/2003/arcrole/parent-child' xlink:from='loc_StockholdersEquityIncludingPortionAttributableToNoncontrollingInterestAbstract' xlink:to='loc_StockholdersEquity' xlink:type='arc' />
    <link:presentationArc order='20' xlink:arcrole='http://www.xbrl.org/2003/arcrole/parent-child' xlink:from='loc_StockholdersEquityIncludingPortionAttributableToNoncontrollingInterestAbstract' xlink:to='loc_MinorityInterest' xlink:type='arc' />
    <link:presentationArc order='30' preferredLabel='http://www.xbrl.org/2003/role/totalLabel' xlink:arcrole='http://www.xbrl.org/2003/arcrole/parent-child' xlink:from='loc_StockholdersEquityIncludingPortionAttributableToNoncontrollingInterestAbstract' xlink:to='loc_StockholdersEquityIncludingPortionAttributableToNoncontrollingInterest' xlink:type='arc' />
  </link:presentationLink>
</link:linkbase>
