<?xml version='1.0' encoding='UTF-8'?>

<!--
(c) 2010-2021 Financial Accounting Foundation; (c) 2007-2010 XBRL US, Inc.  All Rights Reserved.
Notice: Authorized Uses are Set Forth at https://xbrl.fasb.org/terms/TaxonomiesTermsConditions.html
  -->
<link:linkbase xmlns:link='http://www.xbrl.org/2003/linkbase' xmlns:xbrldt='http://xbrl.org/2005/xbrldt' xmlns:xlink='http://www.w3.org/1999/xlink' xmlns:xsi='http://www.w3.org/2001/XMLSchema-instance' xsi:schemaLocation='http://www.xbrl.org/2003/linkbase http://www.xbrl.org/2003/xbrl-linkbase-2003-12-31.xsd'>
  <link:roleRef roleURI='http://fasb.org/us-gaap/role/disclosure/ExtractiveIndustries' xlink:href='../elts/us-roles-2021-01-31.xsd#ei' xlink:type='simple' />
  <link:calculationLink xlink:role='http://fasb.org/us-gaap/role/disclosure/ExtractiveIndustries' xlink:type='extended'>
    <link:loc xlink:href='../elts/us-gaap-2021-01-31.xsd#us-gaap_CapitalizedCostsOfUnprovedPropertiesExcludedFromAmortizationCumulative' xlink:label='loc_CapitalizedCostsOfUnprovedPropertiesExcludedFromAmortizationCumulative' xlink:type='locator' />
    <link:loc xlink:href='../elts/us-gaap-2021-01-31.xsd#us-gaap_AcquisitionCostsCumulative' xlink:label='loc_AcquisitionCostsCumulative' xlink:type='locator' />
    <link:loc xlink:href='../elts/us-gaap-2021-01-31.xsd#us-gaap_ExplorationCostsCumulative' xlink:label='loc_ExplorationCostsCumulative' xlink:type='locator' />
    <link:loc xlink:href='../elts/us-gaap-2021-01-31.xsd#us-gaap_DevelopmentCostsCumulative' xlink:label='loc_DevelopmentCostsCumulative' xlink:type='locator' />
    <link:loc xlink:href='../elts/us-gaap-2021-01-31.xsd#us-gaap_ProductionCostsCumulative' xlink:label='loc_ProductionCostsCumulative' xlink:type='locator' />
    <link:loc xlink:href='../elts/us-gaap-2021-01-31.xsd#us-gaap_CapitalizedCostsOfUnprovedPropertiesExcludedFromAmortization' xlink:label='loc_CapitalizedCostsOfUnprovedPropertiesExcludedFromAmortization' xlink:type='locator' />
    <link:loc xlink:href='../elts/us-gaap-2021-01-31.xsd#us-gaap_AcquisitionCosts' xlink:label='loc_AcquisitionCosts' xlink:type='locator' />
    <link:loc xlink:href='../elts/us-gaap-2021-01-31.xsd#us-gaap_ExplorationCosts' xlink:label='loc_ExplorationCosts' xlink:type='locator' />
    <link:loc xlink:href='../elts/us-gaap-2021-01-31.xsd#us-gaap_DevelopmentCosts' xlink:label='loc_DevelopmentCosts' xlink:type='locator' />
    <link:loc xlink:href='../elts/us-gaap-2021-01-31.xsd#us-gaap_ProductionCosts' xlink:label='loc_ProductionCosts' xlink:type='locator' />
    <link:loc xlink:href='../elts/us-gaap-2021-01-31.xsd#us-gaap_CapitalizedCostsOilAndGasProducingActivitiesNet' xlink:label='loc_CapitalizedCostsOilAndGasProducingActivitiesNet' xlink:type='locator' />
    <link:loc xlink:href='../elts/us-gaap-2021-01-31.xsd#us-gaap_CapitalizedCostsOilAndGasProducingActivitiesGross' xlink:label='loc_CapitalizedCostsOilAndGasProducingActivitiesGross' xlink:type='locator' />
    <link:loc xlink:href='../elts/us-gaap-2021-01-31.xsd#us-gaap_CapitalizedCostsMineralInterestsInUnprovedProperties' xlink:label='loc_CapitalizedCostsMineralInterestsInUnprovedProperties' xlink:type='locator' />
    <link:loc xlink:href='../elts/us-gaap-2021-01-31.xsd#us-gaap_CapitalizedCostsMineralInterestsInProvedProperties' xlink:label='loc_CapitalizedCostsMineralInterestsInProvedProperties' xlink:type='locator' />
    <link:loc xlink:href='../elts/us-gaap-2021-01-31.xsd#us-gaap_CapitalizedCostsWellsAndRelatedEquipmentAndFacilities' xlink:label='loc_CapitalizedCostsWellsAndRelatedEquipmentAndFacilities' xlink:type='locator' />
    <link:loc xlink:href='../elts/us-gaap-2021-01-31.xsd#us-gaap_CapitalizedCostsSupportEquipmentAndFacilities' xlink:label='loc_CapitalizedCostsSupportEquipmentAndFacilities' xlink:type='locator' />
    <link:loc xlink:href='../elts/us-gaap-2021-01-31.xsd#us-gaap_CapitalizedCostsUncompletedWellsEquipmentAndFacilities' xlink:label='loc_CapitalizedCostsUncompletedWellsEquipmentAndFacilities' xlink:type='locator' />
    <link:loc xlink:href='../elts/us-gaap-2021-01-31.xsd#us-gaap_CapitalizedCostsUnprovedProperties' xlink:label='loc_CapitalizedCostsUnprovedProperties' xlink:type='locator' />
    <link:loc xlink:href='../elts/us-gaap-2021-01-31.xsd#us-gaap_CapitalizedCostsProvedProperties' xlink:label='loc_CapitalizedCostsProvedProperties' xlink:type='locator' />
    <link:loc xlink:href='../elts/us-gaap-2021-01-31.xsd#us-gaap_CapitalizedCostsAssetRetirementCosts' xlink:label='loc_CapitalizedCostsAssetRetirementCosts' xlink:type='locator' />
    <link:loc xlink:href='../elts/us-gaap-2021-01-31.xsd#us-gaap_CapitalizedCostsAccumulatedDepreciationDepletionAmortizationAndValuationAllowanceForRelatingToOilAndGasProducingActivities' xlink:label='loc_CapitalizedCostsAccumulatedDepreciationDepletionAmortizationAndValuationAllowanceForRelatingToOilAndGasProducingActivities' xlink:type='locator' />
    <link:loc xlink:href='../elts/us-gaap-2021-01-31.xsd#us-gaap_CapitalizedExploratoryWellCostPeriodIncreaseDecrease' xlink:label='loc_CapitalizedExploratoryWellCostPeriodIncreaseDecrease' xlink:type='locator' />
    <link:loc xlink:href='../elts/us-gaap-2021-01-31.xsd#us-gaap_CapitalizedExploratoryWellCostAdditionsPendingDeterminationOfProvedReserves' xlink:label='loc_CapitalizedExploratoryWellCostAdditionsPendingDeterminationOfProvedReserves' xlink:type='locator' />
    <link:loc xlink:href='../elts/us-gaap-2021-01-31.xsd#us-gaap_ReclassificationToWellFacilitiesAndEquipmentBasedOnDeterminationOfProvedReserves' xlink:label='loc_ReclassificationToWellFacilitiesAndEquipmentBasedOnDeterminationOfProvedReserves' xlink:type='locator' />
    <link:loc xlink:href='../elts/us-gaap-2021-01-31.xsd#us-gaap_CapitalizedExploratoryWellCostChargedToExpense1' xlink:label='loc_CapitalizedExploratoryWellCostChargedToExpense1' xlink:type='locator' />
    <link:loc xlink:href='../elts/us-gaap-2021-01-31.xsd#us-gaap_CapitalizedExploratoryWellCosts' xlink:label='loc_CapitalizedExploratoryWellCosts' xlink:type='locator' />
    <link:loc xlink:href='../elts/us-gaap-2021-01-31.xsd#us-gaap_CapitalizedExploratoryWellCostsThatHaveBeenCapitalizedForPeriodOfOneYearOrLess' xlink:label='loc_CapitalizedExploratoryWellCostsThatHaveBeenCapitalizedForPeriodOfOneYearOrLess' xlink:type='locator' />
    <link:loc xlink:href='../elts/us-gaap-2021-01-31.xsd#us-gaap_CapitalizedExploratoryWellCostsThatHaveBeenCapitalizedForPeriodGreaterThanOneYear' xlink:label='loc_CapitalizedExploratoryWellCostsThatHaveBeenCapitalizedForPeriodGreaterThanOneYear' xlink:type='locator' />
    <link:loc xlink:href='../elts/us-gaap-2021-01-31.xsd#us-gaap_CostsIncurredOilAndGasPropertyAcquisitionExplorationAndDevelopmentActivities' xlink:label='loc_CostsIncurredOilAndGasPropertyAcquisitionExplorationAndDevelopmentActivities' xlink:type='locator' />
    <link:loc xlink:href='../elts/us-gaap-2021-01-31.xsd#us-gaap_CostsIncurredAcquisitionOfOilAndGasProperties' xlink:label='loc_CostsIncurredAcquisitionOfOilAndGasProperties' xlink:type='locator' />
    <link:loc xlink:href='../elts/us-gaap-2021-01-31.xsd#us-gaap_CostsIncurredAcquisitionOfUnprovedOilAndGasProperties' xlink:label='loc_CostsIncurredAcquisitionOfUnprovedOilAndGasProperties' xlink:type='locator' />
    <link:loc xlink:href='../elts/us-gaap-2021-01-31.xsd#us-gaap_CostsIncurredAcquisitionOfOilAndGasPropertiesWithProvedReserves' xlink:label='loc_CostsIncurredAcquisitionOfOilAndGasPropertiesWithProvedReserves' xlink:type='locator' />
    <link:loc xlink:href='../elts/us-gaap-2021-01-31.xsd#us-gaap_CostsIncurredExplorationCosts' xlink:label='loc_CostsIncurredExplorationCosts' xlink:type='locator' />
    <link:loc xlink:href='../elts/us-gaap-2021-01-31.xsd#us-gaap_CostsIncurredDevelopmentCosts' xlink:label='loc_CostsIncurredDevelopmentCosts' xlink:type='locator' />
    <link:loc xlink:href='../elts/us-gaap-2021-01-31.xsd#us-gaap_MineralPropertiesNet' xlink:label='loc_MineralPropertiesNet' xlink:type='locator' />
    <link:loc xlink:href='../elts/us-gaap-2021-01-31.xsd#us-gaap_MineralPropertiesGross' xlink:label='loc_MineralPropertiesGross' xlink:type='locator' />
    <link:loc xlink:href='../elts/us-gaap-2021-01-31.xsd#us-gaap_MineralRights' xlink:label='loc_MineralRights' xlink:type='locator' />
    <link:loc xlink:href='../elts/us-gaap-2021-01-31.xsd#us-gaap_MineralPropertiesAccumulatedDepletion' xlink:label='loc_MineralPropertiesAccumulatedDepletion' xlink:type='locator' />
    <link:loc xlink:href='../elts/us-gaap-2021-01-31.xsd#us-gaap_MineralPropertiesAccumulatedImpairment' xlink:label='loc_MineralPropertiesAccumulatedImpairment' xlink:type='locator' />
    <link:loc xlink:href='https://xbrl.fasb.org/srt/2021/elts/srt-2021-01-31.xsd#srt_ProvedDevelopedAndUndevelopedReserveNetEnergyPeriodIncreaseDecrease' xlink:label='loc_ProvedDevelopedAndUndevelopedReserveNetEnergyPeriodIncreaseDecrease' xlink:type='locator' />
    <link:loc xlink:href='https://xbrl.fasb.org/srt/2021/elts/srt-2021-01-31.xsd#srt_ProvedDevelopedAndUndevelopedReserveRevisionOfPreviousEstimateEnergy' xlink:label='loc_ProvedDevelopedAndUndevelopedReserveRevisionOfPreviousEstimateEnergy' xlink:type='locator' />
    <link:loc xlink:href='https://xbrl.fasb.org/srt/2021/elts/srt-2021-01-31.xsd#srt_ProvedDevelopedAndUndevelopedReserveImprovedRecoveryEnergy' xlink:label='loc_ProvedDevelopedAndUndevelopedReserveImprovedRecoveryEnergy' xlink:type='locator' />
    <link:loc xlink:href='https://xbrl.fasb.org/srt/2021/elts/srt-2021-01-31.xsd#srt_ProvedDevelopedAndUndevelopedReservePurchaseOfMineralInPlaceEnergy' xlink:label='loc_ProvedDevelopedAndUndevelopedReservePurchaseOfMineralInPlaceEnergy' xlink:type='locator' />
    <link:loc xlink:href='https://xbrl.fasb.org/srt/2021/elts/srt-2021-01-31.xsd#srt_ProvedDevelopedAndUndevelopedReserveExtensionAndDiscoveryEnergy' xlink:label='loc_ProvedDevelopedAndUndevelopedReserveExtensionAndDiscoveryEnergy' xlink:type='locator' />
    <link:loc xlink:href='https://xbrl.fasb.org/srt/2021/elts/srt-2021-01-31.xsd#srt_ProvedDevelopedAndUndevelopedReserveProductionEnergy' xlink:label='loc_ProvedDevelopedAndUndevelopedReserveProductionEnergy' xlink:type='locator' />
    <link:loc xlink:href='https://xbrl.fasb.org/srt/2021/elts/srt-2021-01-31.xsd#srt_ProvedDevelopedAndUndevelopedReservesSaleOfMineralInPlaceEnergy' xlink:label='loc_ProvedDevelopedAndUndevelopedReservesSaleOfMineralInPlaceEnergy' xlink:type='locator' />
    <link:loc xlink:href='https://xbrl.fasb.org/srt/2021/elts/srt-2021-01-31.xsd#srt_ProvedDevelopedAndUndevelopedReservesNetPeriodIncreaseDecrease' xlink:label='loc_ProvedDevelopedAndUndevelopedReservesNetPeriodIncreaseDecrease' xlink:type='locator' />
    <link:loc xlink:href='https://xbrl.fasb.org/srt/2021/elts/srt-2021-01-31.xsd#srt_ProvedDevelopedAndUndevelopedReservesRevisionsOfPreviousEstimatesIncreaseDecrease' xlink:label='loc_ProvedDevelopedAndUndevelopedReservesRevisionsOfPreviousEstimatesIncreaseDecrease' xlink:type='locator' />
    <link:loc xlink:href='https://xbrl.fasb.org/srt/2021/elts/srt-2021-01-31.xsd#srt_ProvedDevelopedAndUndevelopedReservesImprovedRecovery' xlink:label='loc_ProvedDevelopedAndUndevelopedReservesImprovedRecovery' xlink:type='locator' />
    <link:loc xlink:href='https://xbrl.fasb.org/srt/2021/elts/srt-2021-01-31.xsd#srt_ProvedDevelopedAndUndevelopedReservesPurchasesOfMineralsInPlace' xlink:label='loc_ProvedDevelopedAndUndevelopedReservesPurchasesOfMineralsInPlace' xlink:type='locator' />
    <link:loc xlink:href='https://xbrl.fasb.org/srt/2021/elts/srt-2021-01-31.xsd#srt_ProvedDevelopedAndUndevelopedReservesExtensionsDiscoveriesAndAdditions' xlink:label='loc_ProvedDevelopedAndUndevelopedReservesExtensionsDiscoveriesAndAdditions' xlink:type='locator' />
    <link:loc xlink:href='https://xbrl.fasb.org/srt/2021/elts/srt-2021-01-31.xsd#srt_ProvedDevelopedAndUndevelopedReservesProduction' xlink:label='loc_ProvedDevelopedAndUndevelopedReservesProduction' xlink:type='locator' />
    <link:loc xlink:href='https://xbrl.fasb.org/srt/2021/elts/srt-2021-01-31.xsd#srt_ProvedDevelopedAndUndevelopedReservesSalesOfMineralsInPlace' xlink:label='loc_ProvedDevelopedAndUndevelopedReservesSalesOfMineralsInPlace' xlink:type='locator' />
    <link:loc xlink:href='../elts/us-gaap-2021-01-31.xsd#us-gaap_ResultsOfOperationsOilAndGasProducingActivitiesNetIncomeExcludingCorporateOverheadAndInterestCosts' xlink:label='loc_ResultsOfOperationsOilAndGasProducingActivitiesNetIncomeExcludingCorporateOverheadAndInterestCosts' xlink:type='locator' />
    <link:loc xlink:href='../elts/us-gaap-2021-01-31.xsd#us-gaap_ResultsOfOperationsIncomeBeforeIncomeTaxes' xlink:label='loc_ResultsOfOperationsIncomeBeforeIncomeTaxes' xlink:type='locator' />
    <link:loc xlink:href='../elts/us-gaap-2021-01-31.xsd#us-gaap_ResultsOfOperationsRevenueFromOilAndGasProducingActivities' xlink:label='loc_ResultsOfOperationsRevenueFromOilAndGasProducingActivities' xlink:type='locator' />
    <link:loc xlink:href='../elts/us-gaap-2021-01-31.xsd#us-gaap_ResultsOfOperationsSalesRevenueToUnaffiliatedEnterprises' xlink:label='loc_ResultsOfOperationsSalesRevenueToUnaffiliatedEnterprises' xlink:type='locator' />
    <link:loc xlink:href='../elts/us-gaap-2021-01-31.xsd#us-gaap_ResultsOfOperationsSalesOrTransfersToEntitysOtherOperations' xlink:label='loc_ResultsOfOperationsSalesOrTransfersToEntitysOtherOperations' xlink:type='locator' />
    <link:loc xlink:href='../elts/us-gaap-2021-01-31.xsd#us-gaap_ResultsOfOperationsRevenueOther' xlink:label='loc_ResultsOfOperationsRevenueOther' xlink:type='locator' />
    <link:loc xlink:href='../elts/us-gaap-2021-01-31.xsd#us-gaap_ResultsOfOperationsExpenseFromOilAndGasProducingActivities' xlink:label='loc_ResultsOfOperationsExpenseFromOilAndGasProducingActivities' xlink:type='locator' />
    <link:loc xlink:href='../elts/us-gaap-2021-01-31.xsd#us-gaap_ResultsOfOperationsProductionOrLiftingCosts' xlink:label='loc_ResultsOfOperationsProductionOrLiftingCosts' xlink:type='locator' />
    <link:loc xlink:href='../elts/us-gaap-2021-01-31.xsd#us-gaap_ResultsOfOperationsExplorationExpense' xlink:label='loc_ResultsOfOperationsExplorationExpense' xlink:type='locator' />
    <link:loc xlink:href='../elts/us-gaap-2021-01-31.xsd#us-gaap_ResultsOfOperationsDryHoleCosts' xlink:label='loc_ResultsOfOperationsDryHoleCosts' xlink:type='locator' />
    <link:loc xlink:href='../elts/us-gaap-2021-01-31.xsd#us-gaap_ResultsOfOperationsTransportationCosts' xlink:label='loc_ResultsOfOperationsTransportationCosts' xlink:type='locator' />
    <link:loc xlink:href='../elts/us-gaap-2021-01-31.xsd#us-gaap_ResultsOfOperationsDepreciationDepletionAndAmortizationAndValuationProvisions' xlink:label='loc_ResultsOfOperationsDepreciationDepletionAndAmortizationAndValuationProvisions' xlink:type='locator' />
    <link:loc xlink:href='../elts/us-gaap-2021-01-31.xsd#us-gaap_ResultsOfOperationsImpairmentOfOilAndGasProperties' xlink:label='loc_ResultsOfOperationsImpairmentOfOilAndGasProperties' xlink:type='locator' />
    <link:loc xlink:href='../elts/us-gaap-2021-01-31.xsd#us-gaap_ResultsOfOperationsAccretionOfAssetRetirementObligations' xlink:label='loc_ResultsOfOperationsAccretionOfAssetRetirementObligations' xlink:type='locator' />
    <link:loc xlink:href='../elts/us-gaap-2021-01-31.xsd#us-gaap_ResultsOfOperationsGeneralAndAdministrativeRelatedToOilAndGasProducingActivities' xlink:label='loc_ResultsOfOperationsGeneralAndAdministrativeRelatedToOilAndGasProducingActivities' xlink:type='locator' />
    <link:loc xlink:href='../elts/us-gaap-2021-01-31.xsd#us-gaap_ResultsOfOperationsExpenseOther' xlink:label='loc_ResultsOfOperationsExpenseOther' xlink:type='locator' />
    <link:loc xlink:href='../elts/us-gaap-2021-01-31.xsd#us-gaap_ResultsOfOperationsIncomeTaxExpense' xlink:label='loc_ResultsOfOperationsIncomeTaxExpense' xlink:type='locator' />
    <link:loc xlink:href='https://xbrl.fasb.org/srt/2021/elts/srt-2021-01-31.xsd#srt_StandardizedMeasureOfDiscountedFutureNetCashFlowsRelatingToProvedOilAndGasReserves' xlink:label='loc_StandardizedMeasureOfDiscountedFutureNetCashFlowsRelatingToProvedOilAndGasReserves' xlink:type='locator' />
    <link:loc xlink:href='https://xbrl.fasb.org/srt/2021/elts/srt-2021-01-31.xsd#srt_FutureNetCashFlowsRelatingToProvedOilAndGasReservesNetCashFlows' xlink:label='loc_FutureNetCashFlowsRelatingToProvedOilAndGasReservesNetCashFlows' xlink:type='locator' />
    <link:loc xlink:href='https://xbrl.fasb.org/srt/2021/elts/srt-2021-01-31.xsd#srt_FutureNetCashFlowsRelatingToProvedOilAndGasReservesCashInflows' xlink:label='loc_FutureNetCashFlowsRelatingToProvedOilAndGasReservesCashInflows' xlink:type='locator' />
    <link:loc xlink:href='https://xbrl.fasb.org/srt/2021/elts/srt-2021-01-31.xsd#srt_FutureNetCashFlowsRelatingToProvedOilAndGasReservesDevelopmentCosts' xlink:label='loc_FutureNetCashFlowsRelatingToProvedOilAndGasReservesDevelopmentCosts' xlink:type='locator' />
    <link:loc xlink:href='https://xbrl.fasb.org/srt/2021/elts/srt-2021-01-31.xsd#srt_FutureNetCashFlowsRelatingToProvedOilAndGasReservesProductionCosts' xlink:label='loc_FutureNetCashFlowsRelatingToProvedOilAndGasReservesProductionCosts' xlink:type='locator' />
    <link:loc xlink:href='https://xbrl.fasb.org/srt/2021/elts/srt-2021-01-31.xsd#srt_FutureNetCashFlowsRelatingToProvedOilAndGasReservesIncomeTaxExpense' xlink:label='loc_FutureNetCashFlowsRelatingToProvedOilAndGasReservesIncomeTaxExpense' xlink:type='locator' />
    <link:loc xlink:href='https://xbrl.fasb.org/srt/2021/elts/srt-2021-01-31.xsd#srt_FutureNetCashFlowsRelatingToProvedOilAndGasReservesTenPercentAnnualDiscountForEstimatedTimingOfCashFlows' xlink:label='loc_FutureNetCashFlowsRelatingToProvedOilAndGasReservesTenPercentAnnualDiscountForEstimatedTimingOfCashFlows' xlink:type='locator' />
    <link:loc xlink:href='https://xbrl.fasb.org/srt/2021/elts/srt-2021-01-31.xsd#srt_StandardizedMeasureOfDiscountedFutureNetCashFlowOfProvedOilAndGasReservesPeriodIncreaseDecrease' xlink:label='loc_StandardizedMeasureOfDiscountedFutureNetCashFlowOfProvedOilAndGasReservesPeriodIncreaseDecrease' xlink:type='locator' />
    <link:loc xlink:href='https://xbrl.fasb.org/srt/2021/elts/srt-2021-01-31.xsd#srt_SalesAndTransfersOfOilAndGasProducedNetOfProductionCosts' xlink:label='loc_SalesAndTransfersOfOilAndGasProducedNetOfProductionCosts' xlink:type='locator' />
    <link:loc xlink:href='https://xbrl.fasb.org/srt/2021/elts/srt-2021-01-31.xsd#srt_NetIncreaseDecreaseInSalesAndTransferPricesAndProductionCosts' xlink:label='loc_NetIncreaseDecreaseInSalesAndTransferPricesAndProductionCosts' xlink:type='locator' />
    <link:loc xlink:href='https://xbrl.fasb.org/srt/2021/elts/srt-2021-01-31.xsd#srt_ExtensionsDiscoveriesAdditionsAndImprovedRecoveryLessRelatedCosts' xlink:label='loc_ExtensionsDiscoveriesAdditionsAndImprovedRecoveryLessRelatedCosts' xlink:type='locator' />
    <link:loc xlink:href='https://xbrl.fasb.org/srt/2021/elts/srt-2021-01-31.xsd#srt_PreviouslyEstimatedDevelopmentCostsIncurred' xlink:label='loc_PreviouslyEstimatedDevelopmentCostsIncurred' xlink:type='locator' />
    <link:loc xlink:href='https://xbrl.fasb.org/srt/2021/elts/srt-2021-01-31.xsd#srt_RevisionsOfPreviousQuantityEstimates' xlink:label='loc_RevisionsOfPreviousQuantityEstimates' xlink:type='locator' />
    <link:loc xlink:href='https://xbrl.fasb.org/srt/2021/elts/srt-2021-01-31.xsd#srt_StandardizedMeasureOfDiscountedFutureNetCashFlowRelatingToProvedOilAndGasReservesAccretionOfDiscount' xlink:label='loc_StandardizedMeasureOfDiscountedFutureNetCashFlowRelatingToProvedOilAndGasReservesAccretionOfDiscount' xlink:type='locator' />
    <link:loc xlink:href='https://xbrl.fasb.org/srt/2021/elts/srt-2021-01-31.xsd#srt_IncreaseDecreaseInEstimatedFutureDevelopmentCosts' xlink:label='loc_IncreaseDecreaseInEstimatedFutureDevelopmentCosts' xlink:type='locator' />
    <link:loc xlink:href='https://xbrl.fasb.org/srt/2021/elts/srt-2021-01-31.xsd#srt_IncreaseDueToPurchasesOfMineralsInPlace' xlink:label='loc_IncreaseDueToPurchasesOfMineralsInPlace' xlink:type='locator' />
    <link:loc xlink:href='https://xbrl.fasb.org/srt/2021/elts/srt-2021-01-31.xsd#srt_DecreaseDueToSalesOfMineralsInPlace' xlink:label='loc_DecreaseDueToSalesOfMineralsInPlace' xlink:type='locator' />
    <link:loc xlink:href='https://xbrl.fasb.org/srt/2021/elts/srt-2021-01-31.xsd#srt_IncreaseDecreaseInFutureIncomeTaxExpenseEstimatesOnFutureCashFlowsRelatedToProvedOilAndGasReserves' xlink:label='loc_IncreaseDecreaseInFutureIncomeTaxExpenseEstimatesOnFutureCashFlowsRelatedToProvedOilAndGasReserves' xlink:type='locator' />
    <link:loc xlink:href='https://xbrl.fasb.org/srt/2021/elts/srt-2021-01-31.xsd#srt_StandardizedMeasureOfDiscountedFutureNetCashFlowOfProvedOilAndGasReservesOther' xlink:label='loc_StandardizedMeasureOfDiscountedFutureNetCashFlowOfProvedOilAndGasReservesOther' xlink:type='locator' />
    <link:calculationArc order='10' weight='1.0' xlink:arcrole='http://www.xbrl.org/2003/arcrole/summation-item' xlink:from='loc_CapitalizedCostsOfUnprovedPropertiesExcludedFromAmortizationCumulative' xlink:to='loc_AcquisitionCostsCumulative' xlink:type='arc' />
    <link:calculationArc order='20' weight='1.0' xlink:arcrole='http://www.xbrl.org/2003/arcrole/summation-item' xlink:from='loc_CapitalizedCostsOfUnprovedPropertiesExcludedFromAmortizationCumulative' xlink:to='loc_ExplorationCostsCumulative' xlink:type='arc' />
    <link:calculationArc order='30' weight='1.0' xlink:arcrole='http://www.xbrl.org/2003/arcrole/summation-item' xlink:from='loc_CapitalizedCostsOfUnprovedPropertiesExcludedFromAmortizationCumulative' xlink:to='loc_DevelopmentCostsCumulative' xlink:type='arc' />
    <link:calculationArc order='40' weight='1.0' xlink:arcrole='http://www.xbrl.org/2003/arcrole/summation-item' xlink:from='loc_CapitalizedCostsOfUnprovedPropertiesExcludedFromAmortizationCumulative' xlink:to='loc_ProductionCostsCumulative' xlink:type='arc' />
    <link:calculationArc order='10' weight='1.0' xlink:arcrole='http://www.xbrl.org/2003/arcrole/summation-item' xlink:from='loc_CapitalizedCostsOfUnprovedPropertiesExcludedFromAmortization' xlink:to='loc_AcquisitionCosts' xlink:type='arc' />
    <link:calculationArc order='20' weight='1.0' xlink:arcrole='http://www.xbrl.org/2003/arcrole/summation-item' xlink:from='loc_CapitalizedCostsOfUnprovedPropertiesExcludedFromAmortization' xlink:to='loc_ExplorationCosts' xlink:type='arc' />
    <link:calculationArc order='30' weight='1.0' xlink:arcrole='http://www.xbrl.org/2003/arcrole/summation-item' xlink:from='loc_CapitalizedCostsOfUnprovedPropertiesExcludedFromAmortization' xlink:to='loc_DevelopmentCosts' xlink:type='arc' />
    <link:calculationArc order='40' weight='1.0' xlink:arcrole='http://www.xbrl.org/2003/arcrole/summation-item' xlink:from='loc_CapitalizedCostsOfUnprovedPropertiesExcludedFromAmortization' xlink:to='loc_ProductionCosts' xlink:type='arc' />
    <link:calculationArc order='10' weight='1.0' xlink:arcrole='http://www.xbrl.org/2003/arcrole/summation-item' xlink:from='loc_CapitalizedCostsOilAndGasProducingActivitiesNet' xlink:to='loc_CapitalizedCostsOilAndGasProducingActivitiesGross' xlink:type='arc' />
    <link:calculationArc order='10' weight='1.0' xlink:arcrole='http://www.xbrl.org/2003/arcrole/summation-item' xlink:from='loc_CapitalizedCostsOilAndGasProducingActivitiesGross' xlink:to='loc_CapitalizedCostsMineralInterestsInUnprovedProperties' xlink:type='arc' />
    <link:calculationArc order='20' weight='1.0' xlink:arcrole='http://www.xbrl.org/2003/arcrole/summation-item' xlink:from='loc_CapitalizedCostsOilAndGasProducingActivitiesGross' xlink:to='loc_CapitalizedCostsMineralInterestsInProvedProperties' xlink:type='arc' />
    <link:calculationArc order='30' weight='1.0' xlink:arcrole='http://www.xbrl.org/2003/arcrole/summation-item' xlink:from='loc_CapitalizedCostsOilAndGasProducingActivitiesGross' xlink:to='loc_CapitalizedCostsWellsAndRelatedEquipmentAndFacilities' xlink:type='arc' />
    <link:calculationArc order='40' weight='1.0' xlink:arcrole='http://www.xbrl.org/2003/arcrole/summation-item' xlink:from='loc_CapitalizedCostsOilAndGasProducingActivitiesGross' xlink:to='loc_CapitalizedCostsSupportEquipmentAndFacilities' xlink:type='arc' />
    <link:calculationArc order='50' weight='1.0' xlink:arcrole='http://www.xbrl.org/2003/arcrole/summation-item' xlink:from='loc_CapitalizedCostsOilAndGasProducingActivitiesGross' xlink:to='loc_CapitalizedCostsUncompletedWellsEquipmentAndFacilities' xlink:type='arc' />
    <link:calculationArc order='60' weight='1.0' xlink:arcrole='http://www.xbrl.org/2003/arcrole/summation-item' xlink:from='loc_CapitalizedCostsOilAndGasProducingActivitiesGross' xlink:to='loc_CapitalizedCostsUnprovedProperties' xlink:type='arc' />
    <link:calculationArc order='70' weight='1.0' xlink:arcrole='http://www.xbrl.org/2003/arcrole/summation-item' xlink:from='loc_CapitalizedCostsOilAndGasProducingActivitiesGross' xlink:to='loc_CapitalizedCostsProvedProperties' xlink:type='arc' />
    <link:calculationArc order='80' weight='1.0' xlink:arcrole='http://www.xbrl.org/2003/arcrole/summation-item' xlink:from='loc_CapitalizedCostsOilAndGasProducingActivitiesGross' xlink:to='loc_CapitalizedCostsAssetRetirementCosts' xlink:type='arc' />
    <link:calculationArc order='20' weight='-1.0' xlink:arcrole='http://www.xbrl.org/2003/arcrole/summation-item' xlink:from='loc_CapitalizedCostsOilAndGasProducingActivitiesNet' xlink:to='loc_CapitalizedCostsAccumulatedDepreciationDepletionAmortizationAndValuationAllowanceForRelatingToOilAndGasProducingActivities' xlink:type='arc' />
    <link:calculationArc order='10' weight='1.0' xlink:arcrole='http://www.xbrl.org/2003/arcrole/summation-item' xlink:from='loc_CapitalizedExploratoryWellCostPeriodIncreaseDecrease' xlink:to='loc_CapitalizedExploratoryWellCostAdditionsPendingDeterminationOfProvedReserves' xlink:type='arc' />
    <link:calculationArc order='20' weight='-1.0' xlink:arcrole='http://www.xbrl.org/2003/arcrole/summation-item' xlink:from='loc_CapitalizedExploratoryWellCostPeriodIncreaseDecrease' xlink:to='loc_ReclassificationToWellFacilitiesAndEquipmentBasedOnDeterminationOfProvedReserves' xlink:type='arc' />
    <link:calculationArc order='30' weight='-1.0' xlink:arcrole='http://www.xbrl.org/2003/arcrole/summation-item' xlink:from='loc_CapitalizedExploratoryWellCostPeriodIncreaseDecrease' xlink:to='loc_CapitalizedExploratoryWellCostChargedToExpense1' xlink:type='arc' />
    <link:calculationArc order='10' weight='1.0' xlink:arcrole='http://www.xbrl.org/2003/arcrole/summation-item' xlink:from='loc_CapitalizedExploratoryWellCosts' xlink:to='loc_CapitalizedExploratoryWellCostsThatHaveBeenCapitalizedForPeriodOfOneYearOrLess' xlink:type='arc' />
    <link:calculationArc order='20' weight='1.0' xlink:arcrole='http://www.xbrl.org/2003/arcrole/summation-item' xlink:from='loc_CapitalizedExploratoryWellCosts' xlink:to='loc_CapitalizedExploratoryWellCostsThatHaveBeenCapitalizedForPeriodGreaterThanOneYear' xlink:type='arc' />
    <link:calculationArc order='10' weight='1.0' xlink:arcrole='http://www.xbrl.org/2003/arcrole/summation-item' xlink:from='loc_CostsIncurredOilAndGasPropertyAcquisitionExplorationAndDevelopmentActivities' xlink:to='loc_CostsIncurredAcquisitionOfOilAndGasProperties' xlink:type='arc' />
    <link:calculationArc order='10' weight='1.0' xlink:arcrole='http://www.xbrl.org/2003/arcrole/summation-item' xlink:from='loc_CostsIncurredAcquisitionOfOilAndGasProperties' xlink:to='loc_CostsIncurredAcquisitionOfUnprovedOilAndGasProperties' xlink:type='arc' />
    <link:calculationArc order='20' weight='1.0' xlink:arcrole='http://www.xbrl.org/2003/arcrole/summation-item' xlink:from='loc_CostsIncurredAcquisitionOfOilAndGasProperties' xlink:to='loc_CostsIncurredAcquisitionOfOilAndGasPropertiesWithProvedReserves' xlink:type='arc' />
    <link:calculationArc order='20' weight='1.0' xlink:arcrole='http://www.xbrl.org/2003/arcrole/summation-item' xlink:from='loc_CostsIncurredOilAndGasPropertyAcquisitionExplorationAndDevelopmentActivities' xlink:to='loc_CostsIncurredExplorationCosts' xlink:type='arc' />
    <link:calculationArc order='30' weight='1.0' xlink:arcrole='http://www.xbrl.org/2003/arcrole/summation-item' xlink:from='loc_CostsIncurredOilAndGasPropertyAcquisitionExplorationAndDevelopmentActivities' xlink:to='loc_CostsIncurredDevelopmentCosts' xlink:type='arc' />
    <link:calculationArc order='10' weight='1.0' xlink:arcrole='http://www.xbrl.org/2003/arcrole/summation-item' xlink:from='loc_MineralPropertiesNet' xlink:to='loc_MineralPropertiesGross' xlink:type='arc' />
    <link:calculationArc order='20' weight='1.0' xlink:arcrole='http://www.xbrl.org/2003/arcrole/summation-item' xlink:from='loc_MineralPropertiesNet' xlink:to='loc_MineralRights' xlink:type='arc' />
    <link:calculationArc order='30' weight='-1.0' xlink:arcrole='http://www.xbrl.org/2003/arcrole/summation-item' xlink:from='loc_MineralPropertiesNet' xlink:to='loc_MineralPropertiesAccumulatedDepletion' xlink:type='arc' />
    <link:calculationArc order='40' weight='-1.0' xlink:arcrole='http://www.xbrl.org/2003/arcrole/summation-item' xlink:from='loc_MineralPropertiesNet' xlink:to='loc_MineralPropertiesAccumulatedImpairment' xlink:type='arc' />
    <link:calculationArc order='10' weight='1.0' xlink:arcrole='http://www.xbrl.org/2003/arcrole/summation-item' xlink:from='loc_ProvedDevelopedAndUndevelopedReserveNetEnergyPeriodIncreaseDecrease' xlink:to='loc_ProvedDevelopedAndUndevelopedReserveRevisionOfPreviousEstimateEnergy' xlink:type='arc' />
    <link:calculationArc order='20' weight='1.0' xlink:arcrole='http://www.xbrl.org/2003/arcrole/summation-item' xlink:from='loc_ProvedDevelopedAndUndevelopedReserveNetEnergyPeriodIncreaseDecrease' xlink:to='loc_ProvedDevelopedAndUndevelopedReserveImprovedRecoveryEnergy' xlink:type='arc' />
    <link:calculationArc order='30' weight='1.0' xlink:arcrole='http://www.xbrl.org/2003/arcrole/summation-item' xlink:from='loc_ProvedDevelopedAndUndevelopedReserveNetEnergyPeriodIncreaseDecrease' xlink:to='loc_ProvedDevelopedAndUndevelopedReservePurchaseOfMineralInPlaceEnergy' xlink:type='arc' />
    <link:calculationArc order='40' weight='1.0' xlink:arcrole='http://www.xbrl.org/2003/arcrole/summation-item' xlink:from='loc_ProvedDevelopedAndUndevelopedReserveNetEnergyPeriodIncreaseDecrease' xlink:to='loc_ProvedDevelopedAndUndevelopedReserveExtensionAndDiscoveryEnergy' xlink:type='arc' />
    <link:calculationArc order='50' weight='-1.0' xlink:arcrole='http://www.xbrl.org/2003/arcrole/summation-item' xlink:from='loc_ProvedDevelopedAndUndevelopedReserveNetEnergyPeriodIncreaseDecrease' xlink:to='loc_ProvedDevelopedAndUndevelopedReserveProductionEnergy' xlink:type='arc' />
    <link:calculationArc order='60' weight='-1.0' xlink:arcrole='http://www.xbrl.org/2003/arcrole/summation-item' xlink:from='loc_ProvedDevelopedAndUndevelopedReserveNetEnergyPeriodIncreaseDecrease' xlink:to='loc_ProvedDevelopedAndUndevelopedReservesSaleOfMineralInPlaceEnergy' xlink:type='arc' />
    <link:calculationArc order='10' weight='1.0' xlink:arcrole='http://www.xbrl.org/2003/arcrole/summation-item' xlink:from='loc_ProvedDevelopedAndUndevelopedReservesNetPeriodIncreaseDecrease' xlink:to='loc_ProvedDevelopedAndUndevelopedReservesRevisionsOfPreviousEstimatesIncreaseDecrease' xlink:type='arc' />
    <link:calculationArc order='20' weight='1.0' xlink:arcrole='http://www.xbrl.org/2003/arcrole/summation-item' xlink:from='loc_ProvedDevelopedAndUndevelopedReservesNetPeriodIncreaseDecrease' xlink:to='loc_ProvedDevelopedAndUndevelopedReservesImprovedRecovery' xlink:type='arc' />
    <link:calculationArc order='30' weight='1.0' xlink:arcrole='http://www.xbrl.org/2003/arcrole/summation-item' xlink:from='loc_ProvedDevelopedAndUndevelopedReservesNetPeriodIncreaseDecrease' xlink:to='loc_ProvedDevelopedAndUndevelopedReservesPurchasesOfMineralsInPlace' xlink:type='arc' />
    <link:calculationArc order='40' weight='1.0' xlink:arcrole='http://www.xbrl.org/2003/arcrole/summation-item' xlink:from='loc_ProvedDevelopedAndUndevelopedReservesNetPeriodIncreaseDecrease' xlink:to='loc_ProvedDevelopedAndUndevelopedReservesExtensionsDiscoveriesAndAdditions' xlink:type='arc' />
    <link:calculationArc order='50' weight='-1.0' xlink:arcrole='http://www.xbrl.org/2003/arcrole/summation-item' xlink:from='loc_ProvedDevelopedAndUndevelopedReservesNetPeriodIncreaseDecrease' xlink:to='loc_ProvedDevelopedAndUndevelopedReservesProduction' xlink:type='arc' />
    <link:calculationArc order='60' weight='-1.0' xlink:arcrole='http://www.xbrl.org/2003/arcrole/summation-item' xlink:from='loc_ProvedDevelopedAndUndevelopedReservesNetPeriodIncreaseDecrease' xlink:to='loc_ProvedDevelopedAndUndevelopedReservesSalesOfMineralsInPlace' xlink:type='arc' />
    <link:calculationArc order='10' weight='1.0' xlink:arcrole='http://www.xbrl.org/2003/arcrole/summation-item' xlink:from='loc_ResultsOfOperationsOilAndGasProducingActivitiesNetIncomeExcludingCorporateOverheadAndInterestCosts' xlink:to='loc_ResultsOfOperationsIncomeBeforeIncomeTaxes' xlink:type='arc' />
    <link:calculationArc order='10' weight='1.0' xlink:arcrole='http://www.xbrl.org/2003/arcrole/summation-item' xlink:from='loc_ResultsOfOperationsIncomeBeforeIncomeTaxes' xlink:to='loc_ResultsOfOperationsRevenueFromOilAndGasProducingActivities' xlink:type='arc' />
    <link:calculationArc order='10' weight='1.0' xlink:arcrole='http://www.xbrl.org/2003/arcrole/summation-item' xlink:from='loc_ResultsOfOperationsRevenueFromOilAndGasProducingActivities' xlink:to='loc_ResultsOfOperationsSalesRevenueToUnaffiliatedEnterprises' xlink:type='arc' />
    <link:calculationArc order='20' weight='1.0' xlink:arcrole='http://www.xbrl.org/2003/arcrole/summation-item' xlink:from='loc_ResultsOfOperationsRevenueFromOilAndGasProducingActivities' xlink:to='loc_ResultsOfOperationsSalesOrTransfersToEntitysOtherOperations' xlink:type='arc' />
    <link:calculationArc order='30' weight='1.0' xlink:arcrole='http://www.xbrl.org/2003/arcrole/summation-item' xlink:from='loc_ResultsOfOperationsRevenueFromOilAndGasProducingActivities' xlink:to='loc_ResultsOfOperationsRevenueOther' xlink:type='arc' />
    <link:calculationArc order='20' weight='-1.0' xlink:arcrole='http://www.xbrl.org/2003/arcrole/summation-item' xlink:from='loc_ResultsOfOperationsIncomeBeforeIncomeTaxes' xlink:to='loc_ResultsOfOperationsExpenseFromOilAndGasProducingActivities' xlink:type='arc' />
    <link:calculationArc order='10' weight='1.0' xlink:arcrole='http://www.xbrl.org/2003/arcrole/summation-item' xlink:from='loc_ResultsOfOperationsExpenseFromOilAndGasProducingActivities' xlink:to='loc_ResultsOfOperationsProductionOrLiftingCosts' xlink:type='arc' />
    <link:calculationArc order='20' weight='1.0' xlink:arcrole='http://www.xbrl.org/2003/arcrole/summation-item' xlink:from='loc_ResultsOfOperationsExpenseFromOilAndGasProducingActivities' xlink:to='loc_ResultsOfOperationsExplorationExpense' xlink:type='arc' />
    <link:calculationArc order='30' weight='1.0' xlink:arcrole='http://www.xbrl.org/2003/arcrole/summation-item' xlink:from='loc_ResultsOfOperationsExpenseFromOilAndGasProducingActivities' xlink:to='loc_ResultsOfOperationsDryHoleCosts' xlink:type='arc' />
    <link:calculationArc order='40' weight='1.0' xlink:arcrole='http://www.xbrl.org/2003/arcrole/summation-item' xlink:from='loc_ResultsOfOperationsExpenseFromOilAndGasProducingActivities' xlink:to='loc_ResultsOfOperationsTransportationCosts' xlink:type='arc' />
    <link:calculationArc order='50' weight='1.0' xlink:arcrole='http://www.xbrl.org/2003/arcrole/summation-item' xlink:from='loc_ResultsOfOperationsExpenseFromOilAndGasProducingActivities' xlink:to='loc_ResultsOfOperationsDepreciationDepletionAndAmortizationAndValuationProvisions' xlink:type='arc' />
    <link:calculationArc order='60' weight='1.0' xlink:arcrole='http://www.xbrl.org/2003/arcrole/summation-item' xlink:from='loc_ResultsOfOperationsExpenseFromOilAndGasProducingActivities' xlink:to='loc_ResultsOfOperationsImpairmentOfOilAndGasProperties' xlink:type='arc' />
    <link:calculationArc order='70' weight='1.0' xlink:arcrole='http://www.xbrl.org/2003/arcrole/summation-item' xlink:from='loc_ResultsOfOperationsExpenseFromOilAndGasProducingActivities' xlink:to='loc_ResultsOfOperationsAccretionOfAssetRetirementObligations' xlink:type='arc' />
    <link:calculationArc order='80' weight='1.0' xlink:arcrole='http://www.xbrl.org/2003/arcrole/summation-item' xlink:from='loc_ResultsOfOperationsExpenseFromOilAndGasProducingActivities' xlink:to='loc_ResultsOfOperationsGeneralAndAdministrativeRelatedToOilAndGasProducingActivities' xlink:type='arc' />
    <link:calculationArc order='90' weight='1.0' xlink:arcrole='http://www.xbrl.org/2003/arcrole/summation-item' xlink:from='loc_ResultsOfOperationsExpenseFromOilAndGasProducingActivities' xlink:to='loc_ResultsOfOperationsExpenseOther' xlink:type='arc' />
    <link:calculationArc order='20' weight='-1.0' xlink:arcrole='http://www.xbrl.org/2003/arcrole/summation-item' xlink:from='loc_ResultsOfOperationsOilAndGasProducingActivitiesNetIncomeExcludingCorporateOverheadAndInterestCosts' xlink:to='loc_ResultsOfOperationsIncomeTaxExpense' xlink:type='arc' />
    <link:calculationArc order='10' weight='1.0' xlink:arcrole='http://www.xbrl.org/2003/arcrole/summation-item' xlink:from='loc_StandardizedMeasureOfDiscountedFutureNetCashFlowsRelatingToProvedOilAndGasReserves' xlink:to='loc_FutureNetCashFlowsRelatingToProvedOilAndGasReservesNetCashFlows' xlink:type='arc' />
    <link:calculationArc order='10' weight='1.0' xlink:arcrole='http://www.xbrl.org/2003/arcrole/summation-item' xlink:from='loc_FutureNetCashFlowsRelatingToProvedOilAndGasReservesNetCashFlows' xlink:to='loc_FutureNetCashFlowsRelatingToProvedOilAndGasReservesCashInflows' xlink:type='arc' />
    <link:calculationArc order='20' weight='-1.0' xlink:arcrole='http://www.xbrl.org/2003/arcrole/summation-item' xlink:from='loc_FutureNetCashFlowsRelatingToProvedOilAndGasReservesNetCashFlows' xlink:to='loc_FutureNetCashFlowsRelatingToProvedOilAndGasReservesDevelopmentCosts' xlink:type='arc' />
    <link:calculationArc order='30' weight='-1.0' xlink:arcrole='http://www.xbrl.org/2003/arcrole/summation-item' xlink:from='loc_FutureNetCashFlowsRelatingToProvedOilAndGasReservesNetCashFlows' xlink:to='loc_FutureNetCashFlowsRelatingToProvedOilAndGasReservesProductionCosts' xlink:type='arc' />
    <link:calculationArc order='40' weight='-1.0' xlink:arcrole='http://www.xbrl.org/2003/arcrole/summation-item' xlink:from='loc_FutureNetCashFlowsRelatingToProvedOilAndGasReservesNetCashFlows' xlink:to='loc_FutureNetCashFlowsRelatingToProvedOilAndGasReservesIncomeTaxExpense' xlink:type='arc' />
    <link:calculationArc order='20' weight='-1.0' xlink:arcrole='http://www.xbrl.org/2003/arcrole/summation-item' xlink:from='loc_StandardizedMeasureOfDiscountedFutureNetCashFlowsRelatingToProvedOilAndGasReserves' xlink:to='loc_FutureNetCashFlowsRelatingToProvedOilAndGasReservesTenPercentAnnualDiscountForEstimatedTimingOfCashFlows' xlink:type='arc' />
    <link:calculationArc order='10' weight='-1.0' xlink:arcrole='http://www.xbrl.org/2003/arcrole/summation-item' xlink:from='loc_StandardizedMeasureOfDiscountedFutureNetCashFlowOfProvedOilAndGasReservesPeriodIncreaseDecrease' xlink:to='loc_SalesAndTransfersOfOilAndGasProducedNetOfProductionCosts' xlink:type='arc' />
    <link:calculationArc order='20' weight='1.0' xlink:arcrole='http://www.xbrl.org/2003/arcrole/summation-item' xlink:from='loc_StandardizedMeasureOfDiscountedFutureNetCashFlowOfProvedOilAndGasReservesPeriodIncreaseDecrease' xlink:to='loc_NetIncreaseDecreaseInSalesAndTransferPricesAndProductionCosts' xlink:type='arc' />
    <link:calculationArc order='30' weight='1.0' xlink:arcrole='http://www.xbrl.org/2003/arcrole/summation-item' xlink:from='loc_StandardizedMeasureOfDiscountedFutureNetCashFlowOfProvedOilAndGasReservesPeriodIncreaseDecrease' xlink:to='loc_ExtensionsDiscoveriesAdditionsAndImprovedRecoveryLessRelatedCosts' xlink:type='arc' />
    <link:calculationArc order='40' weight='1.0' xlink:arcrole='http://www.xbrl.org/2003/arcrole/summation-item' xlink:from='loc_StandardizedMeasureOfDiscountedFutureNetCashFlowOfProvedOilAndGasReservesPeriodIncreaseDecrease' xlink:to='loc_PreviouslyEstimatedDevelopmentCostsIncurred' xlink:type='arc' />
    <link:calculationArc order='50' weight='1.0' xlink:arcrole='http://www.xbrl.org/2003/arcrole/summation-item' xlink:from='loc_StandardizedMeasureOfDiscountedFutureNetCashFlowOfProvedOilAndGasReservesPeriodIncreaseDecrease' xlink:to='loc_RevisionsOfPreviousQuantityEstimates' xlink:type='arc' />
    <link:calculationArc order='60' weight='1.0' xlink:arcrole='http://www.xbrl.org/2003/arcrole/summation-item' xlink:from='loc_StandardizedMeasureOfDiscountedFutureNetCashFlowOfProvedOilAndGasReservesPeriodIncreaseDecrease' xlink:to='loc_StandardizedMeasureOfDiscountedFutureNetCashFlowRelatingToProvedOilAndGasReservesAccretionOfDiscount' xlink:type='arc' />
    <link:calculationArc order='70' weight='1.0' xlink:arcrole='http://www.xbrl.org/2003/arcrole/summation-item' xlink:from='loc_StandardizedMeasureOfDiscountedFutureNetCashFlowOfProvedOilAndGasReservesPeriodIncreaseDecrease' xlink:to='loc_IncreaseDecreaseInEstimatedFutureDevelopmentCosts' xlink:type='arc' />
    <link:calculationArc order='80' weight='1.0' xlink:arcrole='http://www.xbrl.org/2003/arcrole/summation-item' xlink:from='loc_StandardizedMeasureOfDiscountedFutureNetCashFlowOfProvedOilAndGasReservesPeriodIncreaseDecrease' xlink:to='loc_IncreaseDueToPurchasesOfMineralsInPlace' xlink:type='arc' />
    <link:calculationArc order='90' weight='-1.0' xlink:arcrole='http://www.xbrl.org/2003/arcrole/summation-item' xlink:from='loc_StandardizedMeasureOfDiscountedFutureNetCashFlowOfProvedOilAndGasReservesPeriodIncreaseDecrease' xlink:to='loc_DecreaseDueToSalesOfMineralsInPlace' xlink:type='arc' />
    <link:calculationArc order='100' weight='1.0' xlink:arcrole='http://www.xbrl.org/2003/arcrole/summation-item' xlink:from='loc_StandardizedMeasureOfDiscountedFutureNetCashFlowOfProvedOilAndGasReservesPeriodIncreaseDecrease' xlink:to='loc_IncreaseDecreaseInFutureIncomeTaxExpenseEstimatesOnFutureCashFlowsRelatedToProvedOilAndGasReserves' xlink:type='arc' />
    <link:calculationArc order='110' weight='1.0' xlink:arcrole='http://www.xbrl.org/2003/arcrole/summation-item' xlink:from='loc_StandardizedMeasureOfDiscountedFutureNetCashFlowOfProvedOilAndGasReservesPeriodIncreaseDecrease' xlink:to='loc_StandardizedMeasureOfDiscountedFutureNetCashFlowOfProvedOilAndGasReservesOther' xlink:type='arc' />
  </link:calculationLink>
</link:linkbase>
