<?xml version='1.0' encoding='UTF-8'?>

<!--
(c) 2010-2021 Financial Accounting Foundation; (c) 2007-2010 XBRL US, Inc.  All Rights Reserved.
Notice: Authorized Uses are Set Forth at https://xbrl.fasb.org/terms/TaxonomiesTermsConditions.html
  -->
<link:linkbase xmlns:link='http://www.xbrl.org/2003/linkbase' xmlns:xbrldt='http://xbrl.org/2005/xbrldt' xmlns:xlink='http://www.w3.org/1999/xlink' xmlns:xsi='http://www.w3.org/2001/XMLSchema-instance' xsi:schemaLocation='http://www.xbrl.org/2003/linkbase http://www.xbrl.org/2003/xbrl-linkbase-2003-12-31.xsd'>
  <link:roleRef roleURI='http://fasb.org/us-gaap/role/disclosure/BalanceSheetOffsetting1' xlink:href='../elts/us-roles-2021-01-31.xsd#bsoff1' xlink:type='simple' />
  <link:calculationLink xlink:role='http://fasb.org/us-gaap/role/disclosure/BalanceSheetOffsetting1' xlink:type='extended'>
    <link:loc xlink:href='../elts/us-gaap-2021-01-31.xsd#us-gaap_DerivativeAssetFairValueGrossAssetIncludingNotSubjectToMasterNettingArrangement' xlink:label='loc_DerivativeAssetFairValueGrossAssetIncludingNotSubjectToMasterNettingArrangement' xlink:type='locator' />
    <link:loc xlink:href='../elts/us-gaap-2021-01-31.xsd#us-gaap_DerivativeFairValueOfDerivativeAsset' xlink:label='loc_DerivativeFairValueOfDerivativeAsset' xlink:type='locator' />
    <link:loc xlink:href='../elts/us-gaap-2021-01-31.xsd#us-gaap_DerivativeAssetNotSubjectToMasterNettingArrangement' xlink:label='loc_DerivativeAssetNotSubjectToMasterNettingArrangement' xlink:type='locator' />
    <link:loc xlink:href='../elts/us-gaap-2021-01-31.xsd#us-gaap_DerivativeAssetFairValueGrossLiabilityAndObligationToReturnCashOffset' xlink:label='loc_DerivativeAssetFairValueGrossLiabilityAndObligationToReturnCashOffset' xlink:type='locator' />
    <link:loc xlink:href='../elts/us-gaap-2021-01-31.xsd#us-gaap_DerivativeAssetFairValueGrossLiability' xlink:label='loc_DerivativeAssetFairValueGrossLiability' xlink:type='locator' />
    <link:loc xlink:href='../elts/us-gaap-2021-01-31.xsd#us-gaap_DerivativeAssetCollateralObligationToReturnCashOffset' xlink:label='loc_DerivativeAssetCollateralObligationToReturnCashOffset' xlink:type='locator' />
    <link:loc xlink:href='../elts/us-gaap-2021-01-31.xsd#us-gaap_DerivativeAssetSecuritiesPurchasedUnderAgreementsToResellSecuritiesBorrowedGrossIncludingNotSubjectToMasterNettingArrangement' xlink:label='loc_DerivativeAssetSecuritiesPurchasedUnderAgreementsToResellSecuritiesBorrowedGrossIncludingNotSubjectToMasterNettingArrangement' xlink:type='locator' />
    <link:loc xlink:href='../elts/us-gaap-2021-01-31.xsd#us-gaap_DerivativeAssetSecuritiesPurchasedUnderAgreementsToResellSecuritiesBorrowedGross' xlink:label='loc_DerivativeAssetSecuritiesPurchasedUnderAgreementsToResellSecuritiesBorrowedGross' xlink:type='locator' />
    <link:loc xlink:href='../elts/us-gaap-2021-01-31.xsd#us-gaap_DerivativeAssetSecuritiesPurchasedUnderAgreementsToResellSecuritiesBorrowedNotSubjectToMasterNettingArrangement' xlink:label='loc_DerivativeAssetSecuritiesPurchasedUnderAgreementsToResellSecuritiesBorrowedNotSubjectToMasterNettingArrangement' xlink:type='locator' />
    <link:loc xlink:href='../elts/us-gaap-2021-01-31.xsd#us-gaap_DerivativeAssetSecuritiesPurchasedUnderAgreementsToResellSecuritiesBorrowedOffsetAgainstCollateralNetOfNotSubjectToMasterNettingArrangementPolicyElection' xlink:label='loc_DerivativeAssetSecuritiesPurchasedUnderAgreementsToResellSecuritiesBorrowedOffsetAgainstCollateralNetOfNotSubjectToMasterNettingArrangementPolicyElection' xlink:type='locator' />
    <link:loc xlink:href='../elts/us-gaap-2021-01-31.xsd#us-gaap_DerivativeAssetSecuritiesPurchasedUnderAgreementsToResellSecuritiesBorrowedNotSubjectToMasterNettingArrangementDeduction' xlink:label='loc_DerivativeAssetSecuritiesPurchasedUnderAgreementsToResellSecuritiesBorrowedNotSubjectToMasterNettingArrangementDeduction' xlink:type='locator' />
    <link:loc xlink:href='../elts/us-gaap-2021-01-31.xsd#us-gaap_DerivativeAssetSecuritiesPurchasedUnderAgreementsToResellSecuritiesBorrowedAmountOffsetAgainstCollateral' xlink:label='loc_DerivativeAssetSecuritiesPurchasedUnderAgreementsToResellSecuritiesBorrowedAmountOffsetAgainstCollateral' xlink:type='locator' />
    <link:loc xlink:href='../elts/us-gaap-2021-01-31.xsd#us-gaap_DerivativeAssetSecuritiesPurchasedUnderAgreementsToResellSecuritiesBorrowedCollateralObligationToReturnSecurities' xlink:label='loc_DerivativeAssetSecuritiesPurchasedUnderAgreementsToResellSecuritiesBorrowedCollateralObligationToReturnSecurities' xlink:type='locator' />
    <link:loc xlink:href='../elts/us-gaap-2021-01-31.xsd#us-gaap_DerivativeAssetSecuritiesPurchasedUnderAgreementsToResellSecuritiesBorrowedCollateralObligationToReturnCash' xlink:label='loc_DerivativeAssetSecuritiesPurchasedUnderAgreementsToResellSecuritiesBorrowedCollateralObligationToReturnCash' xlink:type='locator' />
    <link:loc xlink:href='../elts/us-gaap-2021-01-31.xsd#us-gaap_DerivativeAssetSecuritiesPurchasedUnderAgreementsToResellSecuritiesBorrowed' xlink:label='loc_DerivativeAssetSecuritiesPurchasedUnderAgreementsToResellSecuritiesBorrowed' xlink:type='locator' />
    <link:loc xlink:href='../elts/us-gaap-2021-01-31.xsd#us-gaap_DerivativeAssetSecuritiesPurchasedUnderAgreementsToResellSecuritiesBorrowedLiability' xlink:label='loc_DerivativeAssetSecuritiesPurchasedUnderAgreementsToResellSecuritiesBorrowedLiability' xlink:type='locator' />
    <link:loc xlink:href='../elts/us-gaap-2021-01-31.xsd#us-gaap_DerivativeAssetSecuritiesPurchasedUnderAgreementsToResellSecuritiesBorrowedNotOffsetPolicyElectionDeduction' xlink:label='loc_DerivativeAssetSecuritiesPurchasedUnderAgreementsToResellSecuritiesBorrowedNotOffsetPolicyElectionDeduction' xlink:type='locator' />
    <link:loc xlink:href='../elts/us-gaap-2021-01-31.xsd#us-gaap_DerivativeLiabilityFairValueGrossAssetAndRightToReclaimCashOffset' xlink:label='loc_DerivativeLiabilityFairValueGrossAssetAndRightToReclaimCashOffset' xlink:type='locator' />
    <link:loc xlink:href='../elts/us-gaap-2021-01-31.xsd#us-gaap_DerivativeLiabilityFairValueGrossAsset' xlink:label='loc_DerivativeLiabilityFairValueGrossAsset' xlink:type='locator' />
    <link:loc xlink:href='../elts/us-gaap-2021-01-31.xsd#us-gaap_DerivativeLiabilityCollateralRightToReclaimCashOffset' xlink:label='loc_DerivativeLiabilityCollateralRightToReclaimCashOffset' xlink:type='locator' />
    <link:loc xlink:href='../elts/us-gaap-2021-01-31.xsd#us-gaap_DerivativeLiabilityFairValueGrossLiabilityIncludingNotSubjectToMasterNettingArrangement' xlink:label='loc_DerivativeLiabilityFairValueGrossLiabilityIncludingNotSubjectToMasterNettingArrangement' xlink:type='locator' />
    <link:loc xlink:href='../elts/us-gaap-2021-01-31.xsd#us-gaap_DerivativeFairValueOfDerivativeLiability' xlink:label='loc_DerivativeFairValueOfDerivativeLiability' xlink:type='locator' />
    <link:loc xlink:href='../elts/us-gaap-2021-01-31.xsd#us-gaap_DerivativeLiabilityNotSubjectToMasterNettingArrangement' xlink:label='loc_DerivativeLiabilityNotSubjectToMasterNettingArrangement' xlink:type='locator' />
    <link:loc xlink:href='../elts/us-gaap-2021-01-31.xsd#us-gaap_DerivativeLiabilitySecuritiesSoldUnderAgreementsToResellSecuritiesLoanedGrossIncludingNotSubjectToMasterNettingArrangement' xlink:label='loc_DerivativeLiabilitySecuritiesSoldUnderAgreementsToResellSecuritiesLoanedGrossIncludingNotSubjectToMasterNettingArrangement' xlink:type='locator' />
    <link:loc xlink:href='../elts/us-gaap-2021-01-31.xsd#us-gaap_DerivativeLiabilitySecuritiesSoldUnderAgreementsToResellSecuritiesLoanedGross' xlink:label='loc_DerivativeLiabilitySecuritiesSoldUnderAgreementsToResellSecuritiesLoanedGross' xlink:type='locator' />
    <link:loc xlink:href='../elts/us-gaap-2021-01-31.xsd#us-gaap_DerivativeLiabilitySecuritiesSoldUnderAgreementsToResellSecuritiesLoanedNotSubjectToMasterNettingArrangement' xlink:label='loc_DerivativeLiabilitySecuritiesSoldUnderAgreementsToResellSecuritiesLoanedNotSubjectToMasterNettingArrangement' xlink:type='locator' />
    <link:loc xlink:href='../elts/us-gaap-2021-01-31.xsd#us-gaap_DerivativeLiabilitySecuritiesSoldUnderAgreementsToResellSecuritiesLoanedOffsetAgainstCollateralNetOfNotSubjectToMasterNettingArrangementPolicyElection' xlink:label='loc_DerivativeLiabilitySecuritiesSoldUnderAgreementsToResellSecuritiesLoanedOffsetAgainstCollateralNetOfNotSubjectToMasterNettingArrangementPolicyElection' xlink:type='locator' />
    <link:loc xlink:href='../elts/us-gaap-2021-01-31.xsd#us-gaap_DerivativeLiabilitySecuritiesSoldUnderAgreementsToResellSecuritiesLoanedNotSubjectToMasterNettingArrangementDeduction' xlink:label='loc_DerivativeLiabilitySecuritiesSoldUnderAgreementsToResellSecuritiesLoanedNotSubjectToMasterNettingArrangementDeduction' xlink:type='locator' />
    <link:loc xlink:href='../elts/us-gaap-2021-01-31.xsd#us-gaap_DerivativeLiabilitySecuritiesSoldUnderAgreementsToResellSecuritiesLoanedAmountOffsetAgainstCollateral' xlink:label='loc_DerivativeLiabilitySecuritiesSoldUnderAgreementsToResellSecuritiesLoanedAmountOffsetAgainstCollateral' xlink:type='locator' />
    <link:loc xlink:href='../elts/us-gaap-2021-01-31.xsd#us-gaap_DerivativeLiabilitySecuritiesSoldUnderAgreementsToResellSecuritiesLoanedCollateralRightToReclaimSecurities' xlink:label='loc_DerivativeLiabilitySecuritiesSoldUnderAgreementsToResellSecuritiesLoanedCollateralRightToReclaimSecurities' xlink:type='locator' />
    <link:loc xlink:href='../elts/us-gaap-2021-01-31.xsd#us-gaap_DerivativeLiabilitySecuritiesSoldUnderAgreementsToResellSecuritiesLoanedCollateralRightToReclaimCash' xlink:label='loc_DerivativeLiabilitySecuritiesSoldUnderAgreementsToResellSecuritiesLoanedCollateralRightToReclaimCash' xlink:type='locator' />
    <link:loc xlink:href='../elts/us-gaap-2021-01-31.xsd#us-gaap_DerivativeLiabilitySecuritiesSoldUnderAgreementsToResellSecuritiesLoaned' xlink:label='loc_DerivativeLiabilitySecuritiesSoldUnderAgreementsToResellSecuritiesLoaned' xlink:type='locator' />
    <link:loc xlink:href='../elts/us-gaap-2021-01-31.xsd#us-gaap_DerivativeLiabilitySecuritiesSoldUnderAgreementsToResellSecuritiesLoanedAsset' xlink:label='loc_DerivativeLiabilitySecuritiesSoldUnderAgreementsToResellSecuritiesLoanedAsset' xlink:type='locator' />
    <link:loc xlink:href='../elts/us-gaap-2021-01-31.xsd#us-gaap_DerivativeLiabilitySecuritiesSoldUnderAgreementsToResellSecuritiesLoanedNotOffsetPolicyElectionDeduction' xlink:label='loc_DerivativeLiabilitySecuritiesSoldUnderAgreementsToResellSecuritiesLoanedNotOffsetPolicyElectionDeduction' xlink:type='locator' />
    <link:loc xlink:href='../elts/us-gaap-2021-01-31.xsd#us-gaap_SecuritiesBorrowedGrossIncludingNotSubjectToMasterNettingArrangement' xlink:label='loc_SecuritiesBorrowedGrossIncludingNotSubjectToMasterNettingArrangement' xlink:type='locator' />
    <link:loc xlink:href='../elts/us-gaap-2021-01-31.xsd#us-gaap_SecuritiesBorrowedGross' xlink:label='loc_SecuritiesBorrowedGross' xlink:type='locator' />
    <link:loc xlink:href='../elts/us-gaap-2021-01-31.xsd#us-gaap_SecuritiesBorrowedNotSubjectToMasterNettingArrangement' xlink:label='loc_SecuritiesBorrowedNotSubjectToMasterNettingArrangement' xlink:type='locator' />
    <link:loc xlink:href='../elts/us-gaap-2021-01-31.xsd#us-gaap_SecuritiesLoanedAndSecuritiesSoldUnderAgreementToRepurchaseGrossIncludingNotSubjectToMasterNettingArrangement' xlink:label='loc_SecuritiesLoanedAndSecuritiesSoldUnderAgreementToRepurchaseGrossIncludingNotSubjectToMasterNettingArrangement' xlink:type='locator' />
    <link:loc xlink:href='../elts/us-gaap-2021-01-31.xsd#us-gaap_SecuritiesLoanedGrossIncludingNotSubjectToMasterNettingArrangement' xlink:label='loc_SecuritiesLoanedGrossIncludingNotSubjectToMasterNettingArrangement' xlink:type='locator' />
    <link:loc xlink:href='../elts/us-gaap-2021-01-31.xsd#us-gaap_SecuritiesLoanedGross' xlink:label='loc_SecuritiesLoanedGross' xlink:type='locator' />
    <link:loc xlink:href='../elts/us-gaap-2021-01-31.xsd#us-gaap_SecuritiesLoanedNotSubjectToMasterNettingArrangement' xlink:label='loc_SecuritiesLoanedNotSubjectToMasterNettingArrangement' xlink:type='locator' />
    <link:loc xlink:href='../elts/us-gaap-2021-01-31.xsd#us-gaap_SecuritiesSoldUnderAgreementsToRepurchaseGrossIncludingNotSubjectToMasterNettingArrangement' xlink:label='loc_SecuritiesSoldUnderAgreementsToRepurchaseGrossIncludingNotSubjectToMasterNettingArrangement' xlink:type='locator' />
    <link:loc xlink:href='../elts/us-gaap-2021-01-31.xsd#us-gaap_SecuritiesSoldUnderAgreementsToRepurchaseGross' xlink:label='loc_SecuritiesSoldUnderAgreementsToRepurchaseGross' xlink:type='locator' />
    <link:loc xlink:href='../elts/us-gaap-2021-01-31.xsd#us-gaap_SecuritiesSoldUnderAgreementsToRepurchaseNotSubjectToMasterNettingArrangement' xlink:label='loc_SecuritiesSoldUnderAgreementsToRepurchaseNotSubjectToMasterNettingArrangement' xlink:type='locator' />
    <link:loc xlink:href='../elts/us-gaap-2021-01-31.xsd#us-gaap_SecuritiesPurchasedUnderAgreementsToResellGrossIncludingNotSubjectToMasterNettingArrangement' xlink:label='loc_SecuritiesPurchasedUnderAgreementsToResellGrossIncludingNotSubjectToMasterNettingArrangement' xlink:type='locator' />
    <link:loc xlink:href='../elts/us-gaap-2021-01-31.xsd#us-gaap_SecuritiesPurchasedUnderAgreementsToResellNotSubjectToMasterNettingArrangement' xlink:label='loc_SecuritiesPurchasedUnderAgreementsToResellNotSubjectToMasterNettingArrangement' xlink:type='locator' />
    <link:loc xlink:href='../elts/us-gaap-2021-01-31.xsd#us-gaap_SecuritiesPurchasedUnderAgreementsToResellGross' xlink:label='loc_SecuritiesPurchasedUnderAgreementsToResellGross' xlink:type='locator' />
    <link:calculationArc order='10' weight='1.0' xlink:arcrole='http://www.xbrl.org/2003/arcrole/summation-item' xlink:from='loc_DerivativeAssetFairValueGrossAssetIncludingNotSubjectToMasterNettingArrangement' xlink:to='loc_DerivativeFairValueOfDerivativeAsset' xlink:type='arc' />
    <link:calculationArc order='20' weight='1.0' xlink:arcrole='http://www.xbrl.org/2003/arcrole/summation-item' xlink:from='loc_DerivativeAssetFairValueGrossAssetIncludingNotSubjectToMasterNettingArrangement' xlink:to='loc_DerivativeAssetNotSubjectToMasterNettingArrangement' xlink:type='arc' />
    <link:calculationArc order='10' weight='1.0' xlink:arcrole='http://www.xbrl.org/2003/arcrole/summation-item' xlink:from='loc_DerivativeAssetFairValueGrossLiabilityAndObligationToReturnCashOffset' xlink:to='loc_DerivativeAssetFairValueGrossLiability' xlink:type='arc' />
    <link:calculationArc order='20' weight='1.0' xlink:arcrole='http://www.xbrl.org/2003/arcrole/summation-item' xlink:from='loc_DerivativeAssetFairValueGrossLiabilityAndObligationToReturnCashOffset' xlink:to='loc_DerivativeAssetCollateralObligationToReturnCashOffset' xlink:type='arc' />
    <link:calculationArc order='10' weight='1.0' xlink:arcrole='http://www.xbrl.org/2003/arcrole/summation-item' xlink:from='loc_DerivativeAssetSecuritiesPurchasedUnderAgreementsToResellSecuritiesBorrowedGrossIncludingNotSubjectToMasterNettingArrangement' xlink:to='loc_DerivativeAssetSecuritiesPurchasedUnderAgreementsToResellSecuritiesBorrowedGross' xlink:type='arc' />
    <link:calculationArc order='20' weight='1.0' xlink:arcrole='http://www.xbrl.org/2003/arcrole/summation-item' xlink:from='loc_DerivativeAssetSecuritiesPurchasedUnderAgreementsToResellSecuritiesBorrowedGrossIncludingNotSubjectToMasterNettingArrangement' xlink:to='loc_DerivativeAssetSecuritiesPurchasedUnderAgreementsToResellSecuritiesBorrowedNotSubjectToMasterNettingArrangement' xlink:type='arc' />
    <link:calculationArc order='10' weight='-1.0' xlink:arcrole='http://www.xbrl.org/2003/arcrole/summation-item' xlink:from='loc_DerivativeAssetSecuritiesPurchasedUnderAgreementsToResellSecuritiesBorrowedOffsetAgainstCollateralNetOfNotSubjectToMasterNettingArrangementPolicyElection' xlink:to='loc_DerivativeAssetSecuritiesPurchasedUnderAgreementsToResellSecuritiesBorrowedNotSubjectToMasterNettingArrangementDeduction' xlink:type='arc' />
    <link:calculationArc order='20' weight='1.0' xlink:arcrole='http://www.xbrl.org/2003/arcrole/summation-item' xlink:from='loc_DerivativeAssetSecuritiesPurchasedUnderAgreementsToResellSecuritiesBorrowedOffsetAgainstCollateralNetOfNotSubjectToMasterNettingArrangementPolicyElection' xlink:to='loc_DerivativeAssetSecuritiesPurchasedUnderAgreementsToResellSecuritiesBorrowedAmountOffsetAgainstCollateral' xlink:type='arc' />
    <link:calculationArc order='10' weight='-1.0' xlink:arcrole='http://www.xbrl.org/2003/arcrole/summation-item' xlink:from='loc_DerivativeAssetSecuritiesPurchasedUnderAgreementsToResellSecuritiesBorrowedAmountOffsetAgainstCollateral' xlink:to='loc_DerivativeAssetSecuritiesPurchasedUnderAgreementsToResellSecuritiesBorrowedCollateralObligationToReturnSecurities' xlink:type='arc' />
    <link:calculationArc order='20' weight='-1.0' xlink:arcrole='http://www.xbrl.org/2003/arcrole/summation-item' xlink:from='loc_DerivativeAssetSecuritiesPurchasedUnderAgreementsToResellSecuritiesBorrowedAmountOffsetAgainstCollateral' xlink:to='loc_DerivativeAssetSecuritiesPurchasedUnderAgreementsToResellSecuritiesBorrowedCollateralObligationToReturnCash' xlink:type='arc' />
    <link:calculationArc order='30' weight='1.0' xlink:arcrole='http://www.xbrl.org/2003/arcrole/summation-item' xlink:from='loc_DerivativeAssetSecuritiesPurchasedUnderAgreementsToResellSecuritiesBorrowedAmountOffsetAgainstCollateral' xlink:to='loc_DerivativeAssetSecuritiesPurchasedUnderAgreementsToResellSecuritiesBorrowed' xlink:type='arc' />
    <link:calculationArc order='10' weight='-1.0' xlink:arcrole='http://www.xbrl.org/2003/arcrole/summation-item' xlink:from='loc_DerivativeAssetSecuritiesPurchasedUnderAgreementsToResellSecuritiesBorrowed' xlink:to='loc_DerivativeAssetCollateralObligationToReturnCashOffset' xlink:type='arc' />
    <link:calculationArc order='20' weight='1.0' xlink:arcrole='http://www.xbrl.org/2003/arcrole/summation-item' xlink:from='loc_DerivativeAssetSecuritiesPurchasedUnderAgreementsToResellSecuritiesBorrowed' xlink:to='loc_DerivativeAssetSecuritiesPurchasedUnderAgreementsToResellSecuritiesBorrowedNotSubjectToMasterNettingArrangement' xlink:type='arc' />
    <link:calculationArc order='30' weight='-1.0' xlink:arcrole='http://www.xbrl.org/2003/arcrole/summation-item' xlink:from='loc_DerivativeAssetSecuritiesPurchasedUnderAgreementsToResellSecuritiesBorrowed' xlink:to='loc_DerivativeAssetSecuritiesPurchasedUnderAgreementsToResellSecuritiesBorrowedLiability' xlink:type='arc' />
    <link:calculationArc order='40' weight='1.0' xlink:arcrole='http://www.xbrl.org/2003/arcrole/summation-item' xlink:from='loc_DerivativeAssetSecuritiesPurchasedUnderAgreementsToResellSecuritiesBorrowed' xlink:to='loc_DerivativeAssetSecuritiesPurchasedUnderAgreementsToResellSecuritiesBorrowedGross' xlink:type='arc' />
    <link:calculationArc order='30' weight='-1.0' xlink:arcrole='http://www.xbrl.org/2003/arcrole/summation-item' xlink:from='loc_DerivativeAssetSecuritiesPurchasedUnderAgreementsToResellSecuritiesBorrowedOffsetAgainstCollateralNetOfNotSubjectToMasterNettingArrangementPolicyElection' xlink:to='loc_DerivativeAssetSecuritiesPurchasedUnderAgreementsToResellSecuritiesBorrowedNotOffsetPolicyElectionDeduction' xlink:type='arc' />
    <link:calculationArc order='10' weight='1.0' xlink:arcrole='http://www.xbrl.org/2003/arcrole/summation-item' xlink:from='loc_DerivativeLiabilityFairValueGrossAssetAndRightToReclaimCashOffset' xlink:to='loc_DerivativeLiabilityFairValueGrossAsset' xlink:type='arc' />
    <link:calculationArc order='20' weight='1.0' xlink:arcrole='http://www.xbrl.org/2003/arcrole/summation-item' xlink:from='loc_DerivativeLiabilityFairValueGrossAssetAndRightToReclaimCashOffset' xlink:to='loc_DerivativeLiabilityCollateralRightToReclaimCashOffset' xlink:type='arc' />
    <link:calculationArc order='10' weight='1.0' xlink:arcrole='http://www.xbrl.org/2003/arcrole/summation-item' xlink:from='loc_DerivativeLiabilityFairValueGrossLiabilityIncludingNotSubjectToMasterNettingArrangement' xlink:to='loc_DerivativeFairValueOfDerivativeLiability' xlink:type='arc' />
    <link:calculationArc order='20' weight='1.0' xlink:arcrole='http://www.xbrl.org/2003/arcrole/summation-item' xlink:from='loc_DerivativeLiabilityFairValueGrossLiabilityIncludingNotSubjectToMasterNettingArrangement' xlink:to='loc_DerivativeLiabilityNotSubjectToMasterNettingArrangement' xlink:type='arc' />
    <link:calculationArc order='10' weight='1.0' xlink:arcrole='http://www.xbrl.org/2003/arcrole/summation-item' xlink:from='loc_DerivativeLiabilitySecuritiesSoldUnderAgreementsToResellSecuritiesLoanedGrossIncludingNotSubjectToMasterNettingArrangement' xlink:to='loc_DerivativeLiabilitySecuritiesSoldUnderAgreementsToResellSecuritiesLoanedGross' xlink:type='arc' />
    <link:calculationArc order='20' weight='1.0' xlink:arcrole='http://www.xbrl.org/2003/arcrole/summation-item' xlink:from='loc_DerivativeLiabilitySecuritiesSoldUnderAgreementsToResellSecuritiesLoanedGrossIncludingNotSubjectToMasterNettingArrangement' xlink:to='loc_DerivativeLiabilitySecuritiesSoldUnderAgreementsToResellSecuritiesLoanedNotSubjectToMasterNettingArrangement' xlink:type='arc' />
    <link:calculationArc order='10' weight='-1.0' xlink:arcrole='http://www.xbrl.org/2003/arcrole/summation-item' xlink:from='loc_DerivativeLiabilitySecuritiesSoldUnderAgreementsToResellSecuritiesLoanedOffsetAgainstCollateralNetOfNotSubjectToMasterNettingArrangementPolicyElection' xlink:to='loc_DerivativeLiabilitySecuritiesSoldUnderAgreementsToResellSecuritiesLoanedNotSubjectToMasterNettingArrangementDeduction' xlink:type='arc' />
    <link:calculationArc order='20' weight='1.0' xlink:arcrole='http://www.xbrl.org/2003/arcrole/summation-item' xlink:from='loc_DerivativeLiabilitySecuritiesSoldUnderAgreementsToResellSecuritiesLoanedOffsetAgainstCollateralNetOfNotSubjectToMasterNettingArrangementPolicyElection' xlink:to='loc_DerivativeLiabilitySecuritiesSoldUnderAgreementsToResellSecuritiesLoanedAmountOffsetAgainstCollateral' xlink:type='arc' />
    <link:calculationArc order='10' weight='-1.0' xlink:arcrole='http://www.xbrl.org/2003/arcrole/summation-item' xlink:from='loc_DerivativeLiabilitySecuritiesSoldUnderAgreementsToResellSecuritiesLoanedAmountOffsetAgainstCollateral' xlink:to='loc_DerivativeLiabilitySecuritiesSoldUnderAgreementsToResellSecuritiesLoanedCollateralRightToReclaimSecurities' xlink:type='arc' />
    <link:calculationArc order='20' weight='-1.0' xlink:arcrole='http://www.xbrl.org/2003/arcrole/summation-item' xlink:from='loc_DerivativeLiabilitySecuritiesSoldUnderAgreementsToResellSecuritiesLoanedAmountOffsetAgainstCollateral' xlink:to='loc_DerivativeLiabilitySecuritiesSoldUnderAgreementsToResellSecuritiesLoanedCollateralRightToReclaimCash' xlink:type='arc' />
    <link:calculationArc order='30' weight='1.0' xlink:arcrole='http://www.xbrl.org/2003/arcrole/summation-item' xlink:from='loc_DerivativeLiabilitySecuritiesSoldUnderAgreementsToResellSecuritiesLoanedAmountOffsetAgainstCollateral' xlink:to='loc_DerivativeLiabilitySecuritiesSoldUnderAgreementsToResellSecuritiesLoaned' xlink:type='arc' />
    <link:calculationArc order='10' weight='1.0' xlink:arcrole='http://www.xbrl.org/2003/arcrole/summation-item' xlink:from='loc_DerivativeLiabilitySecuritiesSoldUnderAgreementsToResellSecuritiesLoaned' xlink:to='loc_DerivativeLiabilitySecuritiesSoldUnderAgreementsToResellSecuritiesLoanedNotSubjectToMasterNettingArrangement' xlink:type='arc' />
    <link:calculationArc order='20' weight='-1.0' xlink:arcrole='http://www.xbrl.org/2003/arcrole/summation-item' xlink:from='loc_DerivativeLiabilitySecuritiesSoldUnderAgreementsToResellSecuritiesLoaned' xlink:to='loc_DerivativeLiabilityCollateralRightToReclaimCashOffset' xlink:type='arc' />
    <link:calculationArc order='30' weight='-1.0' xlink:arcrole='http://www.xbrl.org/2003/arcrole/summation-item' xlink:from='loc_DerivativeLiabilitySecuritiesSoldUnderAgreementsToResellSecuritiesLoaned' xlink:to='loc_DerivativeLiabilitySecuritiesSoldUnderAgreementsToResellSecuritiesLoanedAsset' xlink:type='arc' />
    <link:calculationArc order='40' weight='1.0' xlink:arcrole='http://www.xbrl.org/2003/arcrole/summation-item' xlink:from='loc_DerivativeLiabilitySecuritiesSoldUnderAgreementsToResellSecuritiesLoaned' xlink:to='loc_DerivativeLiabilitySecuritiesSoldUnderAgreementsToResellSecuritiesLoanedGross' xlink:type='arc' />
    <link:calculationArc order='30' weight='-1.0' xlink:arcrole='http://www.xbrl.org/2003/arcrole/summation-item' xlink:from='loc_DerivativeLiabilitySecuritiesSoldUnderAgreementsToResellSecuritiesLoanedOffsetAgainstCollateralNetOfNotSubjectToMasterNettingArrangementPolicyElection' xlink:to='loc_DerivativeLiabilitySecuritiesSoldUnderAgreementsToResellSecuritiesLoanedNotOffsetPolicyElectionDeduction' xlink:type='arc' />
    <link:calculationArc order='10' weight='1.0' xlink:arcrole='http://www.xbrl.org/2003/arcrole/summation-item' xlink:from='loc_SecuritiesBorrowedGrossIncludingNotSubjectToMasterNettingArrangement' xlink:to='loc_SecuritiesBorrowedGross' xlink:type='arc' />
    <link:calculationArc order='20' weight='1.0' xlink:arcrole='http://www.xbrl.org/2003/arcrole/summation-item' xlink:from='loc_SecuritiesBorrowedGrossIncludingNotSubjectToMasterNettingArrangement' xlink:to='loc_SecuritiesBorrowedNotSubjectToMasterNettingArrangement' xlink:type='arc' />
    <link:calculationArc order='10' weight='1.0' xlink:arcrole='http://www.xbrl.org/2003/arcrole/summation-item' xlink:from='loc_SecuritiesLoanedAndSecuritiesSoldUnderAgreementToRepurchaseGrossIncludingNotSubjectToMasterNettingArrangement' xlink:to='loc_SecuritiesLoanedGrossIncludingNotSubjectToMasterNettingArrangement' xlink:type='arc' />
    <link:calculationArc order='10' weight='1.0' xlink:arcrole='http://www.xbrl.org/2003/arcrole/summation-item' xlink:from='loc_SecuritiesLoanedGrossIncludingNotSubjectToMasterNettingArrangement' xlink:to='loc_SecuritiesLoanedGross' xlink:type='arc' />
    <link:calculationArc order='20' weight='1.0' xlink:arcrole='http://www.xbrl.org/2003/arcrole/summation-item' xlink:from='loc_SecuritiesLoanedGrossIncludingNotSubjectToMasterNettingArrangement' xlink:to='loc_SecuritiesLoanedNotSubjectToMasterNettingArrangement' xlink:type='arc' />
    <link:calculationArc order='20' weight='1.0' xlink:arcrole='http://www.xbrl.org/2003/arcrole/summation-item' xlink:from='loc_SecuritiesLoanedAndSecuritiesSoldUnderAgreementToRepurchaseGrossIncludingNotSubjectToMasterNettingArrangement' xlink:to='loc_SecuritiesSoldUnderAgreementsToRepurchaseGrossIncludingNotSubjectToMasterNettingArrangement' xlink:type='arc' />
    <link:calculationArc order='10' weight='1.0' xlink:arcrole='http://www.xbrl.org/2003/arcrole/summation-item' xlink:from='loc_SecuritiesSoldUnderAgreementsToRepurchaseGrossIncludingNotSubjectToMasterNettingArrangement' xlink:to='loc_SecuritiesSoldUnderAgreementsToRepurchaseGross' xlink:type='arc' />
    <link:calculationArc order='20' weight='1.0' xlink:arcrole='http://www.xbrl.org/2003/arcrole/summation-item' xlink:from='loc_SecuritiesSoldUnderAgreementsToRepurchaseGrossIncludingNotSubjectToMasterNettingArrangement' xlink:to='loc_SecuritiesSoldUnderAgreementsToRepurchaseNotSubjectToMasterNettingArrangement' xlink:type='arc' />
    <link:calculationArc order='10' weight='1.0' xlink:arcrole='http://www.xbrl.org/2003/arcrole/summation-item' xlink:from='loc_SecuritiesPurchasedUnderAgreementsToResellGrossIncludingNotSubjectToMasterNettingArrangement' xlink:to='loc_SecuritiesPurchasedUnderAgreementsToResellNotSubjectToMasterNettingArrangement' xlink:type='arc' />
    <link:calculationArc order='20' weight='1.0' xlink:arcrole='http://www.xbrl.org/2003/arcrole/summation-item' xlink:from='loc_SecuritiesPurchasedUnderAgreementsToResellGrossIncludingNotSubjectToMasterNettingArrangement' xlink:to='loc_SecuritiesPurchasedUnderAgreementsToResellGross' xlink:type='arc' />
  </link:calculationLink>
</link:linkbase>
