<?xml version='1.0' encoding='UTF-8'?>

<!--
(c) 2010-2021 Financial Accounting Foundation; (c) 2007-2010 XBRL US, Inc.  All Rights Reserved.
Notice: Authorized Uses are Set Forth at https://xbrl.fasb.org/terms/TaxonomiesTermsConditions.html
  -->
<link:linkbase xmlns:link='http://www.xbrl.org/2003/linkbase' xmlns:xbrldt='http://xbrl.org/2005/xbrldt' xmlns:xlink='http://www.w3.org/1999/xlink' xmlns:xsi='http://www.w3.org/2001/XMLSchema-instance' xsi:schemaLocation='http://www.xbrl.org/2003/linkbase http://www.xbrl.org/2003/xbrl-linkbase-2003-12-31.xsd'>
  <link:roleRef roleURI='http://fasb.org/us-gaap/role/disclosure/FinancialServicesInsuranceA' xlink:href='../elts/us-roles-2021-01-31.xsd#fs-insa' xlink:type='simple' />
  <link:calculationLink xlink:role='http://fasb.org/us-gaap/role/disclosure/FinancialServicesInsuranceA' xlink:type='extended'>
    <link:loc xlink:href='../elts/us-gaap-2021-01-31.xsd#us-gaap_AdditionalLiabilityLongDurationInsuranceOriginalDiscountRateBeforeReinsuranceAfterCashFlowChange' xlink:label='loc_AdditionalLiabilityLongDurationInsuranceOriginalDiscountRateBeforeReinsuranceAfterCashFlowChange' xlink:type='locator' />
    <link:loc xlink:href='../elts/us-gaap-2021-01-31.xsd#us-gaap_AdditionalLiabilityLongDurationInsuranceOriginalDiscountRateBeforeCashFlowAndReinsurance' xlink:label='loc_AdditionalLiabilityLongDurationInsuranceOriginalDiscountRateBeforeCashFlowAndReinsurance' xlink:type='locator' />
    <link:loc xlink:href='../elts/us-gaap-2021-01-31.xsd#us-gaap_AdditionalLiabilityLongDurationInsuranceCumulativeIncreaseDecreaseFromCashFlowChange' xlink:label='loc_AdditionalLiabilityLongDurationInsuranceCumulativeIncreaseDecreaseFromCashFlowChange' xlink:type='locator' />
    <link:loc xlink:href='../elts/us-gaap-2021-01-31.xsd#us-gaap_AdditionalLiabilityLongDurationInsuranceCumulativeIncreaseDecreaseOfActualVarianceFromExpectedExperience' xlink:label='loc_AdditionalLiabilityLongDurationInsuranceCumulativeIncreaseDecreaseOfActualVarianceFromExpectedExperience' xlink:type='locator' />
    <link:loc xlink:href='../elts/us-gaap-2021-01-31.xsd#us-gaap_AdditionalLiabilityLongDurationInsurancePeriodIncreaseDecrease' xlink:label='loc_AdditionalLiabilityLongDurationInsurancePeriodIncreaseDecrease' xlink:type='locator' />
    <link:loc xlink:href='../elts/us-gaap-2021-01-31.xsd#us-gaap_AdditionalLiabilityLongDurationInsuranceIssuance' xlink:label='loc_AdditionalLiabilityLongDurationInsuranceIssuance' xlink:type='locator' />
    <link:loc xlink:href='../elts/us-gaap-2021-01-31.xsd#us-gaap_AdditionalLiabilityLongDurationInsuranceInterestIncomeExpense' xlink:label='loc_AdditionalLiabilityLongDurationInsuranceInterestIncomeExpense' xlink:type='locator' />
    <link:loc xlink:href='../elts/us-gaap-2021-01-31.xsd#us-gaap_AdditionalLiabilityLongDurationInsuranceNetPremiumCollected' xlink:label='loc_AdditionalLiabilityLongDurationInsuranceNetPremiumCollected' xlink:type='locator' />
    <link:loc xlink:href='../elts/us-gaap-2021-01-31.xsd#us-gaap_AdditionalLiabilityLongDurationInsuranceDerecognition' xlink:label='loc_AdditionalLiabilityLongDurationInsuranceDerecognition' xlink:type='locator' />
    <link:loc xlink:href='../elts/us-gaap-2021-01-31.xsd#us-gaap_AdditionalLiabilityLongDurationInsuranceIncreaseDecreaseFromDiscountRateChange' xlink:label='loc_AdditionalLiabilityLongDurationInsuranceIncreaseDecreaseFromDiscountRateChange' xlink:type='locator' />
    <link:loc xlink:href='../elts/us-gaap-2021-01-31.xsd#us-gaap_AdditionalLiabilityLongDurationInsuranceBenefitPayment' xlink:label='loc_AdditionalLiabilityLongDurationInsuranceBenefitPayment' xlink:type='locator' />
    <link:loc xlink:href='../elts/us-gaap-2021-01-31.xsd#us-gaap_AdditionalLiabilityLongDurationInsuranceAfterReinsurance' xlink:label='loc_AdditionalLiabilityLongDurationInsuranceAfterReinsurance' xlink:type='locator' />
    <link:loc xlink:href='../elts/us-gaap-2021-01-31.xsd#us-gaap_AdditionalLiabilityLongDurationInsuranceReinsuranceRecoverableAfterAllowance' xlink:label='loc_AdditionalLiabilityLongDurationInsuranceReinsuranceRecoverableAfterAllowance' xlink:type='locator' />
    <link:loc xlink:href='../elts/us-gaap-2021-01-31.xsd#us-gaap_AdditionalLiabilityLongDurationInsuranceBeforeReinsuranceAfterDiscountRateChange' xlink:label='loc_AdditionalLiabilityLongDurationInsuranceBeforeReinsuranceAfterDiscountRateChange' xlink:type='locator' />
    <link:loc xlink:href='../elts/us-gaap-2021-01-31.xsd#us-gaap_LiabilityForFuturePolicyBenefitExpectedFutureBenefitOriginalDiscountRateBeforeReinsuranceAfterCashFlowChange' xlink:label='loc_LiabilityForFuturePolicyBenefitExpectedFutureBenefitOriginalDiscountRateBeforeReinsuranceAfterCashFlowChange' xlink:type='locator' />
    <link:loc xlink:href='../elts/us-gaap-2021-01-31.xsd#us-gaap_LiabilityForFuturePolicyBenefitExpectedFuturePolicyBenefitOriginalDiscountRateBeforeCashFlowAndReinsurance' xlink:label='loc_LiabilityForFuturePolicyBenefitExpectedFuturePolicyBenefitOriginalDiscountRateBeforeCashFlowAndReinsurance' xlink:type='locator' />
    <link:loc xlink:href='../elts/us-gaap-2021-01-31.xsd#us-gaap_LiabilityForFuturePolicyBenefitExpectedFuturePolicyBenefitBeforeReinsuranceAfterDiscountRateChange' xlink:label='loc_LiabilityForFuturePolicyBenefitExpectedFuturePolicyBenefitBeforeReinsuranceAfterDiscountRateChange' xlink:type='locator' />
    <link:loc xlink:href='../elts/us-gaap-2021-01-31.xsd#us-gaap_AociLiabilityForFuturePolicyBenefitExpectedFuturePolicyBenefitBeforeTax' xlink:label='loc_AociLiabilityForFuturePolicyBenefitExpectedFuturePolicyBenefitBeforeTax' xlink:type='locator' />
    <link:loc xlink:href='../elts/us-gaap-2021-01-31.xsd#us-gaap_LiabilityForFuturePolicyBenefitExpectedFuturePolicyBenefitCumulativeIncreaseDecreaseFromCashFlowChange' xlink:label='loc_LiabilityForFuturePolicyBenefitExpectedFuturePolicyBenefitCumulativeIncreaseDecreaseFromCashFlowChange' xlink:type='locator' />
    <link:loc xlink:href='../elts/us-gaap-2021-01-31.xsd#us-gaap_LiabilityForFuturePolicyBenefitExpectedFuturePolicyBenefitCumulativeIncreaseDecreaseOfActualVarianceFromExpectedExperience' xlink:label='loc_LiabilityForFuturePolicyBenefitExpectedFuturePolicyBenefitCumulativeIncreaseDecreaseOfActualVarianceFromExpectedExperience' xlink:type='locator' />
    <link:loc xlink:href='../elts/us-gaap-2021-01-31.xsd#us-gaap_LiabilityForFuturePolicyBenefitExpectedFuturePolicyBenefitPeriodIncreaseDecrease' xlink:label='loc_LiabilityForFuturePolicyBenefitExpectedFuturePolicyBenefitPeriodIncreaseDecrease' xlink:type='locator' />
    <link:loc xlink:href='../elts/us-gaap-2021-01-31.xsd#us-gaap_LiabilityForFuturePolicyBenefitExpectedFuturePolicyBenefitIssuance' xlink:label='loc_LiabilityForFuturePolicyBenefitExpectedFuturePolicyBenefitIssuance' xlink:type='locator' />
    <link:loc xlink:href='../elts/us-gaap-2021-01-31.xsd#us-gaap_LiabilityForFuturePolicyBenefitExpectedFuturePolicyBenefitInterestExpense' xlink:label='loc_LiabilityForFuturePolicyBenefitExpectedFuturePolicyBenefitInterestExpense' xlink:type='locator' />
    <link:loc xlink:href='../elts/us-gaap-2021-01-31.xsd#us-gaap_LiabilityForFuturePolicyBenefitExpectedFuturePolicyBenefitDerecognition' xlink:label='loc_LiabilityForFuturePolicyBenefitExpectedFuturePolicyBenefitDerecognition' xlink:type='locator' />
    <link:loc xlink:href='../elts/us-gaap-2021-01-31.xsd#us-gaap_LiabilityForFuturePolicyBenefitExpectedFuturePolicyBenefitIncreaseDecreaseForOtherChange' xlink:label='loc_LiabilityForFuturePolicyBenefitExpectedFuturePolicyBenefitIncreaseDecreaseForOtherChange' xlink:type='locator' />
    <link:loc xlink:href='../elts/us-gaap-2021-01-31.xsd#us-gaap_PremiumDeficiencyTestingExpenseLongDurationContractAmount' xlink:label='loc_PremiumDeficiencyTestingExpenseLongDurationContractAmount' xlink:type='locator' />
    <link:loc xlink:href='../elts/us-gaap-2021-01-31.xsd#us-gaap_LiabilityForFuturePolicyBenefitExpectedNetPremiumOriginalDiscountRateBeforeReinsuranceAfterCashFlowChange' xlink:label='loc_LiabilityForFuturePolicyBenefitExpectedNetPremiumOriginalDiscountRateBeforeReinsuranceAfterCashFlowChange' xlink:type='locator' />
    <link:loc xlink:href='../elts/us-gaap-2021-01-31.xsd#us-gaap_LiabilityForFuturePolicyBenefitExpectedNetPremiumOriginalDiscountRateBeforeCashFlowAndReinsurance' xlink:label='loc_LiabilityForFuturePolicyBenefitExpectedNetPremiumOriginalDiscountRateBeforeCashFlowAndReinsurance' xlink:type='locator' />
    <link:loc xlink:href='../elts/us-gaap-2021-01-31.xsd#us-gaap_LiabilityForFuturePolicyBenefitExpectedNetPremiumBeforeReinsuranceAfterDiscountRateChange' xlink:label='loc_LiabilityForFuturePolicyBenefitExpectedNetPremiumBeforeReinsuranceAfterDiscountRateChange' xlink:type='locator' />
    <link:loc xlink:href='../elts/us-gaap-2021-01-31.xsd#us-gaap_AociLiabilityForFuturePolicyBenefitExpectedNetPremiumBeforeTax' xlink:label='loc_AociLiabilityForFuturePolicyBenefitExpectedNetPremiumBeforeTax' xlink:type='locator' />
    <link:loc xlink:href='../elts/us-gaap-2021-01-31.xsd#us-gaap_LiabilityForFuturePolicyBenefitExpectedNetPremiumCumulativeIncreaseDecreaseFromCashFlowChange' xlink:label='loc_LiabilityForFuturePolicyBenefitExpectedNetPremiumCumulativeIncreaseDecreaseFromCashFlowChange' xlink:type='locator' />
    <link:loc xlink:href='../elts/us-gaap-2021-01-31.xsd#us-gaap_LiabilityForFuturePolicyBenefitExpectedNetPremiumCumulativeIncreaseDecreaseOfActualVarianceFromExpectedExperience' xlink:label='loc_LiabilityForFuturePolicyBenefitExpectedNetPremiumCumulativeIncreaseDecreaseOfActualVarianceFromExpectedExperience' xlink:type='locator' />
    <link:loc xlink:href='../elts/us-gaap-2021-01-31.xsd#us-gaap_LiabilityForFuturePolicyBenefitExpectedNetPremiumPeriodIncreaseDecrease' xlink:label='loc_LiabilityForFuturePolicyBenefitExpectedNetPremiumPeriodIncreaseDecrease' xlink:type='locator' />
    <link:loc xlink:href='../elts/us-gaap-2021-01-31.xsd#us-gaap_LiabilityForFuturePolicyBenefitExpectedNetPremiumIssuance' xlink:label='loc_LiabilityForFuturePolicyBenefitExpectedNetPremiumIssuance' xlink:type='locator' />
    <link:loc xlink:href='../elts/us-gaap-2021-01-31.xsd#us-gaap_LiabilityForFuturePolicyBenefitExpectedNetPremiumInterestIncome' xlink:label='loc_LiabilityForFuturePolicyBenefitExpectedNetPremiumInterestIncome' xlink:type='locator' />
    <link:loc xlink:href='../elts/us-gaap-2021-01-31.xsd#us-gaap_LiabilityForFuturePolicyBenefitExpectedNetPremiumDerecognition' xlink:label='loc_LiabilityForFuturePolicyBenefitExpectedNetPremiumDerecognition' xlink:type='locator' />
    <link:loc xlink:href='../elts/us-gaap-2021-01-31.xsd#us-gaap_LiabilityForFuturePolicyBenefitExpectedNetPremiumIncreaseDecreaseForOtherChange' xlink:label='loc_LiabilityForFuturePolicyBenefitExpectedNetPremiumIncreaseDecreaseForOtherChange' xlink:type='locator' />
    <link:loc xlink:href='../elts/us-gaap-2021-01-31.xsd#us-gaap_LiabilityForFuturePolicyBenefitExpectedNetPremiumNetPremiumCollected' xlink:label='loc_LiabilityForFuturePolicyBenefitExpectedNetPremiumNetPremiumCollected' xlink:type='locator' />
    <link:loc xlink:href='../elts/us-gaap-2021-01-31.xsd#us-gaap_LiabilityForFuturePolicyBenefitRemeasurementGainLoss' xlink:label='loc_LiabilityForFuturePolicyBenefitRemeasurementGainLoss' xlink:type='locator' />
    <link:loc xlink:href='../elts/us-gaap-2021-01-31.xsd#us-gaap_AdditionalLiabilityLongDurationInsuranceRemeasurementGainLoss' xlink:label='loc_AdditionalLiabilityLongDurationInsuranceRemeasurementGainLoss' xlink:type='locator' />
    <link:loc xlink:href='../elts/us-gaap-2021-01-31.xsd#us-gaap_LiabilityForFuturePolicyBenefitRemeasurementGainLossLimitedPaymentContract' xlink:label='loc_LiabilityForFuturePolicyBenefitRemeasurementGainLossLimitedPaymentContract' xlink:type='locator' />
    <link:loc xlink:href='../elts/us-gaap-2021-01-31.xsd#us-gaap_LiabilityForFuturePolicyBenefitAfterReinsurance' xlink:label='loc_LiabilityForFuturePolicyBenefitAfterReinsurance' xlink:type='locator' />
    <link:loc xlink:href='../elts/us-gaap-2021-01-31.xsd#us-gaap_LiabilityForFuturePolicyBenefits' xlink:label='loc_LiabilityForFuturePolicyBenefits' xlink:type='locator' />
    <link:loc xlink:href='../elts/us-gaap-2021-01-31.xsd#us-gaap_LiabilityForFuturePolicyBenefitReinsuranceRecoverableAfterAllowance' xlink:label='loc_LiabilityForFuturePolicyBenefitReinsuranceRecoverableAfterAllowance' xlink:type='locator' />
    <link:loc xlink:href='../elts/us-gaap-2021-01-31.xsd#us-gaap_MarketRiskBenefitPeriodIncreaseDecrease' xlink:label='loc_MarketRiskBenefitPeriodIncreaseDecrease' xlink:type='locator' />
    <link:loc xlink:href='../elts/us-gaap-2021-01-31.xsd#us-gaap_MarketRiskBenefitInterestExpense' xlink:label='loc_MarketRiskBenefitInterestExpense' xlink:type='locator' />
    <link:loc xlink:href='../elts/us-gaap-2021-01-31.xsd#us-gaap_MarketRiskBenefitAttributedFeeCollected' xlink:label='loc_MarketRiskBenefitAttributedFeeCollected' xlink:type='locator' />
    <link:loc xlink:href='../elts/us-gaap-2021-01-31.xsd#us-gaap_MarketRiskBenefitBenefitPayment' xlink:label='loc_MarketRiskBenefitBenefitPayment' xlink:type='locator' />
    <link:loc xlink:href='../elts/us-gaap-2021-01-31.xsd#us-gaap_MarketRiskBenefitIssuance' xlink:label='loc_MarketRiskBenefitIssuance' xlink:type='locator' />
    <link:loc xlink:href='../elts/us-gaap-2021-01-31.xsd#us-gaap_MarketRiskBenefitIncreaseDecreaseFromActualPolicyholderBehaviorDifferentFromExpected' xlink:label='loc_MarketRiskBenefitIncreaseDecreaseFromActualPolicyholderBehaviorDifferentFromExpected' xlink:type='locator' />
    <link:loc xlink:href='../elts/us-gaap-2021-01-31.xsd#us-gaap_MarketRiskBenefitIncreaseDecreaseFromEquityMarketChange' xlink:label='loc_MarketRiskBenefitIncreaseDecreaseFromEquityMarketChange' xlink:type='locator' />
    <link:loc xlink:href='../elts/us-gaap-2021-01-31.xsd#us-gaap_MarketRiskBenefitIncreaseDecreaseFromFutureExpectedPolicyholderBehaviorAssumption' xlink:label='loc_MarketRiskBenefitIncreaseDecreaseFromFutureExpectedPolicyholderBehaviorAssumption' xlink:type='locator' />
    <link:loc xlink:href='../elts/us-gaap-2021-01-31.xsd#us-gaap_MarketRiskBenefitIncreaseDecreaseFromInterestRateChange' xlink:label='loc_MarketRiskBenefitIncreaseDecreaseFromInterestRateChange' xlink:type='locator' />
    <link:loc xlink:href='../elts/us-gaap-2021-01-31.xsd#us-gaap_MarketRiskBenefitIncreaseDecreaseFromOtherAssumption' xlink:label='loc_MarketRiskBenefitIncreaseDecreaseFromOtherAssumption' xlink:type='locator' />
    <link:loc xlink:href='../elts/us-gaap-2021-01-31.xsd#us-gaap_MarketRiskBenefitIncreaseDecreaseFromVolatility' xlink:label='loc_MarketRiskBenefitIncreaseDecreaseFromVolatility' xlink:type='locator' />
    <link:loc xlink:href='../elts/us-gaap-2021-01-31.xsd#us-gaap_MarketRiskBenefitAfterReinsuranceAndCumulativeIncreaseDecreaseFromInstrumentSpecificCreditRiskChange' xlink:label='loc_MarketRiskBenefitAfterReinsuranceAndCumulativeIncreaseDecreaseFromInstrumentSpecificCreditRiskChange' xlink:type='locator' />
    <link:loc xlink:href='../elts/us-gaap-2021-01-31.xsd#us-gaap_MarketRiskBenefitAfterIncreaseDecreaseFromInstrumentSpecificCreditRisk' xlink:label='loc_MarketRiskBenefitAfterIncreaseDecreaseFromInstrumentSpecificCreditRisk' xlink:type='locator' />
    <link:loc xlink:href='../elts/us-gaap-2021-01-31.xsd#us-gaap_MarketRiskBenefitReinsuranceRecoverableAfterAllowance' xlink:label='loc_MarketRiskBenefitReinsuranceRecoverableAfterAllowance' xlink:type='locator' />
    <link:loc xlink:href='../elts/us-gaap-2021-01-31.xsd#us-gaap_OciLiabilityForFuturePolicyBenefitGainLossAfterReclassificationAdjustmentAndTaxParent' xlink:label='loc_OciLiabilityForFuturePolicyBenefitGainLossAfterReclassificationAdjustmentAndTaxParent' xlink:type='locator' />
    <link:loc xlink:href='../elts/us-gaap-2021-01-31.xsd#us-gaap_OciLiabilityForFuturePolicyBenefitGainLossAfterReclassificationAdjustmentAndTax' xlink:label='loc_OciLiabilityForFuturePolicyBenefitGainLossAfterReclassificationAdjustmentAndTax' xlink:type='locator' />
    <link:loc xlink:href='../elts/us-gaap-2021-01-31.xsd#us-gaap_OciLiabilityForFuturePolicyBenefitGainLossBeforeReclassificationAdjustmentAfterTax' xlink:label='loc_OciLiabilityForFuturePolicyBenefitGainLossBeforeReclassificationAdjustmentAfterTax' xlink:type='locator' />
    <link:loc xlink:href='../elts/us-gaap-2021-01-31.xsd#us-gaap_OciLiabilityForFuturePolicyBenefitGainLossReclassificationAdjustmentFromAociAfterTax' xlink:label='loc_OciLiabilityForFuturePolicyBenefitGainLossReclassificationAdjustmentFromAociAfterTax' xlink:type='locator' />
    <link:loc xlink:href='../elts/us-gaap-2021-01-31.xsd#us-gaap_OciLiabilityForFuturePolicyBenefitGainLossAfterReclassificationAdjustmentAndTaxNoncontrollingInterest' xlink:label='loc_OciLiabilityForFuturePolicyBenefitGainLossAfterReclassificationAdjustmentAndTaxNoncontrollingInterest' xlink:type='locator' />
    <link:loc xlink:href='../elts/us-gaap-2021-01-31.xsd#us-gaap_OciLiabilityForFuturePolicyBenefitGainLossAfterReclassificationAdjustmentTaxParent' xlink:label='loc_OciLiabilityForFuturePolicyBenefitGainLossAfterReclassificationAdjustmentTaxParent' xlink:type='locator' />
    <link:loc xlink:href='../elts/us-gaap-2021-01-31.xsd#us-gaap_OciLiabilityForFuturePolicyBenefitGainLossAfterReclassificationAdjustmentTax' xlink:label='loc_OciLiabilityForFuturePolicyBenefitGainLossAfterReclassificationAdjustmentTax' xlink:type='locator' />
    <link:loc xlink:href='../elts/us-gaap-2021-01-31.xsd#us-gaap_OciLiabilityForFuturePolicyBenefitGainLossBeforeReclassificationAdjustmentTax' xlink:label='loc_OciLiabilityForFuturePolicyBenefitGainLossBeforeReclassificationAdjustmentTax' xlink:type='locator' />
    <link:loc xlink:href='../elts/us-gaap-2021-01-31.xsd#us-gaap_OciLiabilityForFuturePolicyBenefitGainLossReclassificationAdjustmentFromAociTax' xlink:label='loc_OciLiabilityForFuturePolicyBenefitGainLossReclassificationAdjustmentFromAociTax' xlink:type='locator' />
    <link:loc xlink:href='../elts/us-gaap-2021-01-31.xsd#us-gaap_OciLiabilityForFuturePolicyBenefitGainLossAfterReclassificationAdjustmentTaxNoncontrollingInterest' xlink:label='loc_OciLiabilityForFuturePolicyBenefitGainLossAfterReclassificationAdjustmentTaxNoncontrollingInterest' xlink:type='locator' />
    <link:loc xlink:href='../elts/us-gaap-2021-01-31.xsd#us-gaap_OciLiabilityForFuturePolicyBenefitGainLossAfterReclassificationAdjustmentBeforeTaxParent' xlink:label='loc_OciLiabilityForFuturePolicyBenefitGainLossAfterReclassificationAdjustmentBeforeTaxParent' xlink:type='locator' />
    <link:loc xlink:href='../elts/us-gaap-2021-01-31.xsd#us-gaap_OciLiabilityForFuturePolicyBenefitGainLossAfterReclassificationAdjustmentBeforeTax' xlink:label='loc_OciLiabilityForFuturePolicyBenefitGainLossAfterReclassificationAdjustmentBeforeTax' xlink:type='locator' />
    <link:loc xlink:href='../elts/us-gaap-2021-01-31.xsd#us-gaap_OciLiabilityForFuturePolicyBenefitGainLossBeforeReclassificationAdjustmentAndTax' xlink:label='loc_OciLiabilityForFuturePolicyBenefitGainLossBeforeReclassificationAdjustmentAndTax' xlink:type='locator' />
    <link:loc xlink:href='../elts/us-gaap-2021-01-31.xsd#us-gaap_OciLiabilityForFuturePolicyBenefitGainLossReclassificationAdjustmentFromAociBeforeTax' xlink:label='loc_OciLiabilityForFuturePolicyBenefitGainLossReclassificationAdjustmentFromAociBeforeTax' xlink:type='locator' />
    <link:loc xlink:href='../elts/us-gaap-2021-01-31.xsd#us-gaap_OciLiabilityForFuturePolicyBenefitGainLossAfterReclassificationAdjustmentBeforeTaxNoncontrollingInterest' xlink:label='loc_OciLiabilityForFuturePolicyBenefitGainLossAfterReclassificationAdjustmentBeforeTaxNoncontrollingInterest' xlink:type='locator' />
    <link:loc xlink:href='../elts/us-gaap-2021-01-31.xsd#us-gaap_OciMarketRiskBenefitInstrumentSpecificCreditRiskGainLossAfterAdjustmentsAndTaxParent' xlink:label='loc_OciMarketRiskBenefitInstrumentSpecificCreditRiskGainLossAfterAdjustmentsAndTaxParent' xlink:type='locator' />
    <link:loc xlink:href='../elts/us-gaap-2021-01-31.xsd#us-gaap_OciMarketRiskBenefitInstrumentSpecificCreditRiskGainLossAfterAdjustmentsAndTax' xlink:label='loc_OciMarketRiskBenefitInstrumentSpecificCreditRiskGainLossAfterAdjustmentsAndTax' xlink:type='locator' />
    <link:loc xlink:href='../elts/us-gaap-2021-01-31.xsd#us-gaap_OciMarketRiskBenefitInstrumentSpecificCreditRiskGainLossBeforeAdjustmentsAfterTax' xlink:label='loc_OciMarketRiskBenefitInstrumentSpecificCreditRiskGainLossBeforeAdjustmentsAfterTax' xlink:type='locator' />
    <link:loc xlink:href='../elts/us-gaap-2021-01-31.xsd#us-gaap_OciMarketRiskBenefitInstrumentSpecificCreditRiskGainLossReclassificationAdjustmentFromAociAfterTax' xlink:label='loc_OciMarketRiskBenefitInstrumentSpecificCreditRiskGainLossReclassificationAdjustmentFromAociAfterTax' xlink:type='locator' />
    <link:loc xlink:href='../elts/us-gaap-2021-01-31.xsd#us-gaap_OciMarketRiskBenefitInstrumentSpecificCreditRiskAdjustmentFromAociForDerecognitionAfterTax' xlink:label='loc_OciMarketRiskBenefitInstrumentSpecificCreditRiskAdjustmentFromAociForDerecognitionAfterTax' xlink:type='locator' />
    <link:loc xlink:href='../elts/us-gaap-2021-01-31.xsd#us-gaap_OciMarketRiskBenefitInstrumentSpecificCreditRiskGainLossAfterAdjustmentsAndTaxNoncontrollingInterest' xlink:label='loc_OciMarketRiskBenefitInstrumentSpecificCreditRiskGainLossAfterAdjustmentsAndTaxNoncontrollingInterest' xlink:type='locator' />
    <link:loc xlink:href='../elts/us-gaap-2021-01-31.xsd#us-gaap_OciMarketRiskBenefitInstrumentSpecificCreditRiskGainLossAfterAdjustmentsTaxParent' xlink:label='loc_OciMarketRiskBenefitInstrumentSpecificCreditRiskGainLossAfterAdjustmentsTaxParent' xlink:type='locator' />
    <link:loc xlink:href='../elts/us-gaap-2021-01-31.xsd#us-gaap_OciMarketRiskBenefitInstrumentSpecificCreditRiskGainLossAfterAdjustmentsTax' xlink:label='loc_OciMarketRiskBenefitInstrumentSpecificCreditRiskGainLossAfterAdjustmentsTax' xlink:type='locator' />
    <link:loc xlink:href='../elts/us-gaap-2021-01-31.xsd#us-gaap_OciMarketRiskBenefitInstrumentSpecificCreditRiskGainLossReclassificationAdjustmentFromAociTax' xlink:label='loc_OciMarketRiskBenefitInstrumentSpecificCreditRiskGainLossReclassificationAdjustmentFromAociTax' xlink:type='locator' />
    <link:loc xlink:href='../elts/us-gaap-2021-01-31.xsd#us-gaap_OciMarketRiskBenefitInstrumentSpecificCreditRiskAdjustmentFromAociTax' xlink:label='loc_OciMarketRiskBenefitInstrumentSpecificCreditRiskAdjustmentFromAociTax' xlink:type='locator' />
    <link:loc xlink:href='../elts/us-gaap-2021-01-31.xsd#us-gaap_OciMarketRiskBenefitInstrumentSpecificCreditRiskGainLossBeforeAdjustmentsTax' xlink:label='loc_OciMarketRiskBenefitInstrumentSpecificCreditRiskGainLossBeforeAdjustmentsTax' xlink:type='locator' />
    <link:loc xlink:href='../elts/us-gaap-2021-01-31.xsd#us-gaap_OciMarketRiskBenefitInstrumentSpecificCreditRiskGainLossAfterAdjustmentsTaxNoncontrollingInterest' xlink:label='loc_OciMarketRiskBenefitInstrumentSpecificCreditRiskGainLossAfterAdjustmentsTaxNoncontrollingInterest' xlink:type='locator' />
    <link:loc xlink:href='../elts/us-gaap-2021-01-31.xsd#us-gaap_OciMarketRiskBenefitInstrumentSpecificCreditRiskGainLossAfterAdjustmentsBeforeTaxParent' xlink:label='loc_OciMarketRiskBenefitInstrumentSpecificCreditRiskGainLossAfterAdjustmentsBeforeTaxParent' xlink:type='locator' />
    <link:loc xlink:href='../elts/us-gaap-2021-01-31.xsd#us-gaap_OciMarketRiskBenefitInstrumentSpecificCreditRiskGainLossAfterAdjustmentsBeforeTax' xlink:label='loc_OciMarketRiskBenefitInstrumentSpecificCreditRiskGainLossAfterAdjustmentsBeforeTax' xlink:type='locator' />
    <link:loc xlink:href='../elts/us-gaap-2021-01-31.xsd#us-gaap_OciMarketRiskBenefitInstrumentSpecificCreditRiskGainLossBeforeAdjustmentsAndTax' xlink:label='loc_OciMarketRiskBenefitInstrumentSpecificCreditRiskGainLossBeforeAdjustmentsAndTax' xlink:type='locator' />
    <link:loc xlink:href='../elts/us-gaap-2021-01-31.xsd#us-gaap_OciMarketRiskBenefitInstrumentSpecificCreditRiskGainLossReclassificationAdjustmentFromAociBeforeTax' xlink:label='loc_OciMarketRiskBenefitInstrumentSpecificCreditRiskGainLossReclassificationAdjustmentFromAociBeforeTax' xlink:type='locator' />
    <link:loc xlink:href='../elts/us-gaap-2021-01-31.xsd#us-gaap_OciMarketRiskBenefitInstrumentSpecificCreditRiskAdjustmentFromAociForDerecognitionBeforeTax' xlink:label='loc_OciMarketRiskBenefitInstrumentSpecificCreditRiskAdjustmentFromAociForDerecognitionBeforeTax' xlink:type='locator' />
    <link:loc xlink:href='../elts/us-gaap-2021-01-31.xsd#us-gaap_OciMarketRiskBenefitInstrumentSpecificCreditRiskGainLossAfterAdjustmentsBeforeTaxNoncontrollingInterest' xlink:label='loc_OciMarketRiskBenefitInstrumentSpecificCreditRiskGainLossAfterAdjustmentsBeforeTaxNoncontrollingInterest' xlink:type='locator' />
    <link:loc xlink:href='../elts/us-gaap-2021-01-31.xsd#us-gaap_PolicyholderAccountBalancePeriodIncreaseDecrease' xlink:label='loc_PolicyholderAccountBalancePeriodIncreaseDecrease' xlink:type='locator' />
    <link:loc xlink:href='../elts/us-gaap-2021-01-31.xsd#us-gaap_PolicyholderAccountBalanceIssuance' xlink:label='loc_PolicyholderAccountBalanceIssuance' xlink:type='locator' />
    <link:loc xlink:href='../elts/us-gaap-2021-01-31.xsd#us-gaap_PolicyholderAccountBalanceBenefitPayment' xlink:label='loc_PolicyholderAccountBalanceBenefitPayment' xlink:type='locator' />
    <link:loc xlink:href='../elts/us-gaap-2021-01-31.xsd#us-gaap_PolicyholderAccountBalancePolicyCharge' xlink:label='loc_PolicyholderAccountBalancePolicyCharge' xlink:type='locator' />
    <link:loc xlink:href='../elts/us-gaap-2021-01-31.xsd#us-gaap_PolicyholderAccountBalancePremiumReceived' xlink:label='loc_PolicyholderAccountBalancePremiumReceived' xlink:type='locator' />
    <link:loc xlink:href='../elts/us-gaap-2021-01-31.xsd#us-gaap_PolicyholderAccountBalanceSurrenderAndWithdrawal' xlink:label='loc_PolicyholderAccountBalanceSurrenderAndWithdrawal' xlink:type='locator' />
    <link:loc xlink:href='../elts/us-gaap-2021-01-31.xsd#us-gaap_PolicyholderAccountBalanceWithdrawal' xlink:label='loc_PolicyholderAccountBalanceWithdrawal' xlink:type='locator' />
    <link:loc xlink:href='../elts/us-gaap-2021-01-31.xsd#us-gaap_PolicyholderAccountBalanceSurrender' xlink:label='loc_PolicyholderAccountBalanceSurrender' xlink:type='locator' />
    <link:loc xlink:href='../elts/us-gaap-2021-01-31.xsd#us-gaap_PolicyholderAccountBalanceIncreaseDecreaseFromOtherChange' xlink:label='loc_PolicyholderAccountBalanceIncreaseDecreaseFromOtherChange' xlink:type='locator' />
    <link:loc xlink:href='../elts/us-gaap-2021-01-31.xsd#us-gaap_TransferToFromPolicyholderAccountBalanceToFromSeparateAccount' xlink:label='loc_TransferToFromPolicyholderAccountBalanceToFromSeparateAccount' xlink:type='locator' />
    <link:loc xlink:href='../elts/us-gaap-2021-01-31.xsd#us-gaap_SeparateAccountLiabilityPeriodIncreaseDecrease' xlink:label='loc_SeparateAccountLiabilityPeriodIncreaseDecrease' xlink:type='locator' />
    <link:loc xlink:href='../elts/us-gaap-2021-01-31.xsd#us-gaap_SeparateAccountLiabilityPremiumAndDeposit' xlink:label='loc_SeparateAccountLiabilityPremiumAndDeposit' xlink:type='locator' />
    <link:loc xlink:href='../elts/us-gaap-2021-01-31.xsd#us-gaap_SeparateAccountLiabilityPremium' xlink:label='loc_SeparateAccountLiabilityPremium' xlink:type='locator' />
    <link:loc xlink:href='../elts/us-gaap-2021-01-31.xsd#us-gaap_SeparateAccountLiabilityDeposit' xlink:label='loc_SeparateAccountLiabilityDeposit' xlink:type='locator' />
    <link:loc xlink:href='../elts/us-gaap-2021-01-31.xsd#us-gaap_SeparateAccountLiabilityPolicyCharge' xlink:label='loc_SeparateAccountLiabilityPolicyCharge' xlink:type='locator' />
    <link:loc xlink:href='../elts/us-gaap-2021-01-31.xsd#us-gaap_SeparateAccountLiabilitySurrenderAndWithdrawal' xlink:label='loc_SeparateAccountLiabilitySurrenderAndWithdrawal' xlink:type='locator' />
    <link:loc xlink:href='../elts/us-gaap-2021-01-31.xsd#us-gaap_SeparateAccountLiabilitySurrender' xlink:label='loc_SeparateAccountLiabilitySurrender' xlink:type='locator' />
    <link:loc xlink:href='../elts/us-gaap-2021-01-31.xsd#us-gaap_SeparateAccountLiabilityWithdrawal' xlink:label='loc_SeparateAccountLiabilityWithdrawal' xlink:type='locator' />
    <link:loc xlink:href='../elts/us-gaap-2021-01-31.xsd#us-gaap_SeparateAccountLiabilityBenefitPayment' xlink:label='loc_SeparateAccountLiabilityBenefitPayment' xlink:type='locator' />
    <link:loc xlink:href='../elts/us-gaap-2021-01-31.xsd#us-gaap_SeparateAccountLiabilityIncreaseDecreaseFromInvestedPerformance' xlink:label='loc_SeparateAccountLiabilityIncreaseDecreaseFromInvestedPerformance' xlink:type='locator' />
    <link:loc xlink:href='../elts/us-gaap-2021-01-31.xsd#us-gaap_SeparateAccountLiabilityIncreaseDecreaseFromOtherChange' xlink:label='loc_SeparateAccountLiabilityIncreaseDecreaseFromOtherChange' xlink:type='locator' />
    <link:calculationArc order='10' weight='1.0' xlink:arcrole='http://www.xbrl.org/2003/arcrole/summation-item' xlink:from='loc_AdditionalLiabilityLongDurationInsuranceOriginalDiscountRateBeforeReinsuranceAfterCashFlowChange' xlink:to='loc_AdditionalLiabilityLongDurationInsuranceOriginalDiscountRateBeforeCashFlowAndReinsurance' xlink:type='arc' />
    <link:calculationArc order='20' weight='1.0' xlink:arcrole='http://www.xbrl.org/2003/arcrole/summation-item' xlink:from='loc_AdditionalLiabilityLongDurationInsuranceOriginalDiscountRateBeforeReinsuranceAfterCashFlowChange' xlink:to='loc_AdditionalLiabilityLongDurationInsuranceCumulativeIncreaseDecreaseFromCashFlowChange' xlink:type='arc' />
    <link:calculationArc order='30' weight='1.0' xlink:arcrole='http://www.xbrl.org/2003/arcrole/summation-item' xlink:from='loc_AdditionalLiabilityLongDurationInsuranceOriginalDiscountRateBeforeReinsuranceAfterCashFlowChange' xlink:to='loc_AdditionalLiabilityLongDurationInsuranceCumulativeIncreaseDecreaseOfActualVarianceFromExpectedExperience' xlink:type='arc' />
    <link:calculationArc order='10' weight='1.0' xlink:arcrole='http://www.xbrl.org/2003/arcrole/summation-item' xlink:from='loc_AdditionalLiabilityLongDurationInsurancePeriodIncreaseDecrease' xlink:to='loc_AdditionalLiabilityLongDurationInsuranceIssuance' xlink:type='arc' />
    <link:calculationArc order='20' weight='1.0' xlink:arcrole='http://www.xbrl.org/2003/arcrole/summation-item' xlink:from='loc_AdditionalLiabilityLongDurationInsurancePeriodIncreaseDecrease' xlink:to='loc_AdditionalLiabilityLongDurationInsuranceInterestIncomeExpense' xlink:type='arc' />
    <link:calculationArc order='30' weight='1.0' xlink:arcrole='http://www.xbrl.org/2003/arcrole/summation-item' xlink:from='loc_AdditionalLiabilityLongDurationInsurancePeriodIncreaseDecrease' xlink:to='loc_AdditionalLiabilityLongDurationInsuranceNetPremiumCollected' xlink:type='arc' />
    <link:calculationArc order='40' weight='-1.0' xlink:arcrole='http://www.xbrl.org/2003/arcrole/summation-item' xlink:from='loc_AdditionalLiabilityLongDurationInsurancePeriodIncreaseDecrease' xlink:to='loc_AdditionalLiabilityLongDurationInsuranceDerecognition' xlink:type='arc' />
    <link:calculationArc order='50' weight='1.0' xlink:arcrole='http://www.xbrl.org/2003/arcrole/summation-item' xlink:from='loc_AdditionalLiabilityLongDurationInsurancePeriodIncreaseDecrease' xlink:to='loc_AdditionalLiabilityLongDurationInsuranceIncreaseDecreaseFromDiscountRateChange' xlink:type='arc' />
    <link:calculationArc order='60' weight='-1.0' xlink:arcrole='http://www.xbrl.org/2003/arcrole/summation-item' xlink:from='loc_AdditionalLiabilityLongDurationInsurancePeriodIncreaseDecrease' xlink:to='loc_AdditionalLiabilityLongDurationInsuranceBenefitPayment' xlink:type='arc' />
    <link:calculationArc order='10' weight='-1.0' xlink:arcrole='http://www.xbrl.org/2003/arcrole/summation-item' xlink:from='loc_AdditionalLiabilityLongDurationInsuranceAfterReinsurance' xlink:to='loc_AdditionalLiabilityLongDurationInsuranceReinsuranceRecoverableAfterAllowance' xlink:type='arc' />
    <link:calculationArc order='20' weight='1.0' xlink:arcrole='http://www.xbrl.org/2003/arcrole/summation-item' xlink:from='loc_AdditionalLiabilityLongDurationInsuranceAfterReinsurance' xlink:to='loc_AdditionalLiabilityLongDurationInsuranceBeforeReinsuranceAfterDiscountRateChange' xlink:type='arc' />
    <link:calculationArc order='10' weight='1.0' xlink:arcrole='http://www.xbrl.org/2003/arcrole/summation-item' xlink:from='loc_LiabilityForFuturePolicyBenefitExpectedFutureBenefitOriginalDiscountRateBeforeReinsuranceAfterCashFlowChange' xlink:to='loc_LiabilityForFuturePolicyBenefitExpectedFuturePolicyBenefitOriginalDiscountRateBeforeCashFlowAndReinsurance' xlink:type='arc' />
    <link:calculationArc order='10' weight='1.0' xlink:arcrole='http://www.xbrl.org/2003/arcrole/summation-item' xlink:from='loc_LiabilityForFuturePolicyBenefitExpectedFuturePolicyBenefitOriginalDiscountRateBeforeCashFlowAndReinsurance' xlink:to='loc_LiabilityForFuturePolicyBenefitExpectedFuturePolicyBenefitBeforeReinsuranceAfterDiscountRateChange' xlink:type='arc' />
    <link:calculationArc order='20' weight='1.0' xlink:arcrole='http://www.xbrl.org/2003/arcrole/summation-item' xlink:from='loc_LiabilityForFuturePolicyBenefitExpectedFuturePolicyBenefitOriginalDiscountRateBeforeCashFlowAndReinsurance' xlink:to='loc_AociLiabilityForFuturePolicyBenefitExpectedFuturePolicyBenefitBeforeTax' xlink:type='arc' />
    <link:calculationArc order='20' weight='1.0' xlink:arcrole='http://www.xbrl.org/2003/arcrole/summation-item' xlink:from='loc_LiabilityForFuturePolicyBenefitExpectedFutureBenefitOriginalDiscountRateBeforeReinsuranceAfterCashFlowChange' xlink:to='loc_LiabilityForFuturePolicyBenefitExpectedFuturePolicyBenefitCumulativeIncreaseDecreaseFromCashFlowChange' xlink:type='arc' />
    <link:calculationArc order='30' weight='1.0' xlink:arcrole='http://www.xbrl.org/2003/arcrole/summation-item' xlink:from='loc_LiabilityForFuturePolicyBenefitExpectedFutureBenefitOriginalDiscountRateBeforeReinsuranceAfterCashFlowChange' xlink:to='loc_LiabilityForFuturePolicyBenefitExpectedFuturePolicyBenefitCumulativeIncreaseDecreaseOfActualVarianceFromExpectedExperience' xlink:type='arc' />
    <link:calculationArc order='10' weight='1.0' xlink:arcrole='http://www.xbrl.org/2003/arcrole/summation-item' xlink:from='loc_LiabilityForFuturePolicyBenefitExpectedFuturePolicyBenefitPeriodIncreaseDecrease' xlink:to='loc_LiabilityForFuturePolicyBenefitExpectedFuturePolicyBenefitIssuance' xlink:type='arc' />
    <link:calculationArc order='20' weight='1.0' xlink:arcrole='http://www.xbrl.org/2003/arcrole/summation-item' xlink:from='loc_LiabilityForFuturePolicyBenefitExpectedFuturePolicyBenefitPeriodIncreaseDecrease' xlink:to='loc_LiabilityForFuturePolicyBenefitExpectedFuturePolicyBenefitInterestExpense' xlink:type='arc' />
    <link:calculationArc order='30' weight='-1.0' xlink:arcrole='http://www.xbrl.org/2003/arcrole/summation-item' xlink:from='loc_LiabilityForFuturePolicyBenefitExpectedFuturePolicyBenefitPeriodIncreaseDecrease' xlink:to='loc_LiabilityForFuturePolicyBenefitExpectedFuturePolicyBenefitDerecognition' xlink:type='arc' />
    <link:calculationArc order='40' weight='1.0' xlink:arcrole='http://www.xbrl.org/2003/arcrole/summation-item' xlink:from='loc_LiabilityForFuturePolicyBenefitExpectedFuturePolicyBenefitPeriodIncreaseDecrease' xlink:to='loc_LiabilityForFuturePolicyBenefitExpectedFuturePolicyBenefitIncreaseDecreaseForOtherChange' xlink:type='arc' />
    <link:calculationArc order='50' weight='1.0' xlink:arcrole='http://www.xbrl.org/2003/arcrole/summation-item' xlink:from='loc_LiabilityForFuturePolicyBenefitExpectedFuturePolicyBenefitPeriodIncreaseDecrease' xlink:to='loc_PremiumDeficiencyTestingExpenseLongDurationContractAmount' xlink:type='arc' />
    <link:calculationArc order='10' weight='1.0' xlink:arcrole='http://www.xbrl.org/2003/arcrole/summation-item' xlink:from='loc_LiabilityForFuturePolicyBenefitExpectedNetPremiumOriginalDiscountRateBeforeReinsuranceAfterCashFlowChange' xlink:to='loc_LiabilityForFuturePolicyBenefitExpectedNetPremiumOriginalDiscountRateBeforeCashFlowAndReinsurance' xlink:type='arc' />
    <link:calculationArc order='10' weight='1.0' xlink:arcrole='http://www.xbrl.org/2003/arcrole/summation-item' xlink:from='loc_LiabilityForFuturePolicyBenefitExpectedNetPremiumOriginalDiscountRateBeforeCashFlowAndReinsurance' xlink:to='loc_LiabilityForFuturePolicyBenefitExpectedNetPremiumBeforeReinsuranceAfterDiscountRateChange' xlink:type='arc' />
    <link:calculationArc order='20' weight='-1.0' xlink:arcrole='http://www.xbrl.org/2003/arcrole/summation-item' xlink:from='loc_LiabilityForFuturePolicyBenefitExpectedNetPremiumOriginalDiscountRateBeforeCashFlowAndReinsurance' xlink:to='loc_AociLiabilityForFuturePolicyBenefitExpectedNetPremiumBeforeTax' xlink:type='arc' />
    <link:calculationArc order='20' weight='1.0' xlink:arcrole='http://www.xbrl.org/2003/arcrole/summation-item' xlink:from='loc_LiabilityForFuturePolicyBenefitExpectedNetPremiumOriginalDiscountRateBeforeReinsuranceAfterCashFlowChange' xlink:to='loc_LiabilityForFuturePolicyBenefitExpectedNetPremiumCumulativeIncreaseDecreaseFromCashFlowChange' xlink:type='arc' />
    <link:calculationArc order='30' weight='1.0' xlink:arcrole='http://www.xbrl.org/2003/arcrole/summation-item' xlink:from='loc_LiabilityForFuturePolicyBenefitExpectedNetPremiumOriginalDiscountRateBeforeReinsuranceAfterCashFlowChange' xlink:to='loc_LiabilityForFuturePolicyBenefitExpectedNetPremiumCumulativeIncreaseDecreaseOfActualVarianceFromExpectedExperience' xlink:type='arc' />
    <link:calculationArc order='10' weight='1.0' xlink:arcrole='http://www.xbrl.org/2003/arcrole/summation-item' xlink:from='loc_LiabilityForFuturePolicyBenefitExpectedNetPremiumPeriodIncreaseDecrease' xlink:to='loc_LiabilityForFuturePolicyBenefitExpectedNetPremiumIssuance' xlink:type='arc' />
    <link:calculationArc order='20' weight='1.0' xlink:arcrole='http://www.xbrl.org/2003/arcrole/summation-item' xlink:from='loc_LiabilityForFuturePolicyBenefitExpectedNetPremiumPeriodIncreaseDecrease' xlink:to='loc_LiabilityForFuturePolicyBenefitExpectedNetPremiumInterestIncome' xlink:type='arc' />
    <link:calculationArc order='30' weight='-1.0' xlink:arcrole='http://www.xbrl.org/2003/arcrole/summation-item' xlink:from='loc_LiabilityForFuturePolicyBenefitExpectedNetPremiumPeriodIncreaseDecrease' xlink:to='loc_LiabilityForFuturePolicyBenefitExpectedNetPremiumDerecognition' xlink:type='arc' />
    <link:calculationArc order='40' weight='1.0' xlink:arcrole='http://www.xbrl.org/2003/arcrole/summation-item' xlink:from='loc_LiabilityForFuturePolicyBenefitExpectedNetPremiumPeriodIncreaseDecrease' xlink:to='loc_LiabilityForFuturePolicyBenefitExpectedNetPremiumIncreaseDecreaseForOtherChange' xlink:type='arc' />
    <link:calculationArc order='50' weight='1.0' xlink:arcrole='http://www.xbrl.org/2003/arcrole/summation-item' xlink:from='loc_LiabilityForFuturePolicyBenefitExpectedNetPremiumPeriodIncreaseDecrease' xlink:to='loc_LiabilityForFuturePolicyBenefitExpectedNetPremiumNetPremiumCollected' xlink:type='arc' />
    <link:calculationArc order='10' weight='1.0' xlink:arcrole='http://www.xbrl.org/2003/arcrole/summation-item' xlink:from='loc_LiabilityForFuturePolicyBenefitRemeasurementGainLoss' xlink:to='loc_AdditionalLiabilityLongDurationInsuranceRemeasurementGainLoss' xlink:type='arc' />
    <link:calculationArc order='20' weight='1.0' xlink:arcrole='http://www.xbrl.org/2003/arcrole/summation-item' xlink:from='loc_LiabilityForFuturePolicyBenefitRemeasurementGainLoss' xlink:to='loc_LiabilityForFuturePolicyBenefitRemeasurementGainLossLimitedPaymentContract' xlink:type='arc' />
    <link:calculationArc order='10' weight='1.0' xlink:arcrole='http://www.xbrl.org/2003/arcrole/summation-item' xlink:from='loc_LiabilityForFuturePolicyBenefitAfterReinsurance' xlink:to='loc_LiabilityForFuturePolicyBenefits' xlink:type='arc' />
    <link:calculationArc order='20' weight='-1.0' xlink:arcrole='http://www.xbrl.org/2003/arcrole/summation-item' xlink:from='loc_LiabilityForFuturePolicyBenefitAfterReinsurance' xlink:to='loc_LiabilityForFuturePolicyBenefitReinsuranceRecoverableAfterAllowance' xlink:type='arc' />
    <link:calculationArc order='10' weight='1.0' xlink:arcrole='http://www.xbrl.org/2003/arcrole/summation-item' xlink:from='loc_MarketRiskBenefitPeriodIncreaseDecrease' xlink:to='loc_MarketRiskBenefitInterestExpense' xlink:type='arc' />
    <link:calculationArc order='20' weight='1.0' xlink:arcrole='http://www.xbrl.org/2003/arcrole/summation-item' xlink:from='loc_MarketRiskBenefitPeriodIncreaseDecrease' xlink:to='loc_MarketRiskBenefitAttributedFeeCollected' xlink:type='arc' />
    <link:calculationArc order='30' weight='-1.0' xlink:arcrole='http://www.xbrl.org/2003/arcrole/summation-item' xlink:from='loc_MarketRiskBenefitPeriodIncreaseDecrease' xlink:to='loc_MarketRiskBenefitBenefitPayment' xlink:type='arc' />
    <link:calculationArc order='40' weight='1.0' xlink:arcrole='http://www.xbrl.org/2003/arcrole/summation-item' xlink:from='loc_MarketRiskBenefitPeriodIncreaseDecrease' xlink:to='loc_MarketRiskBenefitIssuance' xlink:type='arc' />
    <link:calculationArc order='50' weight='1.0' xlink:arcrole='http://www.xbrl.org/2003/arcrole/summation-item' xlink:from='loc_MarketRiskBenefitPeriodIncreaseDecrease' xlink:to='loc_MarketRiskBenefitIncreaseDecreaseFromActualPolicyholderBehaviorDifferentFromExpected' xlink:type='arc' />
    <link:calculationArc order='60' weight='1.0' xlink:arcrole='http://www.xbrl.org/2003/arcrole/summation-item' xlink:from='loc_MarketRiskBenefitPeriodIncreaseDecrease' xlink:to='loc_MarketRiskBenefitIncreaseDecreaseFromEquityMarketChange' xlink:type='arc' />
    <link:calculationArc order='70' weight='1.0' xlink:arcrole='http://www.xbrl.org/2003/arcrole/summation-item' xlink:from='loc_MarketRiskBenefitPeriodIncreaseDecrease' xlink:to='loc_MarketRiskBenefitIncreaseDecreaseFromFutureExpectedPolicyholderBehaviorAssumption' xlink:type='arc' />
    <link:calculationArc order='80' weight='1.0' xlink:arcrole='http://www.xbrl.org/2003/arcrole/summation-item' xlink:from='loc_MarketRiskBenefitPeriodIncreaseDecrease' xlink:to='loc_MarketRiskBenefitIncreaseDecreaseFromInterestRateChange' xlink:type='arc' />
    <link:calculationArc order='90' weight='1.0' xlink:arcrole='http://www.xbrl.org/2003/arcrole/summation-item' xlink:from='loc_MarketRiskBenefitPeriodIncreaseDecrease' xlink:to='loc_MarketRiskBenefitIncreaseDecreaseFromOtherAssumption' xlink:type='arc' />
    <link:calculationArc order='100' weight='1.0' xlink:arcrole='http://www.xbrl.org/2003/arcrole/summation-item' xlink:from='loc_MarketRiskBenefitPeriodIncreaseDecrease' xlink:to='loc_MarketRiskBenefitIncreaseDecreaseFromVolatility' xlink:type='arc' />
    <link:calculationArc order='10' weight='1.0' xlink:arcrole='http://www.xbrl.org/2003/arcrole/summation-item' xlink:from='loc_MarketRiskBenefitAfterReinsuranceAndCumulativeIncreaseDecreaseFromInstrumentSpecificCreditRiskChange' xlink:to='loc_MarketRiskBenefitAfterIncreaseDecreaseFromInstrumentSpecificCreditRisk' xlink:type='arc' />
    <link:calculationArc order='20' weight='-1.0' xlink:arcrole='http://www.xbrl.org/2003/arcrole/summation-item' xlink:from='loc_MarketRiskBenefitAfterReinsuranceAndCumulativeIncreaseDecreaseFromInstrumentSpecificCreditRiskChange' xlink:to='loc_MarketRiskBenefitReinsuranceRecoverableAfterAllowance' xlink:type='arc' />
    <link:calculationArc order='10' weight='1.0' xlink:arcrole='http://www.xbrl.org/2003/arcrole/summation-item' xlink:from='loc_OciLiabilityForFuturePolicyBenefitGainLossAfterReclassificationAdjustmentAndTaxParent' xlink:to='loc_OciLiabilityForFuturePolicyBenefitGainLossAfterReclassificationAdjustmentAndTax' xlink:type='arc' />
    <link:calculationArc order='10' weight='1.0' xlink:arcrole='http://www.xbrl.org/2003/arcrole/summation-item' xlink:from='loc_OciLiabilityForFuturePolicyBenefitGainLossAfterReclassificationAdjustmentAndTax' xlink:to='loc_OciLiabilityForFuturePolicyBenefitGainLossBeforeReclassificationAdjustmentAfterTax' xlink:type='arc' />
    <link:calculationArc order='20' weight='-1.0' xlink:arcrole='http://www.xbrl.org/2003/arcrole/summation-item' xlink:from='loc_OciLiabilityForFuturePolicyBenefitGainLossAfterReclassificationAdjustmentAndTax' xlink:to='loc_OciLiabilityForFuturePolicyBenefitGainLossReclassificationAdjustmentFromAociAfterTax' xlink:type='arc' />
    <link:calculationArc order='20' weight='-1.0' xlink:arcrole='http://www.xbrl.org/2003/arcrole/summation-item' xlink:from='loc_OciLiabilityForFuturePolicyBenefitGainLossAfterReclassificationAdjustmentAndTaxParent' xlink:to='loc_OciLiabilityForFuturePolicyBenefitGainLossAfterReclassificationAdjustmentAndTaxNoncontrollingInterest' xlink:type='arc' />
    <link:calculationArc order='10' weight='1.0' xlink:arcrole='http://www.xbrl.org/2003/arcrole/summation-item' xlink:from='loc_OciLiabilityForFuturePolicyBenefitGainLossAfterReclassificationAdjustmentTaxParent' xlink:to='loc_OciLiabilityForFuturePolicyBenefitGainLossAfterReclassificationAdjustmentTax' xlink:type='arc' />
    <link:calculationArc order='10' weight='1.0' xlink:arcrole='http://www.xbrl.org/2003/arcrole/summation-item' xlink:from='loc_OciLiabilityForFuturePolicyBenefitGainLossAfterReclassificationAdjustmentTax' xlink:to='loc_OciLiabilityForFuturePolicyBenefitGainLossBeforeReclassificationAdjustmentTax' xlink:type='arc' />
    <link:calculationArc order='20' weight='-1.0' xlink:arcrole='http://www.xbrl.org/2003/arcrole/summation-item' xlink:from='loc_OciLiabilityForFuturePolicyBenefitGainLossAfterReclassificationAdjustmentTax' xlink:to='loc_OciLiabilityForFuturePolicyBenefitGainLossReclassificationAdjustmentFromAociTax' xlink:type='arc' />
    <link:calculationArc order='20' weight='-1.0' xlink:arcrole='http://www.xbrl.org/2003/arcrole/summation-item' xlink:from='loc_OciLiabilityForFuturePolicyBenefitGainLossAfterReclassificationAdjustmentTaxParent' xlink:to='loc_OciLiabilityForFuturePolicyBenefitGainLossAfterReclassificationAdjustmentTaxNoncontrollingInterest' xlink:type='arc' />
    <link:calculationArc order='10' weight='1.0' xlink:arcrole='http://www.xbrl.org/2003/arcrole/summation-item' xlink:from='loc_OciLiabilityForFuturePolicyBenefitGainLossAfterReclassificationAdjustmentBeforeTaxParent' xlink:to='loc_OciLiabilityForFuturePolicyBenefitGainLossAfterReclassificationAdjustmentBeforeTax' xlink:type='arc' />
    <link:calculationArc order='10' weight='1.0' xlink:arcrole='http://www.xbrl.org/2003/arcrole/summation-item' xlink:from='loc_OciLiabilityForFuturePolicyBenefitGainLossAfterReclassificationAdjustmentBeforeTax' xlink:to='loc_OciLiabilityForFuturePolicyBenefitGainLossBeforeReclassificationAdjustmentAndTax' xlink:type='arc' />
    <link:calculationArc order='20' weight='-1.0' xlink:arcrole='http://www.xbrl.org/2003/arcrole/summation-item' xlink:from='loc_OciLiabilityForFuturePolicyBenefitGainLossAfterReclassificationAdjustmentBeforeTax' xlink:to='loc_OciLiabilityForFuturePolicyBenefitGainLossReclassificationAdjustmentFromAociBeforeTax' xlink:type='arc' />
    <link:calculationArc order='20' weight='-1.0' xlink:arcrole='http://www.xbrl.org/2003/arcrole/summation-item' xlink:from='loc_OciLiabilityForFuturePolicyBenefitGainLossAfterReclassificationAdjustmentBeforeTaxParent' xlink:to='loc_OciLiabilityForFuturePolicyBenefitGainLossAfterReclassificationAdjustmentBeforeTaxNoncontrollingInterest' xlink:type='arc' />
    <link:calculationArc order='10' weight='1.0' xlink:arcrole='http://www.xbrl.org/2003/arcrole/summation-item' xlink:from='loc_OciMarketRiskBenefitInstrumentSpecificCreditRiskGainLossAfterAdjustmentsAndTaxParent' xlink:to='loc_OciMarketRiskBenefitInstrumentSpecificCreditRiskGainLossAfterAdjustmentsAndTax' xlink:type='arc' />
    <link:calculationArc order='10' weight='1.0' xlink:arcrole='http://www.xbrl.org/2003/arcrole/summation-item' xlink:from='loc_OciMarketRiskBenefitInstrumentSpecificCreditRiskGainLossAfterAdjustmentsAndTax' xlink:to='loc_OciMarketRiskBenefitInstrumentSpecificCreditRiskGainLossBeforeAdjustmentsAfterTax' xlink:type='arc' />
    <link:calculationArc order='20' weight='-1.0' xlink:arcrole='http://www.xbrl.org/2003/arcrole/summation-item' xlink:from='loc_OciMarketRiskBenefitInstrumentSpecificCreditRiskGainLossAfterAdjustmentsAndTax' xlink:to='loc_OciMarketRiskBenefitInstrumentSpecificCreditRiskGainLossReclassificationAdjustmentFromAociAfterTax' xlink:type='arc' />
    <link:calculationArc order='30' weight='-1.0' xlink:arcrole='http://www.xbrl.org/2003/arcrole/summation-item' xlink:from='loc_OciMarketRiskBenefitInstrumentSpecificCreditRiskGainLossAfterAdjustmentsAndTax' xlink:to='loc_OciMarketRiskBenefitInstrumentSpecificCreditRiskAdjustmentFromAociForDerecognitionAfterTax' xlink:type='arc' />
    <link:calculationArc order='20' weight='-1.0' xlink:arcrole='http://www.xbrl.org/2003/arcrole/summation-item' xlink:from='loc_OciMarketRiskBenefitInstrumentSpecificCreditRiskGainLossAfterAdjustmentsAndTaxParent' xlink:to='loc_OciMarketRiskBenefitInstrumentSpecificCreditRiskGainLossAfterAdjustmentsAndTaxNoncontrollingInterest' xlink:type='arc' />
    <link:calculationArc order='10' weight='1.0' xlink:arcrole='http://www.xbrl.org/2003/arcrole/summation-item' xlink:from='loc_OciMarketRiskBenefitInstrumentSpecificCreditRiskGainLossAfterAdjustmentsTaxParent' xlink:to='loc_OciMarketRiskBenefitInstrumentSpecificCreditRiskGainLossAfterAdjustmentsTax' xlink:type='arc' />
    <link:calculationArc order='10' weight='-1.0' xlink:arcrole='http://www.xbrl.org/2003/arcrole/summation-item' xlink:from='loc_OciMarketRiskBenefitInstrumentSpecificCreditRiskGainLossAfterAdjustmentsTax' xlink:to='loc_OciMarketRiskBenefitInstrumentSpecificCreditRiskGainLossReclassificationAdjustmentFromAociTax' xlink:type='arc' />
    <link:calculationArc order='20' weight='-1.0' xlink:arcrole='http://www.xbrl.org/2003/arcrole/summation-item' xlink:from='loc_OciMarketRiskBenefitInstrumentSpecificCreditRiskGainLossAfterAdjustmentsTax' xlink:to='loc_OciMarketRiskBenefitInstrumentSpecificCreditRiskAdjustmentFromAociTax' xlink:type='arc' />
    <link:calculationArc order='30' weight='1.0' xlink:arcrole='http://www.xbrl.org/2003/arcrole/summation-item' xlink:from='loc_OciMarketRiskBenefitInstrumentSpecificCreditRiskGainLossAfterAdjustmentsTax' xlink:to='loc_OciMarketRiskBenefitInstrumentSpecificCreditRiskGainLossBeforeAdjustmentsTax' xlink:type='arc' />
    <link:calculationArc order='20' weight='-1.0' xlink:arcrole='http://www.xbrl.org/2003/arcrole/summation-item' xlink:from='loc_OciMarketRiskBenefitInstrumentSpecificCreditRiskGainLossAfterAdjustmentsTaxParent' xlink:to='loc_OciMarketRiskBenefitInstrumentSpecificCreditRiskGainLossAfterAdjustmentsTaxNoncontrollingInterest' xlink:type='arc' />
    <link:calculationArc order='10' weight='1.0' xlink:arcrole='http://www.xbrl.org/2003/arcrole/summation-item' xlink:from='loc_OciMarketRiskBenefitInstrumentSpecificCreditRiskGainLossAfterAdjustmentsBeforeTaxParent' xlink:to='loc_OciMarketRiskBenefitInstrumentSpecificCreditRiskGainLossAfterAdjustmentsBeforeTax' xlink:type='arc' />
    <link:calculationArc order='10' weight='1.0' xlink:arcrole='http://www.xbrl.org/2003/arcrole/summation-item' xlink:from='loc_OciMarketRiskBenefitInstrumentSpecificCreditRiskGainLossAfterAdjustmentsBeforeTax' xlink:to='loc_OciMarketRiskBenefitInstrumentSpecificCreditRiskGainLossBeforeAdjustmentsAndTax' xlink:type='arc' />
    <link:calculationArc order='20' weight='-1.0' xlink:arcrole='http://www.xbrl.org/2003/arcrole/summation-item' xlink:from='loc_OciMarketRiskBenefitInstrumentSpecificCreditRiskGainLossAfterAdjustmentsBeforeTax' xlink:to='loc_OciMarketRiskBenefitInstrumentSpecificCreditRiskGainLossReclassificationAdjustmentFromAociBeforeTax' xlink:type='arc' />
    <link:calculationArc order='30' weight='-1.0' xlink:arcrole='http://www.xbrl.org/2003/arcrole/summation-item' xlink:from='loc_OciMarketRiskBenefitInstrumentSpecificCreditRiskGainLossAfterAdjustmentsBeforeTax' xlink:to='loc_OciMarketRiskBenefitInstrumentSpecificCreditRiskAdjustmentFromAociForDerecognitionBeforeTax' xlink:type='arc' />
    <link:calculationArc order='20' weight='-1.0' xlink:arcrole='http://www.xbrl.org/2003/arcrole/summation-item' xlink:from='loc_OciMarketRiskBenefitInstrumentSpecificCreditRiskGainLossAfterAdjustmentsBeforeTaxParent' xlink:to='loc_OciMarketRiskBenefitInstrumentSpecificCreditRiskGainLossAfterAdjustmentsBeforeTaxNoncontrollingInterest' xlink:type='arc' />
    <link:calculationArc order='10' weight='1.0' xlink:arcrole='http://www.xbrl.org/2003/arcrole/summation-item' xlink:from='loc_PolicyholderAccountBalancePeriodIncreaseDecrease' xlink:to='loc_PolicyholderAccountBalanceIssuance' xlink:type='arc' />
    <link:calculationArc order='20' weight='-1.0' xlink:arcrole='http://www.xbrl.org/2003/arcrole/summation-item' xlink:from='loc_PolicyholderAccountBalancePeriodIncreaseDecrease' xlink:to='loc_PolicyholderAccountBalanceBenefitPayment' xlink:type='arc' />
    <link:calculationArc order='30' weight='-1.0' xlink:arcrole='http://www.xbrl.org/2003/arcrole/summation-item' xlink:from='loc_PolicyholderAccountBalancePeriodIncreaseDecrease' xlink:to='loc_PolicyholderAccountBalancePolicyCharge' xlink:type='arc' />
    <link:calculationArc order='40' weight='1.0' xlink:arcrole='http://www.xbrl.org/2003/arcrole/summation-item' xlink:from='loc_PolicyholderAccountBalancePeriodIncreaseDecrease' xlink:to='loc_PolicyholderAccountBalancePremiumReceived' xlink:type='arc' />
    <link:calculationArc order='50' weight='-1.0' xlink:arcrole='http://www.xbrl.org/2003/arcrole/summation-item' xlink:from='loc_PolicyholderAccountBalancePeriodIncreaseDecrease' xlink:to='loc_PolicyholderAccountBalanceSurrenderAndWithdrawal' xlink:type='arc' />
    <link:calculationArc order='10' weight='1.0' xlink:arcrole='http://www.xbrl.org/2003/arcrole/summation-item' xlink:from='loc_PolicyholderAccountBalanceSurrenderAndWithdrawal' xlink:to='loc_PolicyholderAccountBalanceWithdrawal' xlink:type='arc' />
    <link:calculationArc order='20' weight='1.0' xlink:arcrole='http://www.xbrl.org/2003/arcrole/summation-item' xlink:from='loc_PolicyholderAccountBalanceSurrenderAndWithdrawal' xlink:to='loc_PolicyholderAccountBalanceSurrender' xlink:type='arc' />
    <link:calculationArc order='60' weight='1.0' xlink:arcrole='http://www.xbrl.org/2003/arcrole/summation-item' xlink:from='loc_PolicyholderAccountBalancePeriodIncreaseDecrease' xlink:to='loc_PolicyholderAccountBalanceIncreaseDecreaseFromOtherChange' xlink:type='arc' />
    <link:calculationArc order='70' weight='1.0' xlink:arcrole='http://www.xbrl.org/2003/arcrole/summation-item' xlink:from='loc_PolicyholderAccountBalancePeriodIncreaseDecrease' xlink:to='loc_TransferToFromPolicyholderAccountBalanceToFromSeparateAccount' xlink:type='arc' />
    <link:calculationArc order='10' weight='1.0' xlink:arcrole='http://www.xbrl.org/2003/arcrole/summation-item' xlink:from='loc_SeparateAccountLiabilityPeriodIncreaseDecrease' xlink:to='loc_SeparateAccountLiabilityPremiumAndDeposit' xlink:type='arc' />
    <link:calculationArc order='10' weight='1.0' xlink:arcrole='http://www.xbrl.org/2003/arcrole/summation-item' xlink:from='loc_SeparateAccountLiabilityPremiumAndDeposit' xlink:to='loc_SeparateAccountLiabilityPremium' xlink:type='arc' />
    <link:calculationArc order='20' weight='1.0' xlink:arcrole='http://www.xbrl.org/2003/arcrole/summation-item' xlink:from='loc_SeparateAccountLiabilityPremiumAndDeposit' xlink:to='loc_SeparateAccountLiabilityDeposit' xlink:type='arc' />
    <link:calculationArc order='20' weight='-1.0' xlink:arcrole='http://www.xbrl.org/2003/arcrole/summation-item' xlink:from='loc_SeparateAccountLiabilityPeriodIncreaseDecrease' xlink:to='loc_SeparateAccountLiabilityPolicyCharge' xlink:type='arc' />
    <link:calculationArc order='30' weight='-1.0' xlink:arcrole='http://www.xbrl.org/2003/arcrole/summation-item' xlink:from='loc_SeparateAccountLiabilityPeriodIncreaseDecrease' xlink:to='loc_SeparateAccountLiabilitySurrenderAndWithdrawal' xlink:type='arc' />
    <link:calculationArc order='10' weight='1.0' xlink:arcrole='http://www.xbrl.org/2003/arcrole/summation-item' xlink:from='loc_SeparateAccountLiabilitySurrenderAndWithdrawal' xlink:to='loc_SeparateAccountLiabilitySurrender' xlink:type='arc' />
    <link:calculationArc order='20' weight='1.0' xlink:arcrole='http://www.xbrl.org/2003/arcrole/summation-item' xlink:from='loc_SeparateAccountLiabilitySurrenderAndWithdrawal' xlink:to='loc_SeparateAccountLiabilityWithdrawal' xlink:type='arc' />
    <link:calculationArc order='40' weight='-1.0' xlink:arcrole='http://www.xbrl.org/2003/arcrole/summation-item' xlink:from='loc_SeparateAccountLiabilityPeriodIncreaseDecrease' xlink:to='loc_SeparateAccountLiabilityBenefitPayment' xlink:type='arc' />
    <link:calculationArc order='50' weight='1.0' xlink:arcrole='http://www.xbrl.org/2003/arcrole/summation-item' xlink:from='loc_SeparateAccountLiabilityPeriodIncreaseDecrease' xlink:to='loc_SeparateAccountLiabilityIncreaseDecreaseFromInvestedPerformance' xlink:type='arc' />
    <link:calculationArc order='60' weight='1.0' xlink:arcrole='http://www.xbrl.org/2003/arcrole/summation-item' xlink:from='loc_SeparateAccountLiabilityPeriodIncreaseDecrease' xlink:to='loc_SeparateAccountLiabilityIncreaseDecreaseFromOtherChange' xlink:type='arc' />
    <link:calculationArc order='70' weight='-1.0' xlink:arcrole='http://www.xbrl.org/2003/arcrole/summation-item' xlink:from='loc_SeparateAccountLiabilityPeriodIncreaseDecrease' xlink:to='loc_TransferToFromPolicyholderAccountBalanceToFromSeparateAccount' xlink:type='arc' />
  </link:calculationLink>
</link:linkbase>
