<?xml version='1.0' encoding='UTF-8'?>

<!--
(c) 2010-2021 Financial Accounting Foundation; (c) 2007-2010 XBRL US, Inc.  All Rights Reserved.
Notice: Authorized Uses are Set Forth at https://xbrl.fasb.org/terms/TaxonomiesTermsConditions.html
  -->
<link:linkbase xmlns:link='http://www.xbrl.org/2003/linkbase' xmlns:xbrldt='http://xbrl.org/2005/xbrldt' xmlns:xlink='http://www.w3.org/1999/xlink' xmlns:xsi='http://www.w3.org/2001/XMLSchema-instance' xsi:schemaLocation='http://www.xbrl.org/2003/linkbase http://www.xbrl.org/2003/xbrl-linkbase-2003-12-31.xsd'>
  <link:roleRef roleURI='http://fasb.org/us-gaap/role/disclosure/HealthCareOrganizationsScheduleOfMalpracticeInsuranceTable' xlink:href='../elts/us-roles-2021-01-31.xsd#HealthCareOrganizationsScheduleOfMalpracticeInsuranceTable' xlink:type='simple' />
  <link:arcroleRef arcroleURI='http://xbrl.org/int/dim/arcrole/all' xlink:href='http://www.xbrl.org/2005/xbrldt-2005.xsd#all' xlink:type='simple' />
  <link:arcroleRef arcroleURI='http://xbrl.org/int/dim/arcrole/dimension-default' xlink:href='http://www.xbrl.org/2005/xbrldt-2005.xsd#dimension-default' xlink:type='simple' />
  <link:arcroleRef arcroleURI='http://xbrl.org/int/dim/arcrole/dimension-domain' xlink:href='http://www.xbrl.org/2005/xbrldt-2005.xsd#dimension-domain' xlink:type='simple' />
  <link:arcroleRef arcroleURI='http://xbrl.org/int/dim/arcrole/domain-member' xlink:href='http://www.xbrl.org/2005/xbrldt-2005.xsd#domain-member' xlink:type='simple' />
  <link:arcroleRef arcroleURI='http://xbrl.org/int/dim/arcrole/hypercube-dimension' xlink:href='http://www.xbrl.org/2005/xbrldt-2005.xsd#hypercube-dimension' xlink:type='simple' />
  <link:definitionLink xlink:role='http://fasb.org/us-gaap/role/disclosure/HealthCareOrganizationsScheduleOfMalpracticeInsuranceTable' xlink:type='extended'>
    <link:loc xlink:href='../elts/us-gaap-2021-01-31.xsd#us-gaap_MalpracticeInsuranceLineItems' xlink:label='loc_MalpracticeInsuranceLineItems' xlink:type='locator' />
    <link:loc xlink:href='../elts/us-gaap-2021-01-31.xsd#us-gaap_ScheduleOfMalpracticeInsuranceTable' xlink:label='loc_ScheduleOfMalpracticeInsuranceTable' xlink:type='locator' />
    <link:definitionArc order='1.0' xbrldt:closed='true' xbrldt:contextElement='segment' xlink:arcrole='http://xbrl.org/int/dim/arcrole/all' xlink:from='loc_MalpracticeInsuranceLineItems' xlink:to='loc_ScheduleOfMalpracticeInsuranceTable' xlink:type='arc' />
  </link:definitionLink>
  <link:definitionLink xlink:role='http://fasb.org/us-gaap/role/disclosure/HealthCareOrganizationsScheduleOfMalpracticeInsuranceTable' xlink:type='extended'>
    <link:loc xlink:href='https://xbrl.fasb.org/srt/2021/elts/srt-2021-01-31.xsd#srt_CreditRatingAMBestAxis' xlink:label='loc_CreditRatingAMBestAxis' xlink:type='locator' />
    <link:loc xlink:href='https://xbrl.fasb.org/srt/2021/elts/srt-2021-01-31.xsd#srt_CreditRatingAMBestDomain' xlink:label='loc_CreditRatingAMBestDomain' xlink:type='locator' />
    <link:loc xlink:href='https://xbrl.fasb.org/srt/2021/elts/srt-2021-01-31.xsd#srt_CreditRatingFitchAxis' xlink:label='loc_CreditRatingFitchAxis' xlink:type='locator' />
    <link:loc xlink:href='https://xbrl.fasb.org/srt/2021/elts/srt-2021-01-31.xsd#srt_ExternalCreditRatingFitchMember' xlink:label='loc_ExternalCreditRatingFitchMember' xlink:type='locator' />
    <link:loc xlink:href='https://xbrl.fasb.org/srt/2021/elts/srt-2021-01-31.xsd#srt_CreditRatingMoodysAxis' xlink:label='loc_CreditRatingMoodysAxis' xlink:type='locator' />
    <link:loc xlink:href='https://xbrl.fasb.org/srt/2021/elts/srt-2021-01-31.xsd#srt_ExternalCreditRatingMoodysMember' xlink:label='loc_ExternalCreditRatingMoodysMember' xlink:type='locator' />
    <link:loc xlink:href='https://xbrl.fasb.org/srt/2021/elts/srt-2021-01-31.xsd#srt_CreditRatingStandardPoorsAxis' xlink:label='loc_CreditRatingStandardPoorsAxis' xlink:type='locator' />
    <link:loc xlink:href='https://xbrl.fasb.org/srt/2021/elts/srt-2021-01-31.xsd#srt_ExternalCreditRatingStandardPoorsMember' xlink:label='loc_ExternalCreditRatingStandardPoorsMember' xlink:type='locator' />
    <link:loc xlink:href='../elts/us-gaap-2021-01-31.xsd#us-gaap_ScheduleOfMalpracticeInsuranceTypeAndTierIdentifierAxis' xlink:label='loc_ScheduleOfMalpracticeInsuranceTypeAndTierIdentifierAxis' xlink:type='locator' />
    <link:loc xlink:href='../elts/us-gaap-2021-01-31.xsd#us-gaap_TypeAndTierIdentifierDomain' xlink:label='loc_TypeAndTierIdentifierDomain' xlink:type='locator' />
    <link:loc xlink:href='https://xbrl.fasb.org/srt/2021/elts/srt-2021-01-31.xsd#srt_RangeAxis' xlink:label='loc_RangeAxis' xlink:type='locator' />
    <link:loc xlink:href='https://xbrl.fasb.org/srt/2021/elts/srt-2021-01-31.xsd#srt_RangeMember' xlink:label='loc_RangeMember' xlink:type='locator' />
    <link:definitionArc order='4.0' xlink:arcrole='http://xbrl.org/int/dim/arcrole/dimension-default' xlink:from='loc_CreditRatingAMBestAxis' xlink:to='loc_CreditRatingAMBestDomain' xlink:type='arc' />
    <link:definitionArc order='5.0' xlink:arcrole='http://xbrl.org/int/dim/arcrole/dimension-default' xlink:from='loc_CreditRatingFitchAxis' xlink:to='loc_ExternalCreditRatingFitchMember' xlink:type='arc' />
    <link:definitionArc order='2.0' xlink:arcrole='http://xbrl.org/int/dim/arcrole/dimension-default' xlink:from='loc_CreditRatingMoodysAxis' xlink:to='loc_ExternalCreditRatingMoodysMember' xlink:type='arc' />
    <link:definitionArc order='3.0' xlink:arcrole='http://xbrl.org/int/dim/arcrole/dimension-default' xlink:from='loc_CreditRatingStandardPoorsAxis' xlink:to='loc_ExternalCreditRatingStandardPoorsMember' xlink:type='arc' />
    <link:definitionArc order='1.0' xlink:arcrole='http://xbrl.org/int/dim/arcrole/dimension-default' xlink:from='loc_ScheduleOfMalpracticeInsuranceTypeAndTierIdentifierAxis' xlink:to='loc_TypeAndTierIdentifierDomain' xlink:type='arc' />
    <link:definitionArc order='6.0' xlink:arcrole='http://xbrl.org/int/dim/arcrole/dimension-default' xlink:from='loc_RangeAxis' xlink:to='loc_RangeMember' xlink:type='arc' />
  </link:definitionLink>
  <link:definitionLink xlink:role='http://fasb.org/us-gaap/role/disclosure/HealthCareOrganizationsScheduleOfMalpracticeInsuranceTable' xlink:type='extended'>
    <link:loc xlink:href='https://xbrl.fasb.org/srt/2021/elts/srt-2021-01-31.xsd#srt_CreditRatingAMBestAxis' xlink:label='loc_CreditRatingAMBestAxis' xlink:type='locator' />
    <link:loc xlink:href='https://xbrl.fasb.org/srt/2021/elts/srt-2021-01-31.xsd#srt_CreditRatingAMBestDomain' xlink:label='loc_CreditRatingAMBestDomain' xlink:type='locator' />
    <link:loc xlink:href='https://xbrl.fasb.org/srt/2021/elts/srt-2021-01-31.xsd#srt_CreditRatingFitchAxis' xlink:label='loc_CreditRatingFitchAxis' xlink:type='locator' />
    <link:loc xlink:href='https://xbrl.fasb.org/srt/2021/elts/srt-2021-01-31.xsd#srt_ExternalCreditRatingFitchMember' xlink:label='loc_ExternalCreditRatingFitchMember' xlink:type='locator' />
    <link:loc xlink:href='https://xbrl.fasb.org/srt/2021/elts/srt-2021-01-31.xsd#srt_CreditRatingMoodysAxis' xlink:label='loc_CreditRatingMoodysAxis' xlink:type='locator' />
    <link:loc xlink:href='https://xbrl.fasb.org/srt/2021/elts/srt-2021-01-31.xsd#srt_ExternalCreditRatingMoodysMember' xlink:label='loc_ExternalCreditRatingMoodysMember' xlink:type='locator' />
    <link:loc xlink:href='https://xbrl.fasb.org/srt/2021/elts/srt-2021-01-31.xsd#srt_CreditRatingStandardPoorsAxis' xlink:label='loc_CreditRatingStandardPoorsAxis' xlink:type='locator' />
    <link:loc xlink:href='https://xbrl.fasb.org/srt/2021/elts/srt-2021-01-31.xsd#srt_ExternalCreditRatingStandardPoorsMember' xlink:label='loc_ExternalCreditRatingStandardPoorsMember' xlink:type='locator' />
    <link:loc xlink:href='../elts/us-gaap-2021-01-31.xsd#us-gaap_ScheduleOfMalpracticeInsuranceTypeAndTierIdentifierAxis' xlink:label='loc_ScheduleOfMalpracticeInsuranceTypeAndTierIdentifierAxis' xlink:type='locator' />
    <link:loc xlink:href='../elts/us-gaap-2021-01-31.xsd#us-gaap_TypeAndTierIdentifierDomain' xlink:label='loc_TypeAndTierIdentifierDomain' xlink:type='locator' />
    <link:loc xlink:href='https://xbrl.fasb.org/srt/2021/elts/srt-2021-01-31.xsd#srt_RangeAxis' xlink:label='loc_RangeAxis' xlink:type='locator' />
    <link:loc xlink:href='https://xbrl.fasb.org/srt/2021/elts/srt-2021-01-31.xsd#srt_RangeMember' xlink:label='loc_RangeMember' xlink:type='locator' />
    <link:definitionArc order='4.0' xlink:arcrole='http://xbrl.org/int/dim/arcrole/dimension-domain' xlink:from='loc_CreditRatingAMBestAxis' xlink:to='loc_CreditRatingAMBestDomain' xlink:type='arc' />
    <link:definitionArc order='5.0' xlink:arcrole='http://xbrl.org/int/dim/arcrole/dimension-domain' xlink:from='loc_CreditRatingFitchAxis' xlink:to='loc_ExternalCreditRatingFitchMember' xlink:type='arc' />
    <link:definitionArc order='2.0' xlink:arcrole='http://xbrl.org/int/dim/arcrole/dimension-domain' xlink:from='loc_CreditRatingMoodysAxis' xlink:to='loc_ExternalCreditRatingMoodysMember' xlink:type='arc' />
    <link:definitionArc order='3.0' xlink:arcrole='http://xbrl.org/int/dim/arcrole/dimension-domain' xlink:from='loc_CreditRatingStandardPoorsAxis' xlink:to='loc_ExternalCreditRatingStandardPoorsMember' xlink:type='arc' />
    <link:definitionArc order='1.0' xlink:arcrole='http://xbrl.org/int/dim/arcrole/dimension-domain' xlink:from='loc_ScheduleOfMalpracticeInsuranceTypeAndTierIdentifierAxis' xlink:to='loc_TypeAndTierIdentifierDomain' xlink:type='arc' />
    <link:definitionArc order='6.0' xlink:arcrole='http://xbrl.org/int/dim/arcrole/dimension-domain' xlink:from='loc_RangeAxis' xlink:to='loc_RangeMember' xlink:type='arc' />
  </link:definitionLink>
  <link:definitionLink xlink:role='http://fasb.org/us-gaap/role/disclosure/HealthCareOrganizationsScheduleOfMalpracticeInsuranceTable' xlink:type='extended'>
    <link:loc xlink:href='https://xbrl.fasb.org/srt/2021/elts/srt-2021-01-31.xsd#srt_CreditRatingAMBestDomain' xlink:label='loc_CreditRatingAMBestDomain' xlink:type='locator' />
    <link:loc xlink:href='https://xbrl.fasb.org/srt/2021/elts/srt-2021-01-31.xsd#srt_AMBestAPlusPlusRatingMember' xlink:label='loc_AMBestAPlusPlusRatingMember' xlink:type='locator' />
    <link:loc xlink:href='https://xbrl.fasb.org/srt/2021/elts/srt-2021-01-31.xsd#srt_AMBestAPlusRatingMember' xlink:label='loc_AMBestAPlusRatingMember' xlink:type='locator' />
    <link:loc xlink:href='https://xbrl.fasb.org/srt/2021/elts/srt-2021-01-31.xsd#srt_AMBestARatingMember' xlink:label='loc_AMBestARatingMember' xlink:type='locator' />
    <link:loc xlink:href='https://xbrl.fasb.org/srt/2021/elts/srt-2021-01-31.xsd#srt_AMBestAMinusRatingMember' xlink:label='loc_AMBestAMinusRatingMember' xlink:type='locator' />
    <link:loc xlink:href='https://xbrl.fasb.org/srt/2021/elts/srt-2021-01-31.xsd#srt_AMBestBPlusPlusRatingMember' xlink:label='loc_AMBestBPlusPlusRatingMember' xlink:type='locator' />
    <link:loc xlink:href='https://xbrl.fasb.org/srt/2021/elts/srt-2021-01-31.xsd#srt_AMBestBPlusRatingMember' xlink:label='loc_AMBestBPlusRatingMember' xlink:type='locator' />
    <link:loc xlink:href='https://xbrl.fasb.org/srt/2021/elts/srt-2021-01-31.xsd#srt_AMBestBRatingMember' xlink:label='loc_AMBestBRatingMember' xlink:type='locator' />
    <link:loc xlink:href='https://xbrl.fasb.org/srt/2021/elts/srt-2021-01-31.xsd#srt_AMBestBMinusRatingMember' xlink:label='loc_AMBestBMinusRatingMember' xlink:type='locator' />
    <link:loc xlink:href='https://xbrl.fasb.org/srt/2021/elts/srt-2021-01-31.xsd#srt_AMBestCPlusPlusRatingMember' xlink:label='loc_AMBestCPlusPlusRatingMember' xlink:type='locator' />
    <link:loc xlink:href='https://xbrl.fasb.org/srt/2021/elts/srt-2021-01-31.xsd#srt_AMBestCPlusRatingMember' xlink:label='loc_AMBestCPlusRatingMember' xlink:type='locator' />
    <link:loc xlink:href='https://xbrl.fasb.org/srt/2021/elts/srt-2021-01-31.xsd#srt_AMBestCRatingMember' xlink:label='loc_AMBestCRatingMember' xlink:type='locator' />
    <link:loc xlink:href='https://xbrl.fasb.org/srt/2021/elts/srt-2021-01-31.xsd#srt_AMBestCMinusRatingMember' xlink:label='loc_AMBestCMinusRatingMember' xlink:type='locator' />
    <link:loc xlink:href='https://xbrl.fasb.org/srt/2021/elts/srt-2021-01-31.xsd#srt_AMBestDRatingMember' xlink:label='loc_AMBestDRatingMember' xlink:type='locator' />
    <link:loc xlink:href='https://xbrl.fasb.org/srt/2021/elts/srt-2021-01-31.xsd#srt_AMBestERatingMember' xlink:label='loc_AMBestERatingMember' xlink:type='locator' />
    <link:loc xlink:href='https://xbrl.fasb.org/srt/2021/elts/srt-2021-01-31.xsd#srt_AMBestFRatingMember' xlink:label='loc_AMBestFRatingMember' xlink:type='locator' />
    <link:loc xlink:href='https://xbrl.fasb.org/srt/2021/elts/srt-2021-01-31.xsd#srt_AMBestSRatingMember' xlink:label='loc_AMBestSRatingMember' xlink:type='locator' />
    <link:loc xlink:href='https://xbrl.fasb.org/srt/2021/elts/srt-2021-01-31.xsd#srt_ExternalCreditRatingFitchMember' xlink:label='loc_ExternalCreditRatingFitchMember' xlink:type='locator' />
    <link:loc xlink:href='https://xbrl.fasb.org/srt/2021/elts/srt-2021-01-31.xsd#srt_FitchAAARatingMember' xlink:label='loc_FitchAAARatingMember' xlink:type='locator' />
    <link:loc xlink:href='https://xbrl.fasb.org/srt/2021/elts/srt-2021-01-31.xsd#srt_FitchAAPlusRatingMember' xlink:label='loc_FitchAAPlusRatingMember' xlink:type='locator' />
    <link:loc xlink:href='https://xbrl.fasb.org/srt/2021/elts/srt-2021-01-31.xsd#srt_FitchAARatingMember' xlink:label='loc_FitchAARatingMember' xlink:type='locator' />
    <link:loc xlink:href='https://xbrl.fasb.org/srt/2021/elts/srt-2021-01-31.xsd#srt_FitchAAMinusRatingMember' xlink:label='loc_FitchAAMinusRatingMember' xlink:type='locator' />
    <link:loc xlink:href='https://xbrl.fasb.org/srt/2021/elts/srt-2021-01-31.xsd#srt_FitchAPlusRatingMember' xlink:label='loc_FitchAPlusRatingMember' xlink:type='locator' />
    <link:loc xlink:href='https://xbrl.fasb.org/srt/2021/elts/srt-2021-01-31.xsd#srt_FitchARatingMember' xlink:label='loc_FitchARatingMember' xlink:type='locator' />
    <link:loc xlink:href='https://xbrl.fasb.org/srt/2021/elts/srt-2021-01-31.xsd#srt_FitchAMinusRatingMember' xlink:label='loc_FitchAMinusRatingMember' xlink:type='locator' />
    <link:loc xlink:href='https://xbrl.fasb.org/srt/2021/elts/srt-2021-01-31.xsd#srt_FitchBBBPlusRatingMember' xlink:label='loc_FitchBBBPlusRatingMember' xlink:type='locator' />
    <link:loc xlink:href='https://xbrl.fasb.org/srt/2021/elts/srt-2021-01-31.xsd#srt_FitchBBBRatingMember' xlink:label='loc_FitchBBBRatingMember' xlink:type='locator' />
    <link:loc xlink:href='https://xbrl.fasb.org/srt/2021/elts/srt-2021-01-31.xsd#srt_FitchBBBMinusRatingMember' xlink:label='loc_FitchBBBMinusRatingMember' xlink:type='locator' />
    <link:loc xlink:href='https://xbrl.fasb.org/srt/2021/elts/srt-2021-01-31.xsd#srt_FitchBBPlusRatingMember' xlink:label='loc_FitchBBPlusRatingMember' xlink:type='locator' />
    <link:loc xlink:href='https://xbrl.fasb.org/srt/2021/elts/srt-2021-01-31.xsd#srt_FitchBBRatingMember' xlink:label='loc_FitchBBRatingMember' xlink:type='locator' />
    <link:loc xlink:href='https://xbrl.fasb.org/srt/2021/elts/srt-2021-01-31.xsd#srt_FitchBBMinusRatingMember' xlink:label='loc_FitchBBMinusRatingMember' xlink:type='locator' />
    <link:loc xlink:href='https://xbrl.fasb.org/srt/2021/elts/srt-2021-01-31.xsd#srt_FitchBPlusRatingMember' xlink:label='loc_FitchBPlusRatingMember' xlink:type='locator' />
    <link:loc xlink:href='https://xbrl.fasb.org/srt/2021/elts/srt-2021-01-31.xsd#srt_FitchBRatingMember' xlink:label='loc_FitchBRatingMember' xlink:type='locator' />
    <link:loc xlink:href='https://xbrl.fasb.org/srt/2021/elts/srt-2021-01-31.xsd#srt_FitchBMinusRatingMember' xlink:label='loc_FitchBMinusRatingMember' xlink:type='locator' />
    <link:loc xlink:href='https://xbrl.fasb.org/srt/2021/elts/srt-2021-01-31.xsd#srt_FitchCCCPlusRatingMember' xlink:label='loc_FitchCCCPlusRatingMember' xlink:type='locator' />
    <link:loc xlink:href='https://xbrl.fasb.org/srt/2021/elts/srt-2021-01-31.xsd#srt_FitchCCCRatingMember' xlink:label='loc_FitchCCCRatingMember' xlink:type='locator' />
    <link:loc xlink:href='https://xbrl.fasb.org/srt/2021/elts/srt-2021-01-31.xsd#srt_FitchCCCMinusRatingMember' xlink:label='loc_FitchCCCMinusRatingMember' xlink:type='locator' />
    <link:loc xlink:href='https://xbrl.fasb.org/srt/2021/elts/srt-2021-01-31.xsd#srt_FitchCCRatingMember' xlink:label='loc_FitchCCRatingMember' xlink:type='locator' />
    <link:loc xlink:href='https://xbrl.fasb.org/srt/2021/elts/srt-2021-01-31.xsd#srt_FitchCRatingMember' xlink:label='loc_FitchCRatingMember' xlink:type='locator' />
    <link:loc xlink:href='https://xbrl.fasb.org/srt/2021/elts/srt-2021-01-31.xsd#srt_FitchDRatingMember' xlink:label='loc_FitchDRatingMember' xlink:type='locator' />
    <link:loc xlink:href='https://xbrl.fasb.org/srt/2021/elts/srt-2021-01-31.xsd#srt_ExternalCreditRatingMoodysMember' xlink:label='loc_ExternalCreditRatingMoodysMember' xlink:type='locator' />
    <link:loc xlink:href='https://xbrl.fasb.org/srt/2021/elts/srt-2021-01-31.xsd#srt_MoodysAaaRatingMember' xlink:label='loc_MoodysAaaRatingMember' xlink:type='locator' />
    <link:loc xlink:href='https://xbrl.fasb.org/srt/2021/elts/srt-2021-01-31.xsd#srt_MoodysAa1RatingMember' xlink:label='loc_MoodysAa1RatingMember' xlink:type='locator' />
    <link:loc xlink:href='https://xbrl.fasb.org/srt/2021/elts/srt-2021-01-31.xsd#srt_MoodysAa2RatingMember' xlink:label='loc_MoodysAa2RatingMember' xlink:type='locator' />
    <link:loc xlink:href='https://xbrl.fasb.org/srt/2021/elts/srt-2021-01-31.xsd#srt_MoodysAa3RatingMember' xlink:label='loc_MoodysAa3RatingMember' xlink:type='locator' />
    <link:loc xlink:href='https://xbrl.fasb.org/srt/2021/elts/srt-2021-01-31.xsd#srt_MoodysA1RatingMember' xlink:label='loc_MoodysA1RatingMember' xlink:type='locator' />
    <link:loc xlink:href='https://xbrl.fasb.org/srt/2021/elts/srt-2021-01-31.xsd#srt_MoodysA2RatingMember' xlink:label='loc_MoodysA2RatingMember' xlink:type='locator' />
    <link:loc xlink:href='https://xbrl.fasb.org/srt/2021/elts/srt-2021-01-31.xsd#srt_MoodysA3RatingMember' xlink:label='loc_MoodysA3RatingMember' xlink:type='locator' />
    <link:loc xlink:href='https://xbrl.fasb.org/srt/2021/elts/srt-2021-01-31.xsd#srt_MoodysBaa1RatingMember' xlink:label='loc_MoodysBaa1RatingMember' xlink:type='locator' />
    <link:loc xlink:href='https://xbrl.fasb.org/srt/2021/elts/srt-2021-01-31.xsd#srt_MoodysBaa2RatingMember' xlink:label='loc_MoodysBaa2RatingMember' xlink:type='locator' />
    <link:loc xlink:href='https://xbrl.fasb.org/srt/2021/elts/srt-2021-01-31.xsd#srt_MoodysBaa3RatingMember' xlink:label='loc_MoodysBaa3RatingMember' xlink:type='locator' />
    <link:loc xlink:href='https://xbrl.fasb.org/srt/2021/elts/srt-2021-01-31.xsd#srt_MoodysBa1RatingMember' xlink:label='loc_MoodysBa1RatingMember' xlink:type='locator' />
    <link:loc xlink:href='https://xbrl.fasb.org/srt/2021/elts/srt-2021-01-31.xsd#srt_MoodysBa2RatingMember' xlink:label='loc_MoodysBa2RatingMember' xlink:type='locator' />
    <link:loc xlink:href='https://xbrl.fasb.org/srt/2021/elts/srt-2021-01-31.xsd#srt_MoodysBa3RatingMember' xlink:label='loc_MoodysBa3RatingMember' xlink:type='locator' />
    <link:loc xlink:href='https://xbrl.fasb.org/srt/2021/elts/srt-2021-01-31.xsd#srt_MoodysB1RatingMember' xlink:label='loc_MoodysB1RatingMember' xlink:type='locator' />
    <link:loc xlink:href='https://xbrl.fasb.org/srt/2021/elts/srt-2021-01-31.xsd#srt_MoodysB2RatingMember' xlink:label='loc_MoodysB2RatingMember' xlink:type='locator' />
    <link:loc xlink:href='https://xbrl.fasb.org/srt/2021/elts/srt-2021-01-31.xsd#srt_MoodysB3RatingMember' xlink:label='loc_MoodysB3RatingMember' xlink:type='locator' />
    <link:loc xlink:href='https://xbrl.fasb.org/srt/2021/elts/srt-2021-01-31.xsd#srt_MoodysCaa1RatingMember' xlink:label='loc_MoodysCaa1RatingMember' xlink:type='locator' />
    <link:loc xlink:href='https://xbrl.fasb.org/srt/2021/elts/srt-2021-01-31.xsd#srt_MoodysCaa2RatingMember' xlink:label='loc_MoodysCaa2RatingMember' xlink:type='locator' />
    <link:loc xlink:href='https://xbrl.fasb.org/srt/2021/elts/srt-2021-01-31.xsd#srt_MoodysCaa3RatingMember' xlink:label='loc_MoodysCaa3RatingMember' xlink:type='locator' />
    <link:loc xlink:href='https://xbrl.fasb.org/srt/2021/elts/srt-2021-01-31.xsd#srt_MoodysCaRatingMember' xlink:label='loc_MoodysCaRatingMember' xlink:type='locator' />
    <link:loc xlink:href='https://xbrl.fasb.org/srt/2021/elts/srt-2021-01-31.xsd#srt_MoodysCRatingMember' xlink:label='loc_MoodysCRatingMember' xlink:type='locator' />
    <link:loc xlink:href='https://xbrl.fasb.org/srt/2021/elts/srt-2021-01-31.xsd#srt_ExternalCreditRatingStandardPoorsMember' xlink:label='loc_ExternalCreditRatingStandardPoorsMember' xlink:type='locator' />
    <link:loc xlink:href='https://xbrl.fasb.org/srt/2021/elts/srt-2021-01-31.xsd#srt_StandardPoorsAAARatingMember' xlink:label='loc_StandardPoorsAAARatingMember' xlink:type='locator' />
    <link:loc xlink:href='https://xbrl.fasb.org/srt/2021/elts/srt-2021-01-31.xsd#srt_StandardPoorsAAPlusRatingMember' xlink:label='loc_StandardPoorsAAPlusRatingMember' xlink:type='locator' />
    <link:loc xlink:href='https://xbrl.fasb.org/srt/2021/elts/srt-2021-01-31.xsd#srt_StandardPoorsAARatingMember' xlink:label='loc_StandardPoorsAARatingMember' xlink:type='locator' />
    <link:loc xlink:href='https://xbrl.fasb.org/srt/2021/elts/srt-2021-01-31.xsd#srt_StandardPoorsAAMinusRatingMember' xlink:label='loc_StandardPoorsAAMinusRatingMember' xlink:type='locator' />
    <link:loc xlink:href='https://xbrl.fasb.org/srt/2021/elts/srt-2021-01-31.xsd#srt_StandardPoorsAPlusRatingMember' xlink:label='loc_StandardPoorsAPlusRatingMember' xlink:type='locator' />
    <link:loc xlink:href='https://xbrl.fasb.org/srt/2021/elts/srt-2021-01-31.xsd#srt_StandardPoorsARatingMember' xlink:label='loc_StandardPoorsARatingMember' xlink:type='locator' />
    <link:loc xlink:href='https://xbrl.fasb.org/srt/2021/elts/srt-2021-01-31.xsd#srt_StandardPoorsAMinusRatingMember' xlink:label='loc_StandardPoorsAMinusRatingMember' xlink:type='locator' />
    <link:loc xlink:href='https://xbrl.fasb.org/srt/2021/elts/srt-2021-01-31.xsd#srt_StandardPoorsBBBPlusRatingMember' xlink:label='loc_StandardPoorsBBBPlusRatingMember' xlink:type='locator' />
    <link:loc xlink:href='https://xbrl.fasb.org/srt/2021/elts/srt-2021-01-31.xsd#srt_StandardPoorsBBBRatingMember' xlink:label='loc_StandardPoorsBBBRatingMember' xlink:type='locator' />
    <link:loc xlink:href='https://xbrl.fasb.org/srt/2021/elts/srt-2021-01-31.xsd#srt_StandardPoorsBBBMinusRatingMember' xlink:label='loc_StandardPoorsBBBMinusRatingMember' xlink:type='locator' />
    <link:loc xlink:href='https://xbrl.fasb.org/srt/2021/elts/srt-2021-01-31.xsd#srt_StandardPoorsBBPlusRatingMember' xlink:label='loc_StandardPoorsBBPlusRatingMember' xlink:type='locator' />
    <link:loc xlink:href='https://xbrl.fasb.org/srt/2021/elts/srt-2021-01-31.xsd#srt_StandardPoorsBBRatingMember' xlink:label='loc_StandardPoorsBBRatingMember' xlink:type='locator' />
    <link:loc xlink:href='https://xbrl.fasb.org/srt/2021/elts/srt-2021-01-31.xsd#srt_StandardPoorsBBMinusRatingMember' xlink:label='loc_StandardPoorsBBMinusRatingMember' xlink:type='locator' />
    <link:loc xlink:href='https://xbrl.fasb.org/srt/2021/elts/srt-2021-01-31.xsd#srt_StandardPoorsBPlusRatingMember' xlink:label='loc_StandardPoorsBPlusRatingMember' xlink:type='locator' />
    <link:loc xlink:href='https://xbrl.fasb.org/srt/2021/elts/srt-2021-01-31.xsd#srt_StandardPoorsBRatingMember' xlink:label='loc_StandardPoorsBRatingMember' xlink:type='locator' />
    <link:loc xlink:href='https://xbrl.fasb.org/srt/2021/elts/srt-2021-01-31.xsd#srt_StandardPoorsBMinusRatingMember' xlink:label='loc_StandardPoorsBMinusRatingMember' xlink:type='locator' />
    <link:loc xlink:href='https://xbrl.fasb.org/srt/2021/elts/srt-2021-01-31.xsd#srt_StandardPoorsCCCPlusRatingMember' xlink:label='loc_StandardPoorsCCCPlusRatingMember' xlink:type='locator' />
    <link:loc xlink:href='https://xbrl.fasb.org/srt/2021/elts/srt-2021-01-31.xsd#srt_StandardPoorsCCCRatingMember' xlink:label='loc_StandardPoorsCCCRatingMember' xlink:type='locator' />
    <link:loc xlink:href='https://xbrl.fasb.org/srt/2021/elts/srt-2021-01-31.xsd#srt_StandardPoorsCCCMinusRatingMember' xlink:label='loc_StandardPoorsCCCMinusRatingMember' xlink:type='locator' />
    <link:loc xlink:href='https://xbrl.fasb.org/srt/2021/elts/srt-2021-01-31.xsd#srt_StandardPoorsCCRatingMember' xlink:label='loc_StandardPoorsCCRatingMember' xlink:type='locator' />
    <link:loc xlink:href='https://xbrl.fasb.org/srt/2021/elts/srt-2021-01-31.xsd#srt_StandardPoorsCRatingMember' xlink:label='loc_StandardPoorsCRatingMember' xlink:type='locator' />
    <link:loc xlink:href='https://xbrl.fasb.org/srt/2021/elts/srt-2021-01-31.xsd#srt_StandardPoorsDRatingMember' xlink:label='loc_StandardPoorsDRatingMember' xlink:type='locator' />
    <link:loc xlink:href='../elts/us-gaap-2021-01-31.xsd#us-gaap_MalpracticeInsuranceLineItems' xlink:label='loc_MalpracticeInsuranceLineItems' xlink:type='locator' />
    <link:loc xlink:href='../elts/us-gaap-2021-01-31.xsd#us-gaap_MalpracticeInsuranceOccurrenceOrClaimsMade' xlink:label='loc_MalpracticeInsuranceOccurrenceOrClaimsMade' xlink:type='locator' />
    <link:loc xlink:href='../elts/us-gaap-2021-01-31.xsd#us-gaap_MalpracticeInsuranceRetrospectivelyRated' xlink:label='loc_MalpracticeInsuranceRetrospectivelyRated' xlink:type='locator' />
    <link:loc xlink:href='../elts/us-gaap-2021-01-31.xsd#us-gaap_MalpracticeInsuranceMultiproviderCaptiveInsurerRetrospectivelyRatedPremiumAccrualBasis' xlink:label='loc_MalpracticeInsuranceMultiproviderCaptiveInsurerRetrospectivelyRatedPremiumAccrualBasis' xlink:type='locator' />
    <link:loc xlink:href='../elts/us-gaap-2021-01-31.xsd#us-gaap_MalpracticeInsuranceCoverageFloor' xlink:label='loc_MalpracticeInsuranceCoverageFloor' xlink:type='locator' />
    <link:loc xlink:href='../elts/us-gaap-2021-01-31.xsd#us-gaap_MalpracticeInsuranceAnnualCoverageLimit' xlink:label='loc_MalpracticeInsuranceAnnualCoverageLimit' xlink:type='locator' />
    <link:loc xlink:href='../elts/us-gaap-2021-01-31.xsd#us-gaap_MalpracticeInsuranceMaximumCoveragePerIncident' xlink:label='loc_MalpracticeInsuranceMaximumCoveragePerIncident' xlink:type='locator' />
    <link:loc xlink:href='../elts/us-gaap-2021-01-31.xsd#us-gaap_MalpracticeInsuranceDeductible1' xlink:label='loc_MalpracticeInsuranceDeductible1' xlink:type='locator' />
    <link:loc xlink:href='../elts/us-gaap-2021-01-31.xsd#us-gaap_MalpracticeInsuranceSelfInsuredStatus' xlink:label='loc_MalpracticeInsuranceSelfInsuredStatus' xlink:type='locator' />
    <link:loc xlink:href='../elts/us-gaap-2021-01-31.xsd#us-gaap_MalpracticeInsuranceThirdPartyCoverage' xlink:label='loc_MalpracticeInsuranceThirdPartyCoverage' xlink:type='locator' />
    <link:loc xlink:href='../elts/us-gaap-2021-01-31.xsd#us-gaap_MalpracticeInsuranceOwnershipInCaptiveInsurer' xlink:label='loc_MalpracticeInsuranceOwnershipInCaptiveInsurer' xlink:type='locator' />
    <link:loc xlink:href='../elts/us-gaap-2021-01-31.xsd#us-gaap_MalpracticeInsurancePercentageOfOwnershipInCaptiveInsurer' xlink:label='loc_MalpracticeInsurancePercentageOfOwnershipInCaptiveInsurer' xlink:type='locator' />
    <link:loc xlink:href='../elts/us-gaap-2021-01-31.xsd#us-gaap_MalpracticeInsurancePercentageOfPremiumsPaidToCaptiveInsurer' xlink:label='loc_MalpracticeInsurancePercentageOfPremiumsPaidToCaptiveInsurer' xlink:type='locator' />
    <link:loc xlink:href='https://xbrl.fasb.org/srt/2021/elts/srt-2021-01-31.xsd#srt_RangeMember' xlink:label='loc_RangeMember' xlink:type='locator' />
    <link:loc xlink:href='https://xbrl.fasb.org/srt/2021/elts/srt-2021-01-31.xsd#srt_MaximumMember' xlink:label='loc_MaximumMember' xlink:type='locator' />
    <link:loc xlink:href='https://xbrl.fasb.org/srt/2021/elts/srt-2021-01-31.xsd#srt_MinimumMember' xlink:label='loc_MinimumMember' xlink:type='locator' />
    <link:loc xlink:href='../elts/us-gaap-2021-01-31.xsd#us-gaap_TypeAndTierIdentifierDomain' xlink:label='loc_TypeAndTierIdentifierDomain' xlink:type='locator' />
    <link:loc xlink:href='../elts/us-gaap-2021-01-31.xsd#us-gaap_ProfessionalMalpracticeLiabilityMember' xlink:label='loc_ProfessionalMalpracticeLiabilityMember' xlink:type='locator' />
    <link:loc xlink:href='../elts/us-gaap-2021-01-31.xsd#us-gaap_DirectorsAndOfficersLiabilityInsuranceMember' xlink:label='loc_DirectorsAndOfficersLiabilityInsuranceMember' xlink:type='locator' />
    <link:loc xlink:href='../elts/us-gaap-2021-01-31.xsd#us-gaap_GeneralLiabilityMember' xlink:label='loc_GeneralLiabilityMember' xlink:type='locator' />
    <link:definitionArc order='47.0' xlink:arcrole='http://xbrl.org/int/dim/arcrole/domain-member' xlink:from='loc_CreditRatingAMBestDomain' xlink:to='loc_AMBestAPlusPlusRatingMember' xlink:type='arc' />
    <link:definitionArc order='48.0' xlink:arcrole='http://xbrl.org/int/dim/arcrole/domain-member' xlink:from='loc_CreditRatingAMBestDomain' xlink:to='loc_AMBestAPlusRatingMember' xlink:type='arc' />
    <link:definitionArc order='49.0' xlink:arcrole='http://xbrl.org/int/dim/arcrole/domain-member' xlink:from='loc_CreditRatingAMBestDomain' xlink:to='loc_AMBestARatingMember' xlink:type='arc' />
    <link:definitionArc order='50.0' xlink:arcrole='http://xbrl.org/int/dim/arcrole/domain-member' xlink:from='loc_CreditRatingAMBestDomain' xlink:to='loc_AMBestAMinusRatingMember' xlink:type='arc' />
    <link:definitionArc order='51.0' xlink:arcrole='http://xbrl.org/int/dim/arcrole/domain-member' xlink:from='loc_CreditRatingAMBestDomain' xlink:to='loc_AMBestBPlusPlusRatingMember' xlink:type='arc' />
    <link:definitionArc order='52.0' xlink:arcrole='http://xbrl.org/int/dim/arcrole/domain-member' xlink:from='loc_CreditRatingAMBestDomain' xlink:to='loc_AMBestBPlusRatingMember' xlink:type='arc' />
    <link:definitionArc order='53.0' xlink:arcrole='http://xbrl.org/int/dim/arcrole/domain-member' xlink:from='loc_CreditRatingAMBestDomain' xlink:to='loc_AMBestBRatingMember' xlink:type='arc' />
    <link:definitionArc order='54.0' xlink:arcrole='http://xbrl.org/int/dim/arcrole/domain-member' xlink:from='loc_CreditRatingAMBestDomain' xlink:to='loc_AMBestBMinusRatingMember' xlink:type='arc' />
    <link:definitionArc order='55.0' xlink:arcrole='http://xbrl.org/int/dim/arcrole/domain-member' xlink:from='loc_CreditRatingAMBestDomain' xlink:to='loc_AMBestCPlusPlusRatingMember' xlink:type='arc' />
    <link:definitionArc order='56.0' xlink:arcrole='http://xbrl.org/int/dim/arcrole/domain-member' xlink:from='loc_CreditRatingAMBestDomain' xlink:to='loc_AMBestCPlusRatingMember' xlink:type='arc' />
    <link:definitionArc order='57.0' xlink:arcrole='http://xbrl.org/int/dim/arcrole/domain-member' xlink:from='loc_CreditRatingAMBestDomain' xlink:to='loc_AMBestCRatingMember' xlink:type='arc' />
    <link:definitionArc order='58.0' xlink:arcrole='http://xbrl.org/int/dim/arcrole/domain-member' xlink:from='loc_CreditRatingAMBestDomain' xlink:to='loc_AMBestCMinusRatingMember' xlink:type='arc' />
    <link:definitionArc order='59.0' xlink:arcrole='http://xbrl.org/int/dim/arcrole/domain-member' xlink:from='loc_CreditRatingAMBestDomain' xlink:to='loc_AMBestDRatingMember' xlink:type='arc' />
    <link:definitionArc order='60.0' xlink:arcrole='http://xbrl.org/int/dim/arcrole/domain-member' xlink:from='loc_CreditRatingAMBestDomain' xlink:to='loc_AMBestERatingMember' xlink:type='arc' />
    <link:definitionArc order='61.0' xlink:arcrole='http://xbrl.org/int/dim/arcrole/domain-member' xlink:from='loc_CreditRatingAMBestDomain' xlink:to='loc_AMBestFRatingMember' xlink:type='arc' />
    <link:definitionArc order='62.0' xlink:arcrole='http://xbrl.org/int/dim/arcrole/domain-member' xlink:from='loc_CreditRatingAMBestDomain' xlink:to='loc_AMBestSRatingMember' xlink:type='arc' />
    <link:definitionArc order='63.0' xlink:arcrole='http://xbrl.org/int/dim/arcrole/domain-member' xlink:from='loc_ExternalCreditRatingFitchMember' xlink:to='loc_FitchAAARatingMember' xlink:type='arc' />
    <link:definitionArc order='64.0' xlink:arcrole='http://xbrl.org/int/dim/arcrole/domain-member' xlink:from='loc_ExternalCreditRatingFitchMember' xlink:to='loc_FitchAAPlusRatingMember' xlink:type='arc' />
    <link:definitionArc order='65.0' xlink:arcrole='http://xbrl.org/int/dim/arcrole/domain-member' xlink:from='loc_ExternalCreditRatingFitchMember' xlink:to='loc_FitchAARatingMember' xlink:type='arc' />
    <link:definitionArc order='66.0' xlink:arcrole='http://xbrl.org/int/dim/arcrole/domain-member' xlink:from='loc_ExternalCreditRatingFitchMember' xlink:to='loc_FitchAAMinusRatingMember' xlink:type='arc' />
    <link:definitionArc order='67.0' xlink:arcrole='http://xbrl.org/int/dim/arcrole/domain-member' xlink:from='loc_ExternalCreditRatingFitchMember' xlink:to='loc_FitchAPlusRatingMember' xlink:type='arc' />
    <link:definitionArc order='68.0' xlink:arcrole='http://xbrl.org/int/dim/arcrole/domain-member' xlink:from='loc_ExternalCreditRatingFitchMember' xlink:to='loc_FitchARatingMember' xlink:type='arc' />
    <link:definitionArc order='69.0' xlink:arcrole='http://xbrl.org/int/dim/arcrole/domain-member' xlink:from='loc_ExternalCreditRatingFitchMember' xlink:to='loc_FitchAMinusRatingMember' xlink:type='arc' />
    <link:definitionArc order='70.0' xlink:arcrole='http://xbrl.org/int/dim/arcrole/domain-member' xlink:from='loc_ExternalCreditRatingFitchMember' xlink:to='loc_FitchBBBPlusRatingMember' xlink:type='arc' />
    <link:definitionArc order='71.0' xlink:arcrole='http://xbrl.org/int/dim/arcrole/domain-member' xlink:from='loc_ExternalCreditRatingFitchMember' xlink:to='loc_FitchBBBRatingMember' xlink:type='arc' />
    <link:definitionArc order='72.0' xlink:arcrole='http://xbrl.org/int/dim/arcrole/domain-member' xlink:from='loc_ExternalCreditRatingFitchMember' xlink:to='loc_FitchBBBMinusRatingMember' xlink:type='arc' />
    <link:definitionArc order='73.0' xlink:arcrole='http://xbrl.org/int/dim/arcrole/domain-member' xlink:from='loc_ExternalCreditRatingFitchMember' xlink:to='loc_FitchBBPlusRatingMember' xlink:type='arc' />
    <link:definitionArc order='74.0' xlink:arcrole='http://xbrl.org/int/dim/arcrole/domain-member' xlink:from='loc_ExternalCreditRatingFitchMember' xlink:to='loc_FitchBBRatingMember' xlink:type='arc' />
    <link:definitionArc order='75.0' xlink:arcrole='http://xbrl.org/int/dim/arcrole/domain-member' xlink:from='loc_ExternalCreditRatingFitchMember' xlink:to='loc_FitchBBMinusRatingMember' xlink:type='arc' />
    <link:definitionArc order='76.0' xlink:arcrole='http://xbrl.org/int/dim/arcrole/domain-member' xlink:from='loc_ExternalCreditRatingFitchMember' xlink:to='loc_FitchBPlusRatingMember' xlink:type='arc' />
    <link:definitionArc order='77.0' xlink:arcrole='http://xbrl.org/int/dim/arcrole/domain-member' xlink:from='loc_ExternalCreditRatingFitchMember' xlink:to='loc_FitchBRatingMember' xlink:type='arc' />
    <link:definitionArc order='78.0' xlink:arcrole='http://xbrl.org/int/dim/arcrole/domain-member' xlink:from='loc_ExternalCreditRatingFitchMember' xlink:to='loc_FitchBMinusRatingMember' xlink:type='arc' />
    <link:definitionArc order='79.0' xlink:arcrole='http://xbrl.org/int/dim/arcrole/domain-member' xlink:from='loc_ExternalCreditRatingFitchMember' xlink:to='loc_FitchCCCPlusRatingMember' xlink:type='arc' />
    <link:definitionArc order='80.0' xlink:arcrole='http://xbrl.org/int/dim/arcrole/domain-member' xlink:from='loc_ExternalCreditRatingFitchMember' xlink:to='loc_FitchCCCRatingMember' xlink:type='arc' />
    <link:definitionArc order='81.0' xlink:arcrole='http://xbrl.org/int/dim/arcrole/domain-member' xlink:from='loc_ExternalCreditRatingFitchMember' xlink:to='loc_FitchCCCMinusRatingMember' xlink:type='arc' />
    <link:definitionArc order='82.0' xlink:arcrole='http://xbrl.org/int/dim/arcrole/domain-member' xlink:from='loc_ExternalCreditRatingFitchMember' xlink:to='loc_FitchCCRatingMember' xlink:type='arc' />
    <link:definitionArc order='83.0' xlink:arcrole='http://xbrl.org/int/dim/arcrole/domain-member' xlink:from='loc_ExternalCreditRatingFitchMember' xlink:to='loc_FitchCRatingMember' xlink:type='arc' />
    <link:definitionArc order='84.0' xlink:arcrole='http://xbrl.org/int/dim/arcrole/domain-member' xlink:from='loc_ExternalCreditRatingFitchMember' xlink:to='loc_FitchDRatingMember' xlink:type='arc' />
    <link:definitionArc order='4.0' xlink:arcrole='http://xbrl.org/int/dim/arcrole/domain-member' xlink:from='loc_ExternalCreditRatingMoodysMember' xlink:to='loc_MoodysAaaRatingMember' xlink:type='arc' />
    <link:definitionArc order='5.0' xlink:arcrole='http://xbrl.org/int/dim/arcrole/domain-member' xlink:from='loc_ExternalCreditRatingMoodysMember' xlink:to='loc_MoodysAa1RatingMember' xlink:type='arc' />
    <link:definitionArc order='6.0' xlink:arcrole='http://xbrl.org/int/dim/arcrole/domain-member' xlink:from='loc_ExternalCreditRatingMoodysMember' xlink:to='loc_MoodysAa2RatingMember' xlink:type='arc' />
    <link:definitionArc order='7.0' xlink:arcrole='http://xbrl.org/int/dim/arcrole/domain-member' xlink:from='loc_ExternalCreditRatingMoodysMember' xlink:to='loc_MoodysAa3RatingMember' xlink:type='arc' />
    <link:definitionArc order='8.0' xlink:arcrole='http://xbrl.org/int/dim/arcrole/domain-member' xlink:from='loc_ExternalCreditRatingMoodysMember' xlink:to='loc_MoodysA1RatingMember' xlink:type='arc' />
    <link:definitionArc order='9.0' xlink:arcrole='http://xbrl.org/int/dim/arcrole/domain-member' xlink:from='loc_ExternalCreditRatingMoodysMember' xlink:to='loc_MoodysA2RatingMember' xlink:type='arc' />
    <link:definitionArc order='10.0' xlink:arcrole='http://xbrl.org/int/dim/arcrole/domain-member' xlink:from='loc_ExternalCreditRatingMoodysMember' xlink:to='loc_MoodysA3RatingMember' xlink:type='arc' />
    <link:definitionArc order='11.0' xlink:arcrole='http://xbrl.org/int/dim/arcrole/domain-member' xlink:from='loc_ExternalCreditRatingMoodysMember' xlink:to='loc_MoodysBaa1RatingMember' xlink:type='arc' />
    <link:definitionArc order='12.0' xlink:arcrole='http://xbrl.org/int/dim/arcrole/domain-member' xlink:from='loc_ExternalCreditRatingMoodysMember' xlink:to='loc_MoodysBaa2RatingMember' xlink:type='arc' />
    <link:definitionArc order='13.0' xlink:arcrole='http://xbrl.org/int/dim/arcrole/domain-member' xlink:from='loc_ExternalCreditRatingMoodysMember' xlink:to='loc_MoodysBaa3RatingMember' xlink:type='arc' />
    <link:definitionArc order='14.0' xlink:arcrole='http://xbrl.org/int/dim/arcrole/domain-member' xlink:from='loc_ExternalCreditRatingMoodysMember' xlink:to='loc_MoodysBa1RatingMember' xlink:type='arc' />
    <link:definitionArc order='15.0' xlink:arcrole='http://xbrl.org/int/dim/arcrole/domain-member' xlink:from='loc_ExternalCreditRatingMoodysMember' xlink:to='loc_MoodysBa2RatingMember' xlink:type='arc' />
    <link:definitionArc order='16.0' xlink:arcrole='http://xbrl.org/int/dim/arcrole/domain-member' xlink:from='loc_ExternalCreditRatingMoodysMember' xlink:to='loc_MoodysBa3RatingMember' xlink:type='arc' />
    <link:definitionArc order='17.0' xlink:arcrole='http://xbrl.org/int/dim/arcrole/domain-member' xlink:from='loc_ExternalCreditRatingMoodysMember' xlink:to='loc_MoodysB1RatingMember' xlink:type='arc' />
    <link:definitionArc order='18.0' xlink:arcrole='http://xbrl.org/int/dim/arcrole/domain-member' xlink:from='loc_ExternalCreditRatingMoodysMember' xlink:to='loc_MoodysB2RatingMember' xlink:type='arc' />
    <link:definitionArc order='19.0' xlink:arcrole='http://xbrl.org/int/dim/arcrole/domain-member' xlink:from='loc_ExternalCreditRatingMoodysMember' xlink:to='loc_MoodysB3RatingMember' xlink:type='arc' />
    <link:definitionArc order='20.0' xlink:arcrole='http://xbrl.org/int/dim/arcrole/domain-member' xlink:from='loc_ExternalCreditRatingMoodysMember' xlink:to='loc_MoodysCaa1RatingMember' xlink:type='arc' />
    <link:definitionArc order='21.0' xlink:arcrole='http://xbrl.org/int/dim/arcrole/domain-member' xlink:from='loc_ExternalCreditRatingMoodysMember' xlink:to='loc_MoodysCaa2RatingMember' xlink:type='arc' />
    <link:definitionArc order='22.0' xlink:arcrole='http://xbrl.org/int/dim/arcrole/domain-member' xlink:from='loc_ExternalCreditRatingMoodysMember' xlink:to='loc_MoodysCaa3RatingMember' xlink:type='arc' />
    <link:definitionArc order='23.0' xlink:arcrole='http://xbrl.org/int/dim/arcrole/domain-member' xlink:from='loc_ExternalCreditRatingMoodysMember' xlink:to='loc_MoodysCaRatingMember' xlink:type='arc' />
    <link:definitionArc order='24.0' xlink:arcrole='http://xbrl.org/int/dim/arcrole/domain-member' xlink:from='loc_ExternalCreditRatingMoodysMember' xlink:to='loc_MoodysCRatingMember' xlink:type='arc' />
    <link:definitionArc order='25.0' xlink:arcrole='http://xbrl.org/int/dim/arcrole/domain-member' xlink:from='loc_ExternalCreditRatingStandardPoorsMember' xlink:to='loc_StandardPoorsAAARatingMember' xlink:type='arc' />
    <link:definitionArc order='26.0' xlink:arcrole='http://xbrl.org/int/dim/arcrole/domain-member' xlink:from='loc_ExternalCreditRatingStandardPoorsMember' xlink:to='loc_StandardPoorsAAPlusRatingMember' xlink:type='arc' />
    <link:definitionArc order='27.0' xlink:arcrole='http://xbrl.org/int/dim/arcrole/domain-member' xlink:from='loc_ExternalCreditRatingStandardPoorsMember' xlink:to='loc_StandardPoorsAARatingMember' xlink:type='arc' />
    <link:definitionArc order='28.0' xlink:arcrole='http://xbrl.org/int/dim/arcrole/domain-member' xlink:from='loc_ExternalCreditRatingStandardPoorsMember' xlink:to='loc_StandardPoorsAAMinusRatingMember' xlink:type='arc' />
    <link:definitionArc order='29.0' xlink:arcrole='http://xbrl.org/int/dim/arcrole/domain-member' xlink:from='loc_ExternalCreditRatingStandardPoorsMember' xlink:to='loc_StandardPoorsAPlusRatingMember' xlink:type='arc' />
    <link:definitionArc order='30.0' xlink:arcrole='http://xbrl.org/int/dim/arcrole/domain-member' xlink:from='loc_ExternalCreditRatingStandardPoorsMember' xlink:to='loc_StandardPoorsARatingMember' xlink:type='arc' />
    <link:definitionArc order='31.0' xlink:arcrole='http://xbrl.org/int/dim/arcrole/domain-member' xlink:from='loc_ExternalCreditRatingStandardPoorsMember' xlink:to='loc_StandardPoorsAMinusRatingMember' xlink:type='arc' />
    <link:definitionArc order='32.0' xlink:arcrole='http://xbrl.org/int/dim/arcrole/domain-member' xlink:from='loc_ExternalCreditRatingStandardPoorsMember' xlink:to='loc_StandardPoorsBBBPlusRatingMember' xlink:type='arc' />
    <link:definitionArc order='33.0' xlink:arcrole='http://xbrl.org/int/dim/arcrole/domain-member' xlink:from='loc_ExternalCreditRatingStandardPoorsMember' xlink:to='loc_StandardPoorsBBBRatingMember' xlink:type='arc' />
    <link:definitionArc order='34.0' xlink:arcrole='http://xbrl.org/int/dim/arcrole/domain-member' xlink:from='loc_ExternalCreditRatingStandardPoorsMember' xlink:to='loc_StandardPoorsBBBMinusRatingMember' xlink:type='arc' />
    <link:definitionArc order='35.0' xlink:arcrole='http://xbrl.org/int/dim/arcrole/domain-member' xlink:from='loc_ExternalCreditRatingStandardPoorsMember' xlink:to='loc_StandardPoorsBBPlusRatingMember' xlink:type='arc' />
    <link:definitionArc order='36.0' xlink:arcrole='http://xbrl.org/int/dim/arcrole/domain-member' xlink:from='loc_ExternalCreditRatingStandardPoorsMember' xlink:to='loc_StandardPoorsBBRatingMember' xlink:type='arc' />
    <link:definitionArc order='37.0' xlink:arcrole='http://xbrl.org/int/dim/arcrole/domain-member' xlink:from='loc_ExternalCreditRatingStandardPoorsMember' xlink:to='loc_StandardPoorsBBMinusRatingMember' xlink:type='arc' />
    <link:definitionArc order='38.0' xlink:arcrole='http://xbrl.org/int/dim/arcrole/domain-member' xlink:from='loc_ExternalCreditRatingStandardPoorsMember' xlink:to='loc_StandardPoorsBPlusRatingMember' xlink:type='arc' />
    <link:definitionArc order='39.0' xlink:arcrole='http://xbrl.org/int/dim/arcrole/domain-member' xlink:from='loc_ExternalCreditRatingStandardPoorsMember' xlink:to='loc_StandardPoorsBRatingMember' xlink:type='arc' />
    <link:definitionArc order='40.0' xlink:arcrole='http://xbrl.org/int/dim/arcrole/domain-member' xlink:from='loc_ExternalCreditRatingStandardPoorsMember' xlink:to='loc_StandardPoorsBMinusRatingMember' xlink:type='arc' />
    <link:definitionArc order='41.0' xlink:arcrole='http://xbrl.org/int/dim/arcrole/domain-member' xlink:from='loc_ExternalCreditRatingStandardPoorsMember' xlink:to='loc_StandardPoorsCCCPlusRatingMember' xlink:type='arc' />
    <link:definitionArc order='42.0' xlink:arcrole='http://xbrl.org/int/dim/arcrole/domain-member' xlink:from='loc_ExternalCreditRatingStandardPoorsMember' xlink:to='loc_StandardPoorsCCCRatingMember' xlink:type='arc' />
    <link:definitionArc order='43.0' xlink:arcrole='http://xbrl.org/int/dim/arcrole/domain-member' xlink:from='loc_ExternalCreditRatingStandardPoorsMember' xlink:to='loc_StandardPoorsCCCMinusRatingMember' xlink:type='arc' />
    <link:definitionArc order='44.0' xlink:arcrole='http://xbrl.org/int/dim/arcrole/domain-member' xlink:from='loc_ExternalCreditRatingStandardPoorsMember' xlink:to='loc_StandardPoorsCCRatingMember' xlink:type='arc' />
    <link:definitionArc order='45.0' xlink:arcrole='http://xbrl.org/int/dim/arcrole/domain-member' xlink:from='loc_ExternalCreditRatingStandardPoorsMember' xlink:to='loc_StandardPoorsCRatingMember' xlink:type='arc' />
    <link:definitionArc order='46.0' xlink:arcrole='http://xbrl.org/int/dim/arcrole/domain-member' xlink:from='loc_ExternalCreditRatingStandardPoorsMember' xlink:to='loc_StandardPoorsDRatingMember' xlink:type='arc' />
    <link:definitionArc order='1.0' xlink:arcrole='http://xbrl.org/int/dim/arcrole/domain-member' xlink:from='loc_MalpracticeInsuranceLineItems' xlink:to='loc_MalpracticeInsuranceOccurrenceOrClaimsMade' xlink:type='arc' />
    <link:definitionArc order='2.0' xlink:arcrole='http://xbrl.org/int/dim/arcrole/domain-member' xlink:from='loc_MalpracticeInsuranceLineItems' xlink:to='loc_MalpracticeInsuranceRetrospectivelyRated' xlink:type='arc' />
    <link:definitionArc order='3.0' xlink:arcrole='http://xbrl.org/int/dim/arcrole/domain-member' xlink:from='loc_MalpracticeInsuranceLineItems' xlink:to='loc_MalpracticeInsuranceMultiproviderCaptiveInsurerRetrospectivelyRatedPremiumAccrualBasis' xlink:type='arc' />
    <link:definitionArc order='4.0' xlink:arcrole='http://xbrl.org/int/dim/arcrole/domain-member' xlink:from='loc_MalpracticeInsuranceLineItems' xlink:to='loc_MalpracticeInsuranceCoverageFloor' xlink:type='arc' />
    <link:definitionArc order='5.0' xlink:arcrole='http://xbrl.org/int/dim/arcrole/domain-member' xlink:from='loc_MalpracticeInsuranceLineItems' xlink:to='loc_MalpracticeInsuranceAnnualCoverageLimit' xlink:type='arc' />
    <link:definitionArc order='6.0' xlink:arcrole='http://xbrl.org/int/dim/arcrole/domain-member' xlink:from='loc_MalpracticeInsuranceLineItems' xlink:to='loc_MalpracticeInsuranceMaximumCoveragePerIncident' xlink:type='arc' />
    <link:definitionArc order='7.0' xlink:arcrole='http://xbrl.org/int/dim/arcrole/domain-member' xlink:from='loc_MalpracticeInsuranceLineItems' xlink:to='loc_MalpracticeInsuranceDeductible1' xlink:type='arc' />
    <link:definitionArc order='8.0' xlink:arcrole='http://xbrl.org/int/dim/arcrole/domain-member' xlink:from='loc_MalpracticeInsuranceLineItems' xlink:to='loc_MalpracticeInsuranceSelfInsuredStatus' xlink:type='arc' />
    <link:definitionArc order='9.0' xlink:arcrole='http://xbrl.org/int/dim/arcrole/domain-member' xlink:from='loc_MalpracticeInsuranceLineItems' xlink:to='loc_MalpracticeInsuranceThirdPartyCoverage' xlink:type='arc' />
    <link:definitionArc order='10.0' xlink:arcrole='http://xbrl.org/int/dim/arcrole/domain-member' xlink:from='loc_MalpracticeInsuranceLineItems' xlink:to='loc_MalpracticeInsuranceOwnershipInCaptiveInsurer' xlink:type='arc' />
    <link:definitionArc order='11.0' xlink:arcrole='http://xbrl.org/int/dim/arcrole/domain-member' xlink:from='loc_MalpracticeInsuranceOwnershipInCaptiveInsurer' xlink:to='loc_MalpracticeInsurancePercentageOfOwnershipInCaptiveInsurer' xlink:type='arc' />
    <link:definitionArc order='12.0' xlink:arcrole='http://xbrl.org/int/dim/arcrole/domain-member' xlink:from='loc_MalpracticeInsuranceOwnershipInCaptiveInsurer' xlink:to='loc_MalpracticeInsurancePercentageOfPremiumsPaidToCaptiveInsurer' xlink:type='arc' />
    <link:definitionArc order='85.0' xlink:arcrole='http://xbrl.org/int/dim/arcrole/domain-member' xlink:from='loc_RangeMember' xlink:to='loc_MaximumMember' xlink:type='arc' />
    <link:definitionArc order='86.0' xlink:arcrole='http://xbrl.org/int/dim/arcrole/domain-member' xlink:from='loc_RangeMember' xlink:to='loc_MinimumMember' xlink:type='arc' />
    <link:definitionArc order='1.0' xlink:arcrole='http://xbrl.org/int/dim/arcrole/domain-member' xlink:from='loc_TypeAndTierIdentifierDomain' xlink:to='loc_ProfessionalMalpracticeLiabilityMember' xlink:type='arc' />
    <link:definitionArc order='2.0' xlink:arcrole='http://xbrl.org/int/dim/arcrole/domain-member' xlink:from='loc_TypeAndTierIdentifierDomain' xlink:to='loc_DirectorsAndOfficersLiabilityInsuranceMember' xlink:type='arc' />
    <link:definitionArc order='3.0' xlink:arcrole='http://xbrl.org/int/dim/arcrole/domain-member' xlink:from='loc_TypeAndTierIdentifierDomain' xlink:to='loc_GeneralLiabilityMember' xlink:type='arc' />
  </link:definitionLink>
  <link:definitionLink xlink:role='http://fasb.org/us-gaap/role/disclosure/HealthCareOrganizationsScheduleOfMalpracticeInsuranceTable' xlink:type='extended'>
    <link:loc xlink:href='../elts/us-gaap-2021-01-31.xsd#us-gaap_ScheduleOfMalpracticeInsuranceTable' xlink:label='loc_ScheduleOfMalpracticeInsuranceTable' xlink:type='locator' />
    <link:loc xlink:href='../elts/us-gaap-2021-01-31.xsd#us-gaap_ScheduleOfMalpracticeInsuranceTypeAndTierIdentifierAxis' xlink:label='loc_ScheduleOfMalpracticeInsuranceTypeAndTierIdentifierAxis' xlink:type='locator' />
    <link:loc xlink:href='https://xbrl.fasb.org/srt/2021/elts/srt-2021-01-31.xsd#srt_CreditRatingMoodysAxis' xlink:label='loc_CreditRatingMoodysAxis' xlink:type='locator' />
    <link:loc xlink:href='https://xbrl.fasb.org/srt/2021/elts/srt-2021-01-31.xsd#srt_CreditRatingStandardPoorsAxis' xlink:label='loc_CreditRatingStandardPoorsAxis' xlink:type='locator' />
    <link:loc xlink:href='https://xbrl.fasb.org/srt/2021/elts/srt-2021-01-31.xsd#srt_CreditRatingAMBestAxis' xlink:label='loc_CreditRatingAMBestAxis' xlink:type='locator' />
    <link:loc xlink:href='https://xbrl.fasb.org/srt/2021/elts/srt-2021-01-31.xsd#srt_CreditRatingFitchAxis' xlink:label='loc_CreditRatingFitchAxis' xlink:type='locator' />
    <link:loc xlink:href='https://xbrl.fasb.org/srt/2021/elts/srt-2021-01-31.xsd#srt_RangeAxis' xlink:label='loc_RangeAxis' xlink:type='locator' />
    <link:definitionArc order='1.0' xlink:arcrole='http://xbrl.org/int/dim/arcrole/hypercube-dimension' xlink:from='loc_ScheduleOfMalpracticeInsuranceTable' xlink:to='loc_ScheduleOfMalpracticeInsuranceTypeAndTierIdentifierAxis' xlink:type='arc' />
    <link:definitionArc order='2.0' xlink:arcrole='http://xbrl.org/int/dim/arcrole/hypercube-dimension' xlink:from='loc_ScheduleOfMalpracticeInsuranceTable' xlink:to='loc_CreditRatingMoodysAxis' xlink:type='arc' />
    <link:definitionArc order='3.0' xlink:arcrole='http://xbrl.org/int/dim/arcrole/hypercube-dimension' xlink:from='loc_ScheduleOfMalpracticeInsuranceTable' xlink:to='loc_CreditRatingStandardPoorsAxis' xlink:type='arc' />
    <link:definitionArc order='4.0' xlink:arcrole='http://xbrl.org/int/dim/arcrole/hypercube-dimension' xlink:from='loc_ScheduleOfMalpracticeInsuranceTable' xlink:to='loc_CreditRatingAMBestAxis' xlink:type='arc' />
    <link:definitionArc order='5.0' xlink:arcrole='http://xbrl.org/int/dim/arcrole/hypercube-dimension' xlink:from='loc_ScheduleOfMalpracticeInsuranceTable' xlink:to='loc_CreditRatingFitchAxis' xlink:type='arc' />
    <link:definitionArc order='6.0' xlink:arcrole='http://xbrl.org/int/dim/arcrole/hypercube-dimension' xlink:from='loc_ScheduleOfMalpracticeInsuranceTable' xlink:to='loc_RangeAxis' xlink:type='arc' />
  </link:definitionLink>
</link:linkbase>
