<?xml version='1.0' encoding='UTF-8'?>

<!--
(c) 2010-2021 Financial Accounting Foundation; (c) 2007-2010 XBRL US, Inc.  All Rights Reserved.
Notice: Authorized Uses are Set Forth at https://xbrl.fasb.org/terms/TaxonomiesTermsConditions.html
  -->
<link:linkbase xmlns:link='http://www.xbrl.org/2003/linkbase' xmlns:xbrldt='http://xbrl.org/2005/xbrldt' xmlns:xlink='http://www.w3.org/1999/xlink' xmlns:xsi='http://www.w3.org/2001/XMLSchema-instance' xsi:schemaLocation='http://www.xbrl.org/2003/linkbase http://www.xbrl.org/2003/xbrl-linkbase-2003-12-31.xsd'>
  <link:roleRef roleURI='http://fasb.org/us-gaap/role/disclosure/SECScheduleArticle12-04CondensedFinancialInformationCondensedStatementOfComprehensiveIncomeTable' xlink:href='../elts/us-roles-2021-01-31.xsd#SECScheduleArticle12-04CondensedFinancialInformationCondensedStatementOfComprehensiveIncomeTable' xlink:type='simple' />
  <link:arcroleRef arcroleURI='http://xbrl.org/int/dim/arcrole/all' xlink:href='http://www.xbrl.org/2005/xbrldt-2005.xsd#all' xlink:type='simple' />
  <link:arcroleRef arcroleURI='http://xbrl.org/int/dim/arcrole/dimension-default' xlink:href='http://www.xbrl.org/2005/xbrldt-2005.xsd#dimension-default' xlink:type='simple' />
  <link:arcroleRef arcroleURI='http://xbrl.org/int/dim/arcrole/dimension-domain' xlink:href='http://www.xbrl.org/2005/xbrldt-2005.xsd#dimension-domain' xlink:type='simple' />
  <link:arcroleRef arcroleURI='http://xbrl.org/int/dim/arcrole/domain-member' xlink:href='http://www.xbrl.org/2005/xbrldt-2005.xsd#domain-member' xlink:type='simple' />
  <link:arcroleRef arcroleURI='http://xbrl.org/int/dim/arcrole/hypercube-dimension' xlink:href='http://www.xbrl.org/2005/xbrldt-2005.xsd#hypercube-dimension' xlink:type='simple' />
  <link:roleRef roleURI='http://fasb.org/us-gaap/role/disclosure/SECScheduleArticle12-04CondensedFinancialInformationCondensedCashFlowStatementTable' xlink:href='../elts/us-roles-2021-01-31.xsd#SECScheduleArticle12-04CondensedFinancialInformationCondensedCashFlowStatementTable' xlink:type='simple' />
  <link:roleRef roleURI='http://fasb.org/us-gaap/role/disclosure/SECScheduleArticle12-04CondensedFinancialInformationCondensedIncomeStatementTable' xlink:href='../elts/us-roles-2021-01-31.xsd#SECScheduleArticle12-04CondensedFinancialInformationCondensedIncomeStatementTable' xlink:type='simple' />
  <link:roleRef roleURI='http://fasb.org/us-gaap/role/disclosure/SECScheduleArticle12-04CondensedFinancialInformationCondensedBalanceSheetStatementTable' xlink:href='../elts/us-roles-2021-01-31.xsd#SECScheduleArticle12-04CondensedFinancialInformationCondensedBalanceSheetStatementTable' xlink:type='simple' />
  <link:roleRef roleURI='http://fasb.org/us-gaap/role/disclosure/SECScheduleArticle12-04CondensedFinancialInformationScheduleOfCondensedFinancialStatementsTable' xlink:href='../elts/us-roles-2021-01-31.xsd#SECScheduleArticle12-04CondensedFinancialInformationScheduleOfCondensedFinancialStatementsTable' xlink:type='simple' />
  <link:definitionLink xlink:role='http://fasb.org/us-gaap/role/disclosure/SECScheduleArticle12-04CondensedFinancialInformationCondensedBalanceSheetStatementTable' xlink:type='extended'>
    <link:loc xlink:href='https://xbrl.fasb.org/srt/2021/elts/srt-2021-01-31.xsd#srt_CondensedBalanceSheetStatementsCaptionsLineItems' xlink:label='loc_CondensedBalanceSheetStatementsCaptionsLineItems' xlink:type='locator' />
    <link:loc xlink:href='https://xbrl.fasb.org/srt/2021/elts/srt-2021-01-31.xsd#srt_CondensedBalanceSheetStatementTable' xlink:label='loc_CondensedBalanceSheetStatementTable' xlink:type='locator' />
    <link:definitionArc order='1.0' xbrldt:closed='true' xbrldt:contextElement='segment' xlink:arcrole='http://xbrl.org/int/dim/arcrole/all' xlink:from='loc_CondensedBalanceSheetStatementsCaptionsLineItems' xlink:to='loc_CondensedBalanceSheetStatementTable' xlink:type='arc' />
  </link:definitionLink>
  <link:definitionLink xlink:role='http://fasb.org/us-gaap/role/disclosure/SECScheduleArticle12-04CondensedFinancialInformationCondensedBalanceSheetStatementTable' xlink:type='extended'>
    <link:loc xlink:href='https://xbrl.fasb.org/srt/2021/elts/srt-2021-01-31.xsd#srt_ConsolidatedEntitiesAxis' xlink:label='loc_ConsolidatedEntitiesAxis' xlink:type='locator' />
    <link:loc xlink:href='https://xbrl.fasb.org/srt/2021/elts/srt-2021-01-31.xsd#srt_ConsolidatedEntitiesDomain' xlink:label='loc_ConsolidatedEntitiesDomain' xlink:type='locator' />
    <link:loc xlink:href='https://xbrl.fasb.org/srt/2021/elts/srt-2021-01-31.xsd#srt_ConsolidationItemsAxis' xlink:label='loc_ConsolidationItemsAxis' xlink:type='locator' />
    <link:loc xlink:href='https://xbrl.fasb.org/srt/2021/elts/srt-2021-01-31.xsd#srt_ConsolidationItemsDomain' xlink:label='loc_ConsolidationItemsDomain' xlink:type='locator' />
    <link:loc xlink:href='https://xbrl.sec.gov/dei/2021/dei-2021.xsd#dei_LegalEntityAxis' xlink:label='loc_LegalEntityAxis' xlink:type='locator' />
    <link:loc xlink:href='https://xbrl.sec.gov/dei/2021/dei-2021.xsd#dei_EntityDomain' xlink:label='loc_EntityDomain' xlink:type='locator' />
    <link:definitionArc order='2.0' xlink:arcrole='http://xbrl.org/int/dim/arcrole/dimension-default' xlink:from='loc_ConsolidatedEntitiesAxis' xlink:to='loc_ConsolidatedEntitiesDomain' xlink:type='arc' />
    <link:definitionArc order='3.0' xlink:arcrole='http://xbrl.org/int/dim/arcrole/dimension-default' xlink:from='loc_ConsolidationItemsAxis' xlink:to='loc_ConsolidationItemsDomain' xlink:type='arc' />
    <link:definitionArc order='1.0' xlink:arcrole='http://xbrl.org/int/dim/arcrole/dimension-default' xlink:from='loc_LegalEntityAxis' xlink:to='loc_EntityDomain' xlink:type='arc' />
  </link:definitionLink>
  <link:definitionLink xlink:role='http://fasb.org/us-gaap/role/disclosure/SECScheduleArticle12-04CondensedFinancialInformationCondensedBalanceSheetStatementTable' xlink:type='extended'>
    <link:loc xlink:href='https://xbrl.fasb.org/srt/2021/elts/srt-2021-01-31.xsd#srt_ConsolidatedEntitiesAxis' xlink:label='loc_ConsolidatedEntitiesAxis' xlink:type='locator' />
    <link:loc xlink:href='https://xbrl.fasb.org/srt/2021/elts/srt-2021-01-31.xsd#srt_ConsolidatedEntitiesDomain' xlink:label='loc_ConsolidatedEntitiesDomain' xlink:type='locator' />
    <link:loc xlink:href='https://xbrl.fasb.org/srt/2021/elts/srt-2021-01-31.xsd#srt_ConsolidationItemsAxis' xlink:label='loc_ConsolidationItemsAxis' xlink:type='locator' />
    <link:loc xlink:href='https://xbrl.fasb.org/srt/2021/elts/srt-2021-01-31.xsd#srt_ConsolidationItemsDomain' xlink:label='loc_ConsolidationItemsDomain' xlink:type='locator' />
    <link:loc xlink:href='https://xbrl.sec.gov/dei/2021/dei-2021.xsd#dei_LegalEntityAxis' xlink:label='loc_LegalEntityAxis' xlink:type='locator' />
    <link:loc xlink:href='https://xbrl.sec.gov/dei/2021/dei-2021.xsd#dei_EntityDomain' xlink:label='loc_EntityDomain' xlink:type='locator' />
    <link:definitionArc order='2.0' xlink:arcrole='http://xbrl.org/int/dim/arcrole/dimension-domain' xlink:from='loc_ConsolidatedEntitiesAxis' xlink:to='loc_ConsolidatedEntitiesDomain' xlink:type='arc' />
    <link:definitionArc order='3.0' xlink:arcrole='http://xbrl.org/int/dim/arcrole/dimension-domain' xlink:from='loc_ConsolidationItemsAxis' xlink:to='loc_ConsolidationItemsDomain' xlink:type='arc' />
    <link:definitionArc order='1.0' xlink:arcrole='http://xbrl.org/int/dim/arcrole/dimension-domain' xlink:from='loc_LegalEntityAxis' xlink:to='loc_EntityDomain' xlink:type='arc' />
  </link:definitionLink>
  <link:definitionLink xlink:role='http://fasb.org/us-gaap/role/disclosure/SECScheduleArticle12-04CondensedFinancialInformationCondensedBalanceSheetStatementTable' xlink:type='extended'>
    <link:loc xlink:href='https://xbrl.fasb.org/srt/2021/elts/srt-2021-01-31.xsd#srt_ConsolidatedEntitiesDomain' xlink:label='loc_ConsolidatedEntitiesDomain' xlink:type='locator' />
    <link:loc xlink:href='https://xbrl.fasb.org/srt/2021/elts/srt-2021-01-31.xsd#srt_ParentCompanyMember' xlink:label='loc_ParentCompanyMember' xlink:type='locator' />
    <link:loc xlink:href='https://xbrl.fasb.org/srt/2021/elts/srt-2021-01-31.xsd#srt_SubsidiariesMember' xlink:label='loc_SubsidiariesMember' xlink:type='locator' />
    <link:loc xlink:href='https://xbrl.fasb.org/srt/2021/elts/srt-2021-01-31.xsd#srt_SubsidiaryIssuerMember' xlink:label='loc_SubsidiaryIssuerMember' xlink:type='locator' />
    <link:loc xlink:href='https://xbrl.fasb.org/srt/2021/elts/srt-2021-01-31.xsd#srt_ConsolidationItemsDomain' xlink:label='loc_ConsolidationItemsDomain' xlink:type='locator' />
    <link:loc xlink:href='../elts/us-gaap-2021-01-31.xsd#us-gaap_OperatingSegmentsMember' xlink:label='loc_OperatingSegmentsMember' xlink:type='locator' />
    <link:loc xlink:href='../elts/us-gaap-2021-01-31.xsd#us-gaap_IntersegmentEliminationMember' xlink:label='loc_IntersegmentEliminationMember' xlink:type='locator' />
    <link:loc xlink:href='../elts/us-gaap-2021-01-31.xsd#us-gaap_MaterialReconcilingItemsMember' xlink:label='loc_MaterialReconcilingItemsMember' xlink:type='locator' />
    <link:loc xlink:href='../elts/us-gaap-2021-01-31.xsd#us-gaap_CorporateNonSegmentMember' xlink:label='loc_CorporateNonSegmentMember' xlink:type='locator' />
    <link:loc xlink:href='https://xbrl.fasb.org/srt/2021/elts/srt-2021-01-31.xsd#srt_ReportableGeographicalComponentsMember' xlink:label='loc_ReportableGeographicalComponentsMember' xlink:type='locator' />
    <link:loc xlink:href='https://xbrl.fasb.org/srt/2021/elts/srt-2021-01-31.xsd#srt_GeographyEliminationsMember' xlink:label='loc_GeographyEliminationsMember' xlink:type='locator' />
    <link:loc xlink:href='https://xbrl.fasb.org/srt/2021/elts/srt-2021-01-31.xsd#srt_ReportableLegalEntitiesMember' xlink:label='loc_ReportableLegalEntitiesMember' xlink:type='locator' />
    <link:loc xlink:href='https://xbrl.fasb.org/srt/2021/elts/srt-2021-01-31.xsd#srt_ConsolidationEliminationsMember' xlink:label='loc_ConsolidationEliminationsMember' xlink:type='locator' />
    <link:loc xlink:href='https://xbrl.fasb.org/srt/2021/elts/srt-2021-01-31.xsd#srt_GuarantorSubsidiariesMember' xlink:label='loc_GuarantorSubsidiariesMember' xlink:type='locator' />
    <link:loc xlink:href='https://xbrl.fasb.org/srt/2021/elts/srt-2021-01-31.xsd#srt_NonGuarantorSubsidiariesMember' xlink:label='loc_NonGuarantorSubsidiariesMember' xlink:type='locator' />
    <link:definitionArc order='1.0' xlink:arcrole='http://xbrl.org/int/dim/arcrole/domain-member' xlink:from='loc_ConsolidatedEntitiesDomain' xlink:to='loc_ParentCompanyMember' xlink:type='arc' />
    <link:definitionArc order='2.0' xlink:arcrole='http://xbrl.org/int/dim/arcrole/domain-member' xlink:from='loc_ConsolidatedEntitiesDomain' xlink:to='loc_SubsidiariesMember' xlink:type='arc' />
    <link:definitionArc order='5.0' xlink:arcrole='http://xbrl.org/int/dim/arcrole/domain-member' xlink:from='loc_ConsolidatedEntitiesDomain' xlink:to='loc_SubsidiaryIssuerMember' xlink:type='arc' />
    <link:definitionArc order='6.0' xlink:arcrole='http://xbrl.org/int/dim/arcrole/domain-member' xlink:from='loc_ConsolidationItemsDomain' xlink:to='loc_OperatingSegmentsMember' xlink:type='arc' />
    <link:definitionArc order='7.0' xlink:arcrole='http://xbrl.org/int/dim/arcrole/domain-member' xlink:from='loc_ConsolidationItemsDomain' xlink:to='loc_IntersegmentEliminationMember' xlink:type='arc' />
    <link:definitionArc order='8.0' xlink:arcrole='http://xbrl.org/int/dim/arcrole/domain-member' xlink:from='loc_ConsolidationItemsDomain' xlink:to='loc_MaterialReconcilingItemsMember' xlink:type='arc' />
    <link:definitionArc order='9.0' xlink:arcrole='http://xbrl.org/int/dim/arcrole/domain-member' xlink:from='loc_ConsolidationItemsDomain' xlink:to='loc_CorporateNonSegmentMember' xlink:type='arc' />
    <link:definitionArc order='10.0' xlink:arcrole='http://xbrl.org/int/dim/arcrole/domain-member' xlink:from='loc_ConsolidationItemsDomain' xlink:to='loc_ReportableGeographicalComponentsMember' xlink:type='arc' />
    <link:definitionArc order='11.0' xlink:arcrole='http://xbrl.org/int/dim/arcrole/domain-member' xlink:from='loc_ConsolidationItemsDomain' xlink:to='loc_GeographyEliminationsMember' xlink:type='arc' />
    <link:definitionArc order='12.0' xlink:arcrole='http://xbrl.org/int/dim/arcrole/domain-member' xlink:from='loc_ConsolidationItemsDomain' xlink:to='loc_ReportableLegalEntitiesMember' xlink:type='arc' />
    <link:definitionArc order='13.0' xlink:arcrole='http://xbrl.org/int/dim/arcrole/domain-member' xlink:from='loc_ConsolidationItemsDomain' xlink:to='loc_ConsolidationEliminationsMember' xlink:type='arc' />
    <link:definitionArc order='3.0' xlink:arcrole='http://xbrl.org/int/dim/arcrole/domain-member' xlink:from='loc_SubsidiariesMember' xlink:to='loc_GuarantorSubsidiariesMember' xlink:type='arc' />
    <link:definitionArc order='4.0' xlink:arcrole='http://xbrl.org/int/dim/arcrole/domain-member' xlink:from='loc_SubsidiariesMember' xlink:to='loc_NonGuarantorSubsidiariesMember' xlink:type='arc' />
  </link:definitionLink>
  <link:definitionLink xlink:role='http://fasb.org/us-gaap/role/disclosure/SECScheduleArticle12-04CondensedFinancialInformationCondensedBalanceSheetStatementTable' xlink:type='extended'>
    <link:loc xlink:href='https://xbrl.fasb.org/srt/2021/elts/srt-2021-01-31.xsd#srt_CondensedBalanceSheetStatementTable' xlink:label='loc_CondensedBalanceSheetStatementTable' xlink:type='locator' />
    <link:loc xlink:href='https://xbrl.sec.gov/dei/2021/dei-2021.xsd#dei_LegalEntityAxis' xlink:label='loc_LegalEntityAxis' xlink:type='locator' />
    <link:loc xlink:href='https://xbrl.fasb.org/srt/2021/elts/srt-2021-01-31.xsd#srt_ConsolidatedEntitiesAxis' xlink:label='loc_ConsolidatedEntitiesAxis' xlink:type='locator' />
    <link:loc xlink:href='https://xbrl.fasb.org/srt/2021/elts/srt-2021-01-31.xsd#srt_ConsolidationItemsAxis' xlink:label='loc_ConsolidationItemsAxis' xlink:type='locator' />
    <link:definitionArc order='1.0' xlink:arcrole='http://xbrl.org/int/dim/arcrole/hypercube-dimension' xlink:from='loc_CondensedBalanceSheetStatementTable' xlink:to='loc_LegalEntityAxis' xlink:type='arc' />
    <link:definitionArc order='2.0' xlink:arcrole='http://xbrl.org/int/dim/arcrole/hypercube-dimension' xlink:from='loc_CondensedBalanceSheetStatementTable' xlink:to='loc_ConsolidatedEntitiesAxis' xlink:type='arc' />
    <link:definitionArc order='3.0' xlink:arcrole='http://xbrl.org/int/dim/arcrole/hypercube-dimension' xlink:from='loc_CondensedBalanceSheetStatementTable' xlink:to='loc_ConsolidationItemsAxis' xlink:type='arc' />
  </link:definitionLink>
  <link:definitionLink xlink:role='http://fasb.org/us-gaap/role/disclosure/SECScheduleArticle12-04CondensedFinancialInformationCondensedCashFlowStatementTable' xlink:type='extended'>
    <link:loc xlink:href='https://xbrl.fasb.org/srt/2021/elts/srt-2021-01-31.xsd#srt_CondensedCashFlowStatementsCaptionsLineItems' xlink:label='loc_CondensedCashFlowStatementsCaptionsLineItems' xlink:type='locator' />
    <link:loc xlink:href='https://xbrl.fasb.org/srt/2021/elts/srt-2021-01-31.xsd#srt_CondensedCashFlowStatementTable' xlink:label='loc_CondensedCashFlowStatementTable' xlink:type='locator' />
    <link:definitionArc order='1.0' xbrldt:closed='true' xbrldt:contextElement='segment' xlink:arcrole='http://xbrl.org/int/dim/arcrole/all' xlink:from='loc_CondensedCashFlowStatementsCaptionsLineItems' xlink:to='loc_CondensedCashFlowStatementTable' xlink:type='arc' />
  </link:definitionLink>
  <link:definitionLink xlink:role='http://fasb.org/us-gaap/role/disclosure/SECScheduleArticle12-04CondensedFinancialInformationCondensedCashFlowStatementTable' xlink:type='extended'>
    <link:loc xlink:href='https://xbrl.fasb.org/srt/2021/elts/srt-2021-01-31.xsd#srt_ConsolidatedEntitiesAxis' xlink:label='loc_ConsolidatedEntitiesAxis' xlink:type='locator' />
    <link:loc xlink:href='https://xbrl.fasb.org/srt/2021/elts/srt-2021-01-31.xsd#srt_ConsolidatedEntitiesDomain' xlink:label='loc_ConsolidatedEntitiesDomain' xlink:type='locator' />
    <link:loc xlink:href='https://xbrl.fasb.org/srt/2021/elts/srt-2021-01-31.xsd#srt_ConsolidationItemsAxis' xlink:label='loc_ConsolidationItemsAxis' xlink:type='locator' />
    <link:loc xlink:href='https://xbrl.fasb.org/srt/2021/elts/srt-2021-01-31.xsd#srt_ConsolidationItemsDomain' xlink:label='loc_ConsolidationItemsDomain' xlink:type='locator' />
    <link:loc xlink:href='https://xbrl.sec.gov/dei/2021/dei-2021.xsd#dei_LegalEntityAxis' xlink:label='loc_LegalEntityAxis' xlink:type='locator' />
    <link:loc xlink:href='https://xbrl.sec.gov/dei/2021/dei-2021.xsd#dei_EntityDomain' xlink:label='loc_EntityDomain' xlink:type='locator' />
    <link:definitionArc order='2.0' xlink:arcrole='http://xbrl.org/int/dim/arcrole/dimension-default' xlink:from='loc_ConsolidatedEntitiesAxis' xlink:to='loc_ConsolidatedEntitiesDomain' xlink:type='arc' />
    <link:definitionArc order='3.0' xlink:arcrole='http://xbrl.org/int/dim/arcrole/dimension-default' xlink:from='loc_ConsolidationItemsAxis' xlink:to='loc_ConsolidationItemsDomain' xlink:type='arc' />
    <link:definitionArc order='1.0' xlink:arcrole='http://xbrl.org/int/dim/arcrole/dimension-default' xlink:from='loc_LegalEntityAxis' xlink:to='loc_EntityDomain' xlink:type='arc' />
  </link:definitionLink>
  <link:definitionLink xlink:role='http://fasb.org/us-gaap/role/disclosure/SECScheduleArticle12-04CondensedFinancialInformationCondensedCashFlowStatementTable' xlink:type='extended'>
    <link:loc xlink:href='https://xbrl.fasb.org/srt/2021/elts/srt-2021-01-31.xsd#srt_ConsolidatedEntitiesAxis' xlink:label='loc_ConsolidatedEntitiesAxis' xlink:type='locator' />
    <link:loc xlink:href='https://xbrl.fasb.org/srt/2021/elts/srt-2021-01-31.xsd#srt_ConsolidatedEntitiesDomain' xlink:label='loc_ConsolidatedEntitiesDomain' xlink:type='locator' />
    <link:loc xlink:href='https://xbrl.fasb.org/srt/2021/elts/srt-2021-01-31.xsd#srt_ConsolidationItemsAxis' xlink:label='loc_ConsolidationItemsAxis' xlink:type='locator' />
    <link:loc xlink:href='https://xbrl.fasb.org/srt/2021/elts/srt-2021-01-31.xsd#srt_ConsolidationItemsDomain' xlink:label='loc_ConsolidationItemsDomain' xlink:type='locator' />
    <link:loc xlink:href='https://xbrl.sec.gov/dei/2021/dei-2021.xsd#dei_LegalEntityAxis' xlink:label='loc_LegalEntityAxis' xlink:type='locator' />
    <link:loc xlink:href='https://xbrl.sec.gov/dei/2021/dei-2021.xsd#dei_EntityDomain' xlink:label='loc_EntityDomain' xlink:type='locator' />
    <link:definitionArc order='2.0' xlink:arcrole='http://xbrl.org/int/dim/arcrole/dimension-domain' xlink:from='loc_ConsolidatedEntitiesAxis' xlink:to='loc_ConsolidatedEntitiesDomain' xlink:type='arc' />
    <link:definitionArc order='3.0' xlink:arcrole='http://xbrl.org/int/dim/arcrole/dimension-domain' xlink:from='loc_ConsolidationItemsAxis' xlink:to='loc_ConsolidationItemsDomain' xlink:type='arc' />
    <link:definitionArc order='1.0' xlink:arcrole='http://xbrl.org/int/dim/arcrole/dimension-domain' xlink:from='loc_LegalEntityAxis' xlink:to='loc_EntityDomain' xlink:type='arc' />
  </link:definitionLink>
  <link:definitionLink xlink:role='http://fasb.org/us-gaap/role/disclosure/SECScheduleArticle12-04CondensedFinancialInformationCondensedCashFlowStatementTable' xlink:type='extended'>
    <link:loc xlink:href='https://xbrl.fasb.org/srt/2021/elts/srt-2021-01-31.xsd#srt_ConsolidatedEntitiesDomain' xlink:label='loc_ConsolidatedEntitiesDomain' xlink:type='locator' />
    <link:loc xlink:href='https://xbrl.fasb.org/srt/2021/elts/srt-2021-01-31.xsd#srt_ParentCompanyMember' xlink:label='loc_ParentCompanyMember' xlink:type='locator' />
    <link:loc xlink:href='https://xbrl.fasb.org/srt/2021/elts/srt-2021-01-31.xsd#srt_SubsidiariesMember' xlink:label='loc_SubsidiariesMember' xlink:type='locator' />
    <link:loc xlink:href='https://xbrl.fasb.org/srt/2021/elts/srt-2021-01-31.xsd#srt_SubsidiaryIssuerMember' xlink:label='loc_SubsidiaryIssuerMember' xlink:type='locator' />
    <link:loc xlink:href='https://xbrl.fasb.org/srt/2021/elts/srt-2021-01-31.xsd#srt_ConsolidationItemsDomain' xlink:label='loc_ConsolidationItemsDomain' xlink:type='locator' />
    <link:loc xlink:href='../elts/us-gaap-2021-01-31.xsd#us-gaap_OperatingSegmentsMember' xlink:label='loc_OperatingSegmentsMember' xlink:type='locator' />
    <link:loc xlink:href='../elts/us-gaap-2021-01-31.xsd#us-gaap_IntersegmentEliminationMember' xlink:label='loc_IntersegmentEliminationMember' xlink:type='locator' />
    <link:loc xlink:href='../elts/us-gaap-2021-01-31.xsd#us-gaap_MaterialReconcilingItemsMember' xlink:label='loc_MaterialReconcilingItemsMember' xlink:type='locator' />
    <link:loc xlink:href='../elts/us-gaap-2021-01-31.xsd#us-gaap_CorporateNonSegmentMember' xlink:label='loc_CorporateNonSegmentMember' xlink:type='locator' />
    <link:loc xlink:href='https://xbrl.fasb.org/srt/2021/elts/srt-2021-01-31.xsd#srt_ReportableGeographicalComponentsMember' xlink:label='loc_ReportableGeographicalComponentsMember' xlink:type='locator' />
    <link:loc xlink:href='https://xbrl.fasb.org/srt/2021/elts/srt-2021-01-31.xsd#srt_GeographyEliminationsMember' xlink:label='loc_GeographyEliminationsMember' xlink:type='locator' />
    <link:loc xlink:href='https://xbrl.fasb.org/srt/2021/elts/srt-2021-01-31.xsd#srt_ReportableLegalEntitiesMember' xlink:label='loc_ReportableLegalEntitiesMember' xlink:type='locator' />
    <link:loc xlink:href='https://xbrl.fasb.org/srt/2021/elts/srt-2021-01-31.xsd#srt_ConsolidationEliminationsMember' xlink:label='loc_ConsolidationEliminationsMember' xlink:type='locator' />
    <link:loc xlink:href='https://xbrl.fasb.org/srt/2021/elts/srt-2021-01-31.xsd#srt_GuarantorSubsidiariesMember' xlink:label='loc_GuarantorSubsidiariesMember' xlink:type='locator' />
    <link:loc xlink:href='https://xbrl.fasb.org/srt/2021/elts/srt-2021-01-31.xsd#srt_NonGuarantorSubsidiariesMember' xlink:label='loc_NonGuarantorSubsidiariesMember' xlink:type='locator' />
    <link:definitionArc order='1.0' xlink:arcrole='http://xbrl.org/int/dim/arcrole/domain-member' xlink:from='loc_ConsolidatedEntitiesDomain' xlink:to='loc_ParentCompanyMember' xlink:type='arc' />
    <link:definitionArc order='2.0' xlink:arcrole='http://xbrl.org/int/dim/arcrole/domain-member' xlink:from='loc_ConsolidatedEntitiesDomain' xlink:to='loc_SubsidiariesMember' xlink:type='arc' />
    <link:definitionArc order='5.0' xlink:arcrole='http://xbrl.org/int/dim/arcrole/domain-member' xlink:from='loc_ConsolidatedEntitiesDomain' xlink:to='loc_SubsidiaryIssuerMember' xlink:type='arc' />
    <link:definitionArc order='6.0' xlink:arcrole='http://xbrl.org/int/dim/arcrole/domain-member' xlink:from='loc_ConsolidationItemsDomain' xlink:to='loc_OperatingSegmentsMember' xlink:type='arc' />
    <link:definitionArc order='7.0' xlink:arcrole='http://xbrl.org/int/dim/arcrole/domain-member' xlink:from='loc_ConsolidationItemsDomain' xlink:to='loc_IntersegmentEliminationMember' xlink:type='arc' />
    <link:definitionArc order='8.0' xlink:arcrole='http://xbrl.org/int/dim/arcrole/domain-member' xlink:from='loc_ConsolidationItemsDomain' xlink:to='loc_MaterialReconcilingItemsMember' xlink:type='arc' />
    <link:definitionArc order='9.0' xlink:arcrole='http://xbrl.org/int/dim/arcrole/domain-member' xlink:from='loc_ConsolidationItemsDomain' xlink:to='loc_CorporateNonSegmentMember' xlink:type='arc' />
    <link:definitionArc order='10.0' xlink:arcrole='http://xbrl.org/int/dim/arcrole/domain-member' xlink:from='loc_ConsolidationItemsDomain' xlink:to='loc_ReportableGeographicalComponentsMember' xlink:type='arc' />
    <link:definitionArc order='11.0' xlink:arcrole='http://xbrl.org/int/dim/arcrole/domain-member' xlink:from='loc_ConsolidationItemsDomain' xlink:to='loc_GeographyEliminationsMember' xlink:type='arc' />
    <link:definitionArc order='12.0' xlink:arcrole='http://xbrl.org/int/dim/arcrole/domain-member' xlink:from='loc_ConsolidationItemsDomain' xlink:to='loc_ReportableLegalEntitiesMember' xlink:type='arc' />
    <link:definitionArc order='13.0' xlink:arcrole='http://xbrl.org/int/dim/arcrole/domain-member' xlink:from='loc_ConsolidationItemsDomain' xlink:to='loc_ConsolidationEliminationsMember' xlink:type='arc' />
    <link:definitionArc order='3.0' xlink:arcrole='http://xbrl.org/int/dim/arcrole/domain-member' xlink:from='loc_SubsidiariesMember' xlink:to='loc_GuarantorSubsidiariesMember' xlink:type='arc' />
    <link:definitionArc order='4.0' xlink:arcrole='http://xbrl.org/int/dim/arcrole/domain-member' xlink:from='loc_SubsidiariesMember' xlink:to='loc_NonGuarantorSubsidiariesMember' xlink:type='arc' />
  </link:definitionLink>
  <link:definitionLink xlink:role='http://fasb.org/us-gaap/role/disclosure/SECScheduleArticle12-04CondensedFinancialInformationCondensedCashFlowStatementTable' xlink:type='extended'>
    <link:loc xlink:href='https://xbrl.fasb.org/srt/2021/elts/srt-2021-01-31.xsd#srt_CondensedCashFlowStatementTable' xlink:label='loc_CondensedCashFlowStatementTable' xlink:type='locator' />
    <link:loc xlink:href='https://xbrl.sec.gov/dei/2021/dei-2021.xsd#dei_LegalEntityAxis' xlink:label='loc_LegalEntityAxis' xlink:type='locator' />
    <link:loc xlink:href='https://xbrl.fasb.org/srt/2021/elts/srt-2021-01-31.xsd#srt_ConsolidatedEntitiesAxis' xlink:label='loc_ConsolidatedEntitiesAxis' xlink:type='locator' />
    <link:loc xlink:href='https://xbrl.fasb.org/srt/2021/elts/srt-2021-01-31.xsd#srt_ConsolidationItemsAxis' xlink:label='loc_ConsolidationItemsAxis' xlink:type='locator' />
    <link:definitionArc order='1.0' xlink:arcrole='http://xbrl.org/int/dim/arcrole/hypercube-dimension' xlink:from='loc_CondensedCashFlowStatementTable' xlink:to='loc_LegalEntityAxis' xlink:type='arc' />
    <link:definitionArc order='2.0' xlink:arcrole='http://xbrl.org/int/dim/arcrole/hypercube-dimension' xlink:from='loc_CondensedCashFlowStatementTable' xlink:to='loc_ConsolidatedEntitiesAxis' xlink:type='arc' />
    <link:definitionArc order='3.0' xlink:arcrole='http://xbrl.org/int/dim/arcrole/hypercube-dimension' xlink:from='loc_CondensedCashFlowStatementTable' xlink:to='loc_ConsolidationItemsAxis' xlink:type='arc' />
  </link:definitionLink>
  <link:definitionLink xlink:role='http://fasb.org/us-gaap/role/disclosure/SECScheduleArticle12-04CondensedFinancialInformationCondensedIncomeStatementTable' xlink:type='extended'>
    <link:loc xlink:href='https://xbrl.fasb.org/srt/2021/elts/srt-2021-01-31.xsd#srt_CondensedIncomeStatementsCaptionsLineItems' xlink:label='loc_CondensedIncomeStatementsCaptionsLineItems' xlink:type='locator' />
    <link:loc xlink:href='https://xbrl.fasb.org/srt/2021/elts/srt-2021-01-31.xsd#srt_CondensedIncomeStatementTable' xlink:label='loc_CondensedIncomeStatementTable' xlink:type='locator' />
    <link:definitionArc order='1.0' xbrldt:closed='true' xbrldt:contextElement='segment' xlink:arcrole='http://xbrl.org/int/dim/arcrole/all' xlink:from='loc_CondensedIncomeStatementsCaptionsLineItems' xlink:to='loc_CondensedIncomeStatementTable' xlink:type='arc' />
  </link:definitionLink>
  <link:definitionLink xlink:role='http://fasb.org/us-gaap/role/disclosure/SECScheduleArticle12-04CondensedFinancialInformationCondensedIncomeStatementTable' xlink:type='extended'>
    <link:loc xlink:href='https://xbrl.fasb.org/srt/2021/elts/srt-2021-01-31.xsd#srt_ConsolidatedEntitiesAxis' xlink:label='loc_ConsolidatedEntitiesAxis' xlink:type='locator' />
    <link:loc xlink:href='https://xbrl.fasb.org/srt/2021/elts/srt-2021-01-31.xsd#srt_ConsolidatedEntitiesDomain' xlink:label='loc_ConsolidatedEntitiesDomain' xlink:type='locator' />
    <link:loc xlink:href='https://xbrl.fasb.org/srt/2021/elts/srt-2021-01-31.xsd#srt_ConsolidationItemsAxis' xlink:label='loc_ConsolidationItemsAxis' xlink:type='locator' />
    <link:loc xlink:href='https://xbrl.fasb.org/srt/2021/elts/srt-2021-01-31.xsd#srt_ConsolidationItemsDomain' xlink:label='loc_ConsolidationItemsDomain' xlink:type='locator' />
    <link:loc xlink:href='https://xbrl.sec.gov/dei/2021/dei-2021.xsd#dei_LegalEntityAxis' xlink:label='loc_LegalEntityAxis' xlink:type='locator' />
    <link:loc xlink:href='https://xbrl.sec.gov/dei/2021/dei-2021.xsd#dei_EntityDomain' xlink:label='loc_EntityDomain' xlink:type='locator' />
    <link:definitionArc order='2.0' xlink:arcrole='http://xbrl.org/int/dim/arcrole/dimension-default' xlink:from='loc_ConsolidatedEntitiesAxis' xlink:to='loc_ConsolidatedEntitiesDomain' xlink:type='arc' />
    <link:definitionArc order='3.0' xlink:arcrole='http://xbrl.org/int/dim/arcrole/dimension-default' xlink:from='loc_ConsolidationItemsAxis' xlink:to='loc_ConsolidationItemsDomain' xlink:type='arc' />
    <link:definitionArc order='1.0' xlink:arcrole='http://xbrl.org/int/dim/arcrole/dimension-default' xlink:from='loc_LegalEntityAxis' xlink:to='loc_EntityDomain' xlink:type='arc' />
  </link:definitionLink>
  <link:definitionLink xlink:role='http://fasb.org/us-gaap/role/disclosure/SECScheduleArticle12-04CondensedFinancialInformationCondensedIncomeStatementTable' xlink:type='extended'>
    <link:loc xlink:href='https://xbrl.fasb.org/srt/2021/elts/srt-2021-01-31.xsd#srt_ConsolidatedEntitiesAxis' xlink:label='loc_ConsolidatedEntitiesAxis' xlink:type='locator' />
    <link:loc xlink:href='https://xbrl.fasb.org/srt/2021/elts/srt-2021-01-31.xsd#srt_ConsolidatedEntitiesDomain' xlink:label='loc_ConsolidatedEntitiesDomain' xlink:type='locator' />
    <link:loc xlink:href='https://xbrl.fasb.org/srt/2021/elts/srt-2021-01-31.xsd#srt_ConsolidationItemsAxis' xlink:label='loc_ConsolidationItemsAxis' xlink:type='locator' />
    <link:loc xlink:href='https://xbrl.fasb.org/srt/2021/elts/srt-2021-01-31.xsd#srt_ConsolidationItemsDomain' xlink:label='loc_ConsolidationItemsDomain' xlink:type='locator' />
    <link:loc xlink:href='https://xbrl.sec.gov/dei/2021/dei-2021.xsd#dei_LegalEntityAxis' xlink:label='loc_LegalEntityAxis' xlink:type='locator' />
    <link:loc xlink:href='https://xbrl.sec.gov/dei/2021/dei-2021.xsd#dei_EntityDomain' xlink:label='loc_EntityDomain' xlink:type='locator' />
    <link:definitionArc order='2.0' xlink:arcrole='http://xbrl.org/int/dim/arcrole/dimension-domain' xlink:from='loc_ConsolidatedEntitiesAxis' xlink:to='loc_ConsolidatedEntitiesDomain' xlink:type='arc' />
    <link:definitionArc order='3.0' xlink:arcrole='http://xbrl.org/int/dim/arcrole/dimension-domain' xlink:from='loc_ConsolidationItemsAxis' xlink:to='loc_ConsolidationItemsDomain' xlink:type='arc' />
    <link:definitionArc order='1.0' xlink:arcrole='http://xbrl.org/int/dim/arcrole/dimension-domain' xlink:from='loc_LegalEntityAxis' xlink:to='loc_EntityDomain' xlink:type='arc' />
  </link:definitionLink>
  <link:definitionLink xlink:role='http://fasb.org/us-gaap/role/disclosure/SECScheduleArticle12-04CondensedFinancialInformationCondensedIncomeStatementTable' xlink:type='extended'>
    <link:loc xlink:href='https://xbrl.fasb.org/srt/2021/elts/srt-2021-01-31.xsd#srt_CondensedIncomeStatementsCaptionsLineItems' xlink:label='loc_CondensedIncomeStatementsCaptionsLineItems' xlink:type='locator' />
    <link:loc xlink:href='../elts/us-gaap-2021-01-31.xsd#us-gaap_IncomeLossFromSubsidiariesNetOfTaxAbstract' xlink:label='loc_IncomeLossFromSubsidiariesNetOfTaxAbstract' xlink:type='locator' />
    <link:loc xlink:href='https://xbrl.fasb.org/srt/2021/elts/srt-2021-01-31.xsd#srt_ConsolidatedEntitiesDomain' xlink:label='loc_ConsolidatedEntitiesDomain' xlink:type='locator' />
    <link:loc xlink:href='https://xbrl.fasb.org/srt/2021/elts/srt-2021-01-31.xsd#srt_ParentCompanyMember' xlink:label='loc_ParentCompanyMember' xlink:type='locator' />
    <link:loc xlink:href='https://xbrl.fasb.org/srt/2021/elts/srt-2021-01-31.xsd#srt_SubsidiariesMember' xlink:label='loc_SubsidiariesMember' xlink:type='locator' />
    <link:loc xlink:href='https://xbrl.fasb.org/srt/2021/elts/srt-2021-01-31.xsd#srt_SubsidiaryIssuerMember' xlink:label='loc_SubsidiaryIssuerMember' xlink:type='locator' />
    <link:loc xlink:href='https://xbrl.fasb.org/srt/2021/elts/srt-2021-01-31.xsd#srt_ConsolidationItemsDomain' xlink:label='loc_ConsolidationItemsDomain' xlink:type='locator' />
    <link:loc xlink:href='../elts/us-gaap-2021-01-31.xsd#us-gaap_OperatingSegmentsMember' xlink:label='loc_OperatingSegmentsMember' xlink:type='locator' />
    <link:loc xlink:href='../elts/us-gaap-2021-01-31.xsd#us-gaap_IntersegmentEliminationMember' xlink:label='loc_IntersegmentEliminationMember' xlink:type='locator' />
    <link:loc xlink:href='../elts/us-gaap-2021-01-31.xsd#us-gaap_MaterialReconcilingItemsMember' xlink:label='loc_MaterialReconcilingItemsMember' xlink:type='locator' />
    <link:loc xlink:href='../elts/us-gaap-2021-01-31.xsd#us-gaap_CorporateNonSegmentMember' xlink:label='loc_CorporateNonSegmentMember' xlink:type='locator' />
    <link:loc xlink:href='https://xbrl.fasb.org/srt/2021/elts/srt-2021-01-31.xsd#srt_ReportableGeographicalComponentsMember' xlink:label='loc_ReportableGeographicalComponentsMember' xlink:type='locator' />
    <link:loc xlink:href='https://xbrl.fasb.org/srt/2021/elts/srt-2021-01-31.xsd#srt_GeographyEliminationsMember' xlink:label='loc_GeographyEliminationsMember' xlink:type='locator' />
    <link:loc xlink:href='https://xbrl.fasb.org/srt/2021/elts/srt-2021-01-31.xsd#srt_ReportableLegalEntitiesMember' xlink:label='loc_ReportableLegalEntitiesMember' xlink:type='locator' />
    <link:loc xlink:href='https://xbrl.fasb.org/srt/2021/elts/srt-2021-01-31.xsd#srt_ConsolidationEliminationsMember' xlink:label='loc_ConsolidationEliminationsMember' xlink:type='locator' />
    <link:loc xlink:href='../elts/us-gaap-2021-01-31.xsd#us-gaap_IncomeLossFromSubsidiariesBeforeTax' xlink:label='loc_IncomeLossFromSubsidiariesBeforeTax' xlink:type='locator' />
    <link:loc xlink:href='../elts/us-gaap-2021-01-31.xsd#us-gaap_IncomeLossFromSubsidiariesTaxExpenseBenefit' xlink:label='loc_IncomeLossFromSubsidiariesTaxExpenseBenefit' xlink:type='locator' />
    <link:loc xlink:href='../elts/us-gaap-2021-01-31.xsd#us-gaap_IncomeLossFromSubsidiariesNetOfTax' xlink:label='loc_IncomeLossFromSubsidiariesNetOfTax' xlink:type='locator' />
    <link:loc xlink:href='https://xbrl.fasb.org/srt/2021/elts/srt-2021-01-31.xsd#srt_GuarantorSubsidiariesMember' xlink:label='loc_GuarantorSubsidiariesMember' xlink:type='locator' />
    <link:loc xlink:href='https://xbrl.fasb.org/srt/2021/elts/srt-2021-01-31.xsd#srt_NonGuarantorSubsidiariesMember' xlink:label='loc_NonGuarantorSubsidiariesMember' xlink:type='locator' />
    <link:definitionArc order='1.0' xlink:arcrole='http://xbrl.org/int/dim/arcrole/domain-member' xlink:from='loc_CondensedIncomeStatementsCaptionsLineItems' xlink:to='loc_IncomeLossFromSubsidiariesNetOfTaxAbstract' xlink:type='arc' />
    <link:definitionArc order='1.0' xlink:arcrole='http://xbrl.org/int/dim/arcrole/domain-member' xlink:from='loc_ConsolidatedEntitiesDomain' xlink:to='loc_ParentCompanyMember' xlink:type='arc' />
    <link:definitionArc order='2.0' xlink:arcrole='http://xbrl.org/int/dim/arcrole/domain-member' xlink:from='loc_ConsolidatedEntitiesDomain' xlink:to='loc_SubsidiariesMember' xlink:type='arc' />
    <link:definitionArc order='5.0' xlink:arcrole='http://xbrl.org/int/dim/arcrole/domain-member' xlink:from='loc_ConsolidatedEntitiesDomain' xlink:to='loc_SubsidiaryIssuerMember' xlink:type='arc' />
    <link:definitionArc order='6.0' xlink:arcrole='http://xbrl.org/int/dim/arcrole/domain-member' xlink:from='loc_ConsolidationItemsDomain' xlink:to='loc_OperatingSegmentsMember' xlink:type='arc' />
    <link:definitionArc order='7.0' xlink:arcrole='http://xbrl.org/int/dim/arcrole/domain-member' xlink:from='loc_ConsolidationItemsDomain' xlink:to='loc_IntersegmentEliminationMember' xlink:type='arc' />
    <link:definitionArc order='8.0' xlink:arcrole='http://xbrl.org/int/dim/arcrole/domain-member' xlink:from='loc_ConsolidationItemsDomain' xlink:to='loc_MaterialReconcilingItemsMember' xlink:type='arc' />
    <link:definitionArc order='9.0' xlink:arcrole='http://xbrl.org/int/dim/arcrole/domain-member' xlink:from='loc_ConsolidationItemsDomain' xlink:to='loc_CorporateNonSegmentMember' xlink:type='arc' />
    <link:definitionArc order='10.0' xlink:arcrole='http://xbrl.org/int/dim/arcrole/domain-member' xlink:from='loc_ConsolidationItemsDomain' xlink:to='loc_ReportableGeographicalComponentsMember' xlink:type='arc' />
    <link:definitionArc order='11.0' xlink:arcrole='http://xbrl.org/int/dim/arcrole/domain-member' xlink:from='loc_ConsolidationItemsDomain' xlink:to='loc_GeographyEliminationsMember' xlink:type='arc' />
    <link:definitionArc order='12.0' xlink:arcrole='http://xbrl.org/int/dim/arcrole/domain-member' xlink:from='loc_ConsolidationItemsDomain' xlink:to='loc_ReportableLegalEntitiesMember' xlink:type='arc' />
    <link:definitionArc order='13.0' xlink:arcrole='http://xbrl.org/int/dim/arcrole/domain-member' xlink:from='loc_ConsolidationItemsDomain' xlink:to='loc_ConsolidationEliminationsMember' xlink:type='arc' />
    <link:definitionArc order='2.0' xlink:arcrole='http://xbrl.org/int/dim/arcrole/domain-member' xlink:from='loc_IncomeLossFromSubsidiariesNetOfTaxAbstract' xlink:to='loc_IncomeLossFromSubsidiariesBeforeTax' xlink:type='arc' />
    <link:definitionArc order='3.0' xlink:arcrole='http://xbrl.org/int/dim/arcrole/domain-member' xlink:from='loc_IncomeLossFromSubsidiariesNetOfTaxAbstract' xlink:to='loc_IncomeLossFromSubsidiariesTaxExpenseBenefit' xlink:type='arc' />
    <link:definitionArc order='4.0' xlink:arcrole='http://xbrl.org/int/dim/arcrole/domain-member' xlink:from='loc_IncomeLossFromSubsidiariesNetOfTaxAbstract' xlink:to='loc_IncomeLossFromSubsidiariesNetOfTax' xlink:type='arc' />
    <link:definitionArc order='3.0' xlink:arcrole='http://xbrl.org/int/dim/arcrole/domain-member' xlink:from='loc_SubsidiariesMember' xlink:to='loc_GuarantorSubsidiariesMember' xlink:type='arc' />
    <link:definitionArc order='4.0' xlink:arcrole='http://xbrl.org/int/dim/arcrole/domain-member' xlink:from='loc_SubsidiariesMember' xlink:to='loc_NonGuarantorSubsidiariesMember' xlink:type='arc' />
  </link:definitionLink>
  <link:definitionLink xlink:role='http://fasb.org/us-gaap/role/disclosure/SECScheduleArticle12-04CondensedFinancialInformationCondensedIncomeStatementTable' xlink:type='extended'>
    <link:loc xlink:href='https://xbrl.fasb.org/srt/2021/elts/srt-2021-01-31.xsd#srt_CondensedIncomeStatementTable' xlink:label='loc_CondensedIncomeStatementTable' xlink:type='locator' />
    <link:loc xlink:href='https://xbrl.sec.gov/dei/2021/dei-2021.xsd#dei_LegalEntityAxis' xlink:label='loc_LegalEntityAxis' xlink:type='locator' />
    <link:loc xlink:href='https://xbrl.fasb.org/srt/2021/elts/srt-2021-01-31.xsd#srt_ConsolidatedEntitiesAxis' xlink:label='loc_ConsolidatedEntitiesAxis' xlink:type='locator' />
    <link:loc xlink:href='https://xbrl.fasb.org/srt/2021/elts/srt-2021-01-31.xsd#srt_ConsolidationItemsAxis' xlink:label='loc_ConsolidationItemsAxis' xlink:type='locator' />
    <link:definitionArc order='1.0' xlink:arcrole='http://xbrl.org/int/dim/arcrole/hypercube-dimension' xlink:from='loc_CondensedIncomeStatementTable' xlink:to='loc_LegalEntityAxis' xlink:type='arc' />
    <link:definitionArc order='2.0' xlink:arcrole='http://xbrl.org/int/dim/arcrole/hypercube-dimension' xlink:from='loc_CondensedIncomeStatementTable' xlink:to='loc_ConsolidatedEntitiesAxis' xlink:type='arc' />
    <link:definitionArc order='3.0' xlink:arcrole='http://xbrl.org/int/dim/arcrole/hypercube-dimension' xlink:from='loc_CondensedIncomeStatementTable' xlink:to='loc_ConsolidationItemsAxis' xlink:type='arc' />
  </link:definitionLink>
  <link:definitionLink xlink:role='http://fasb.org/us-gaap/role/disclosure/SECScheduleArticle12-04CondensedFinancialInformationCondensedStatementOfComprehensiveIncomeTable' xlink:type='extended'>
    <link:loc xlink:href='https://xbrl.fasb.org/srt/2021/elts/srt-2021-01-31.xsd#srt_CondensedStatementOfIncomeCaptionsLineItems' xlink:label='loc_CondensedStatementOfIncomeCaptionsLineItems' xlink:type='locator' />
    <link:loc xlink:href='https://xbrl.fasb.org/srt/2021/elts/srt-2021-01-31.xsd#srt_CondensedStatementOfComprehensiveIncomeTable' xlink:label='loc_CondensedStatementOfComprehensiveIncomeTable' xlink:type='locator' />
    <link:definitionArc order='1.0' xbrldt:closed='true' xbrldt:contextElement='segment' xlink:arcrole='http://xbrl.org/int/dim/arcrole/all' xlink:from='loc_CondensedStatementOfIncomeCaptionsLineItems' xlink:to='loc_CondensedStatementOfComprehensiveIncomeTable' xlink:type='arc' />
  </link:definitionLink>
  <link:definitionLink xlink:role='http://fasb.org/us-gaap/role/disclosure/SECScheduleArticle12-04CondensedFinancialInformationCondensedStatementOfComprehensiveIncomeTable' xlink:type='extended'>
    <link:loc xlink:href='https://xbrl.fasb.org/srt/2021/elts/srt-2021-01-31.xsd#srt_ConsolidatedEntitiesAxis' xlink:label='loc_ConsolidatedEntitiesAxis' xlink:type='locator' />
    <link:loc xlink:href='https://xbrl.fasb.org/srt/2021/elts/srt-2021-01-31.xsd#srt_ConsolidatedEntitiesDomain' xlink:label='loc_ConsolidatedEntitiesDomain' xlink:type='locator' />
    <link:loc xlink:href='https://xbrl.fasb.org/srt/2021/elts/srt-2021-01-31.xsd#srt_ConsolidationItemsAxis' xlink:label='loc_ConsolidationItemsAxis' xlink:type='locator' />
    <link:loc xlink:href='https://xbrl.fasb.org/srt/2021/elts/srt-2021-01-31.xsd#srt_ConsolidationItemsDomain' xlink:label='loc_ConsolidationItemsDomain' xlink:type='locator' />
    <link:loc xlink:href='https://xbrl.sec.gov/dei/2021/dei-2021.xsd#dei_LegalEntityAxis' xlink:label='loc_LegalEntityAxis' xlink:type='locator' />
    <link:loc xlink:href='https://xbrl.sec.gov/dei/2021/dei-2021.xsd#dei_EntityDomain' xlink:label='loc_EntityDomain' xlink:type='locator' />
    <link:definitionArc order='2.0' xlink:arcrole='http://xbrl.org/int/dim/arcrole/dimension-default' xlink:from='loc_ConsolidatedEntitiesAxis' xlink:to='loc_ConsolidatedEntitiesDomain' xlink:type='arc' />
    <link:definitionArc order='3.0' xlink:arcrole='http://xbrl.org/int/dim/arcrole/dimension-default' xlink:from='loc_ConsolidationItemsAxis' xlink:to='loc_ConsolidationItemsDomain' xlink:type='arc' />
    <link:definitionArc order='1.0' xlink:arcrole='http://xbrl.org/int/dim/arcrole/dimension-default' xlink:from='loc_LegalEntityAxis' xlink:to='loc_EntityDomain' xlink:type='arc' />
  </link:definitionLink>
  <link:definitionLink xlink:role='http://fasb.org/us-gaap/role/disclosure/SECScheduleArticle12-04CondensedFinancialInformationCondensedStatementOfComprehensiveIncomeTable' xlink:type='extended'>
    <link:loc xlink:href='https://xbrl.fasb.org/srt/2021/elts/srt-2021-01-31.xsd#srt_ConsolidatedEntitiesAxis' xlink:label='loc_ConsolidatedEntitiesAxis' xlink:type='locator' />
    <link:loc xlink:href='https://xbrl.fasb.org/srt/2021/elts/srt-2021-01-31.xsd#srt_ConsolidatedEntitiesDomain' xlink:label='loc_ConsolidatedEntitiesDomain' xlink:type='locator' />
    <link:loc xlink:href='https://xbrl.fasb.org/srt/2021/elts/srt-2021-01-31.xsd#srt_ConsolidationItemsAxis' xlink:label='loc_ConsolidationItemsAxis' xlink:type='locator' />
    <link:loc xlink:href='https://xbrl.fasb.org/srt/2021/elts/srt-2021-01-31.xsd#srt_ConsolidationItemsDomain' xlink:label='loc_ConsolidationItemsDomain' xlink:type='locator' />
    <link:loc xlink:href='https://xbrl.sec.gov/dei/2021/dei-2021.xsd#dei_LegalEntityAxis' xlink:label='loc_LegalEntityAxis' xlink:type='locator' />
    <link:loc xlink:href='https://xbrl.sec.gov/dei/2021/dei-2021.xsd#dei_EntityDomain' xlink:label='loc_EntityDomain' xlink:type='locator' />
    <link:definitionArc order='2.0' xlink:arcrole='http://xbrl.org/int/dim/arcrole/dimension-domain' xlink:from='loc_ConsolidatedEntitiesAxis' xlink:to='loc_ConsolidatedEntitiesDomain' xlink:type='arc' />
    <link:definitionArc order='3.0' xlink:arcrole='http://xbrl.org/int/dim/arcrole/dimension-domain' xlink:from='loc_ConsolidationItemsAxis' xlink:to='loc_ConsolidationItemsDomain' xlink:type='arc' />
    <link:definitionArc order='1.0' xlink:arcrole='http://xbrl.org/int/dim/arcrole/dimension-domain' xlink:from='loc_LegalEntityAxis' xlink:to='loc_EntityDomain' xlink:type='arc' />
  </link:definitionLink>
  <link:definitionLink xlink:role='http://fasb.org/us-gaap/role/disclosure/SECScheduleArticle12-04CondensedFinancialInformationCondensedStatementOfComprehensiveIncomeTable' xlink:type='extended'>
    <link:loc xlink:href='https://xbrl.fasb.org/srt/2021/elts/srt-2021-01-31.xsd#srt_ConsolidatedEntitiesDomain' xlink:label='loc_ConsolidatedEntitiesDomain' xlink:type='locator' />
    <link:loc xlink:href='https://xbrl.fasb.org/srt/2021/elts/srt-2021-01-31.xsd#srt_ParentCompanyMember' xlink:label='loc_ParentCompanyMember' xlink:type='locator' />
    <link:loc xlink:href='https://xbrl.fasb.org/srt/2021/elts/srt-2021-01-31.xsd#srt_SubsidiariesMember' xlink:label='loc_SubsidiariesMember' xlink:type='locator' />
    <link:loc xlink:href='https://xbrl.fasb.org/srt/2021/elts/srt-2021-01-31.xsd#srt_SubsidiaryIssuerMember' xlink:label='loc_SubsidiaryIssuerMember' xlink:type='locator' />
    <link:loc xlink:href='https://xbrl.fasb.org/srt/2021/elts/srt-2021-01-31.xsd#srt_ConsolidationItemsDomain' xlink:label='loc_ConsolidationItemsDomain' xlink:type='locator' />
    <link:loc xlink:href='../elts/us-gaap-2021-01-31.xsd#us-gaap_OperatingSegmentsMember' xlink:label='loc_OperatingSegmentsMember' xlink:type='locator' />
    <link:loc xlink:href='../elts/us-gaap-2021-01-31.xsd#us-gaap_IntersegmentEliminationMember' xlink:label='loc_IntersegmentEliminationMember' xlink:type='locator' />
    <link:loc xlink:href='../elts/us-gaap-2021-01-31.xsd#us-gaap_MaterialReconcilingItemsMember' xlink:label='loc_MaterialReconcilingItemsMember' xlink:type='locator' />
    <link:loc xlink:href='../elts/us-gaap-2021-01-31.xsd#us-gaap_CorporateNonSegmentMember' xlink:label='loc_CorporateNonSegmentMember' xlink:type='locator' />
    <link:loc xlink:href='https://xbrl.fasb.org/srt/2021/elts/srt-2021-01-31.xsd#srt_ReportableGeographicalComponentsMember' xlink:label='loc_ReportableGeographicalComponentsMember' xlink:type='locator' />
    <link:loc xlink:href='https://xbrl.fasb.org/srt/2021/elts/srt-2021-01-31.xsd#srt_GeographyEliminationsMember' xlink:label='loc_GeographyEliminationsMember' xlink:type='locator' />
    <link:loc xlink:href='https://xbrl.fasb.org/srt/2021/elts/srt-2021-01-31.xsd#srt_ReportableLegalEntitiesMember' xlink:label='loc_ReportableLegalEntitiesMember' xlink:type='locator' />
    <link:loc xlink:href='https://xbrl.fasb.org/srt/2021/elts/srt-2021-01-31.xsd#srt_ConsolidationEliminationsMember' xlink:label='loc_ConsolidationEliminationsMember' xlink:type='locator' />
    <link:loc xlink:href='https://xbrl.fasb.org/srt/2021/elts/srt-2021-01-31.xsd#srt_GuarantorSubsidiariesMember' xlink:label='loc_GuarantorSubsidiariesMember' xlink:type='locator' />
    <link:loc xlink:href='https://xbrl.fasb.org/srt/2021/elts/srt-2021-01-31.xsd#srt_NonGuarantorSubsidiariesMember' xlink:label='loc_NonGuarantorSubsidiariesMember' xlink:type='locator' />
    <link:definitionArc order='1.0' xlink:arcrole='http://xbrl.org/int/dim/arcrole/domain-member' xlink:from='loc_ConsolidatedEntitiesDomain' xlink:to='loc_ParentCompanyMember' xlink:type='arc' />
    <link:definitionArc order='2.0' xlink:arcrole='http://xbrl.org/int/dim/arcrole/domain-member' xlink:from='loc_ConsolidatedEntitiesDomain' xlink:to='loc_SubsidiariesMember' xlink:type='arc' />
    <link:definitionArc order='5.0' xlink:arcrole='http://xbrl.org/int/dim/arcrole/domain-member' xlink:from='loc_ConsolidatedEntitiesDomain' xlink:to='loc_SubsidiaryIssuerMember' xlink:type='arc' />
    <link:definitionArc order='6.0' xlink:arcrole='http://xbrl.org/int/dim/arcrole/domain-member' xlink:from='loc_ConsolidationItemsDomain' xlink:to='loc_OperatingSegmentsMember' xlink:type='arc' />
    <link:definitionArc order='7.0' xlink:arcrole='http://xbrl.org/int/dim/arcrole/domain-member' xlink:from='loc_ConsolidationItemsDomain' xlink:to='loc_IntersegmentEliminationMember' xlink:type='arc' />
    <link:definitionArc order='8.0' xlink:arcrole='http://xbrl.org/int/dim/arcrole/domain-member' xlink:from='loc_ConsolidationItemsDomain' xlink:to='loc_MaterialReconcilingItemsMember' xlink:type='arc' />
    <link:definitionArc order='9.0' xlink:arcrole='http://xbrl.org/int/dim/arcrole/domain-member' xlink:from='loc_ConsolidationItemsDomain' xlink:to='loc_CorporateNonSegmentMember' xlink:type='arc' />
    <link:definitionArc order='10.0' xlink:arcrole='http://xbrl.org/int/dim/arcrole/domain-member' xlink:from='loc_ConsolidationItemsDomain' xlink:to='loc_ReportableGeographicalComponentsMember' xlink:type='arc' />
    <link:definitionArc order='11.0' xlink:arcrole='http://xbrl.org/int/dim/arcrole/domain-member' xlink:from='loc_ConsolidationItemsDomain' xlink:to='loc_GeographyEliminationsMember' xlink:type='arc' />
    <link:definitionArc order='12.0' xlink:arcrole='http://xbrl.org/int/dim/arcrole/domain-member' xlink:from='loc_ConsolidationItemsDomain' xlink:to='loc_ReportableLegalEntitiesMember' xlink:type='arc' />
    <link:definitionArc order='13.0' xlink:arcrole='http://xbrl.org/int/dim/arcrole/domain-member' xlink:from='loc_ConsolidationItemsDomain' xlink:to='loc_ConsolidationEliminationsMember' xlink:type='arc' />
    <link:definitionArc order='3.0' xlink:arcrole='http://xbrl.org/int/dim/arcrole/domain-member' xlink:from='loc_SubsidiariesMember' xlink:to='loc_GuarantorSubsidiariesMember' xlink:type='arc' />
    <link:definitionArc order='4.0' xlink:arcrole='http://xbrl.org/int/dim/arcrole/domain-member' xlink:from='loc_SubsidiariesMember' xlink:to='loc_NonGuarantorSubsidiariesMember' xlink:type='arc' />
  </link:definitionLink>
  <link:definitionLink xlink:role='http://fasb.org/us-gaap/role/disclosure/SECScheduleArticle12-04CondensedFinancialInformationCondensedStatementOfComprehensiveIncomeTable' xlink:type='extended'>
    <link:loc xlink:href='https://xbrl.fasb.org/srt/2021/elts/srt-2021-01-31.xsd#srt_CondensedStatementOfComprehensiveIncomeTable' xlink:label='loc_CondensedStatementOfComprehensiveIncomeTable' xlink:type='locator' />
    <link:loc xlink:href='https://xbrl.sec.gov/dei/2021/dei-2021.xsd#dei_LegalEntityAxis' xlink:label='loc_LegalEntityAxis' xlink:type='locator' />
    <link:loc xlink:href='https://xbrl.fasb.org/srt/2021/elts/srt-2021-01-31.xsd#srt_ConsolidatedEntitiesAxis' xlink:label='loc_ConsolidatedEntitiesAxis' xlink:type='locator' />
    <link:loc xlink:href='https://xbrl.fasb.org/srt/2021/elts/srt-2021-01-31.xsd#srt_ConsolidationItemsAxis' xlink:label='loc_ConsolidationItemsAxis' xlink:type='locator' />
    <link:definitionArc order='1.0' xlink:arcrole='http://xbrl.org/int/dim/arcrole/hypercube-dimension' xlink:from='loc_CondensedStatementOfComprehensiveIncomeTable' xlink:to='loc_LegalEntityAxis' xlink:type='arc' />
    <link:definitionArc order='2.0' xlink:arcrole='http://xbrl.org/int/dim/arcrole/hypercube-dimension' xlink:from='loc_CondensedStatementOfComprehensiveIncomeTable' xlink:to='loc_ConsolidatedEntitiesAxis' xlink:type='arc' />
    <link:definitionArc order='3.0' xlink:arcrole='http://xbrl.org/int/dim/arcrole/hypercube-dimension' xlink:from='loc_CondensedStatementOfComprehensiveIncomeTable' xlink:to='loc_ConsolidationItemsAxis' xlink:type='arc' />
  </link:definitionLink>
  <link:definitionLink xlink:role='http://fasb.org/us-gaap/role/disclosure/SECScheduleArticle12-04CondensedFinancialInformationScheduleOfCondensedFinancialStatementsTable' xlink:type='extended'>
    <link:loc xlink:href='https://xbrl.fasb.org/srt/2021/elts/srt-2021-01-31.xsd#srt_CondensedFinancialStatementsCaptionsLineItems' xlink:label='loc_CondensedFinancialStatementsCaptionsLineItems' xlink:type='locator' />
    <link:loc xlink:href='https://xbrl.fasb.org/srt/2021/elts/srt-2021-01-31.xsd#srt_ScheduleOfCondensedFinancialStatementsTable' xlink:label='loc_ScheduleOfCondensedFinancialStatementsTable' xlink:type='locator' />
    <link:definitionArc order='1.0' xbrldt:closed='true' xbrldt:contextElement='segment' xlink:arcrole='http://xbrl.org/int/dim/arcrole/all' xlink:from='loc_CondensedFinancialStatementsCaptionsLineItems' xlink:to='loc_ScheduleOfCondensedFinancialStatementsTable' xlink:type='arc' />
  </link:definitionLink>
  <link:definitionLink xlink:role='http://fasb.org/us-gaap/role/disclosure/SECScheduleArticle12-04CondensedFinancialInformationScheduleOfCondensedFinancialStatementsTable' xlink:type='extended'>
    <link:loc xlink:href='https://xbrl.fasb.org/srt/2021/elts/srt-2021-01-31.xsd#srt_ConsolidatedEntitiesAxis' xlink:label='loc_ConsolidatedEntitiesAxis' xlink:type='locator' />
    <link:loc xlink:href='https://xbrl.fasb.org/srt/2021/elts/srt-2021-01-31.xsd#srt_ConsolidatedEntitiesDomain' xlink:label='loc_ConsolidatedEntitiesDomain' xlink:type='locator' />
    <link:loc xlink:href='https://xbrl.fasb.org/srt/2021/elts/srt-2021-01-31.xsd#srt_ConsolidationItemsAxis' xlink:label='loc_ConsolidationItemsAxis' xlink:type='locator' />
    <link:loc xlink:href='https://xbrl.fasb.org/srt/2021/elts/srt-2021-01-31.xsd#srt_ConsolidationItemsDomain' xlink:label='loc_ConsolidationItemsDomain' xlink:type='locator' />
    <link:loc xlink:href='https://xbrl.sec.gov/dei/2021/dei-2021.xsd#dei_LegalEntityAxis' xlink:label='loc_LegalEntityAxis' xlink:type='locator' />
    <link:loc xlink:href='https://xbrl.sec.gov/dei/2021/dei-2021.xsd#dei_EntityDomain' xlink:label='loc_EntityDomain' xlink:type='locator' />
    <link:definitionArc order='2.0' xlink:arcrole='http://xbrl.org/int/dim/arcrole/dimension-default' xlink:from='loc_ConsolidatedEntitiesAxis' xlink:to='loc_ConsolidatedEntitiesDomain' xlink:type='arc' />
    <link:definitionArc order='3.0' xlink:arcrole='http://xbrl.org/int/dim/arcrole/dimension-default' xlink:from='loc_ConsolidationItemsAxis' xlink:to='loc_ConsolidationItemsDomain' xlink:type='arc' />
    <link:definitionArc order='1.0' xlink:arcrole='http://xbrl.org/int/dim/arcrole/dimension-default' xlink:from='loc_LegalEntityAxis' xlink:to='loc_EntityDomain' xlink:type='arc' />
  </link:definitionLink>
  <link:definitionLink xlink:role='http://fasb.org/us-gaap/role/disclosure/SECScheduleArticle12-04CondensedFinancialInformationScheduleOfCondensedFinancialStatementsTable' xlink:type='extended'>
    <link:loc xlink:href='https://xbrl.fasb.org/srt/2021/elts/srt-2021-01-31.xsd#srt_ConsolidatedEntitiesAxis' xlink:label='loc_ConsolidatedEntitiesAxis' xlink:type='locator' />
    <link:loc xlink:href='https://xbrl.fasb.org/srt/2021/elts/srt-2021-01-31.xsd#srt_ConsolidatedEntitiesDomain' xlink:label='loc_ConsolidatedEntitiesDomain' xlink:type='locator' />
    <link:loc xlink:href='https://xbrl.fasb.org/srt/2021/elts/srt-2021-01-31.xsd#srt_ConsolidationItemsAxis' xlink:label='loc_ConsolidationItemsAxis' xlink:type='locator' />
    <link:loc xlink:href='https://xbrl.fasb.org/srt/2021/elts/srt-2021-01-31.xsd#srt_ConsolidationItemsDomain' xlink:label='loc_ConsolidationItemsDomain' xlink:type='locator' />
    <link:loc xlink:href='https://xbrl.sec.gov/dei/2021/dei-2021.xsd#dei_LegalEntityAxis' xlink:label='loc_LegalEntityAxis' xlink:type='locator' />
    <link:loc xlink:href='https://xbrl.sec.gov/dei/2021/dei-2021.xsd#dei_EntityDomain' xlink:label='loc_EntityDomain' xlink:type='locator' />
    <link:definitionArc order='2.0' xlink:arcrole='http://xbrl.org/int/dim/arcrole/dimension-domain' xlink:from='loc_ConsolidatedEntitiesAxis' xlink:to='loc_ConsolidatedEntitiesDomain' xlink:type='arc' />
    <link:definitionArc order='3.0' xlink:arcrole='http://xbrl.org/int/dim/arcrole/dimension-domain' xlink:from='loc_ConsolidationItemsAxis' xlink:to='loc_ConsolidationItemsDomain' xlink:type='arc' />
    <link:definitionArc order='1.0' xlink:arcrole='http://xbrl.org/int/dim/arcrole/dimension-domain' xlink:from='loc_LegalEntityAxis' xlink:to='loc_EntityDomain' xlink:type='arc' />
  </link:definitionLink>
  <link:definitionLink xlink:role='http://fasb.org/us-gaap/role/disclosure/SECScheduleArticle12-04CondensedFinancialInformationScheduleOfCondensedFinancialStatementsTable' xlink:type='extended'>
    <link:loc xlink:href='https://xbrl.fasb.org/srt/2021/elts/srt-2021-01-31.xsd#srt_ConsolidatedEntitiesDomain' xlink:label='loc_ConsolidatedEntitiesDomain' xlink:type='locator' />
    <link:loc xlink:href='https://xbrl.fasb.org/srt/2021/elts/srt-2021-01-31.xsd#srt_ParentCompanyMember' xlink:label='loc_ParentCompanyMember' xlink:type='locator' />
    <link:loc xlink:href='https://xbrl.fasb.org/srt/2021/elts/srt-2021-01-31.xsd#srt_SubsidiariesMember' xlink:label='loc_SubsidiariesMember' xlink:type='locator' />
    <link:loc xlink:href='https://xbrl.fasb.org/srt/2021/elts/srt-2021-01-31.xsd#srt_SubsidiaryIssuerMember' xlink:label='loc_SubsidiaryIssuerMember' xlink:type='locator' />
    <link:loc xlink:href='https://xbrl.fasb.org/srt/2021/elts/srt-2021-01-31.xsd#srt_ConsolidationItemsDomain' xlink:label='loc_ConsolidationItemsDomain' xlink:type='locator' />
    <link:loc xlink:href='../elts/us-gaap-2021-01-31.xsd#us-gaap_OperatingSegmentsMember' xlink:label='loc_OperatingSegmentsMember' xlink:type='locator' />
    <link:loc xlink:href='../elts/us-gaap-2021-01-31.xsd#us-gaap_IntersegmentEliminationMember' xlink:label='loc_IntersegmentEliminationMember' xlink:type='locator' />
    <link:loc xlink:href='../elts/us-gaap-2021-01-31.xsd#us-gaap_MaterialReconcilingItemsMember' xlink:label='loc_MaterialReconcilingItemsMember' xlink:type='locator' />
    <link:loc xlink:href='../elts/us-gaap-2021-01-31.xsd#us-gaap_CorporateNonSegmentMember' xlink:label='loc_CorporateNonSegmentMember' xlink:type='locator' />
    <link:loc xlink:href='https://xbrl.fasb.org/srt/2021/elts/srt-2021-01-31.xsd#srt_ReportableGeographicalComponentsMember' xlink:label='loc_ReportableGeographicalComponentsMember' xlink:type='locator' />
    <link:loc xlink:href='https://xbrl.fasb.org/srt/2021/elts/srt-2021-01-31.xsd#srt_GeographyEliminationsMember' xlink:label='loc_GeographyEliminationsMember' xlink:type='locator' />
    <link:loc xlink:href='https://xbrl.fasb.org/srt/2021/elts/srt-2021-01-31.xsd#srt_ReportableLegalEntitiesMember' xlink:label='loc_ReportableLegalEntitiesMember' xlink:type='locator' />
    <link:loc xlink:href='https://xbrl.fasb.org/srt/2021/elts/srt-2021-01-31.xsd#srt_ConsolidationEliminationsMember' xlink:label='loc_ConsolidationEliminationsMember' xlink:type='locator' />
    <link:loc xlink:href='https://xbrl.fasb.org/srt/2021/elts/srt-2021-01-31.xsd#srt_GuarantorSubsidiariesMember' xlink:label='loc_GuarantorSubsidiariesMember' xlink:type='locator' />
    <link:loc xlink:href='https://xbrl.fasb.org/srt/2021/elts/srt-2021-01-31.xsd#srt_NonGuarantorSubsidiariesMember' xlink:label='loc_NonGuarantorSubsidiariesMember' xlink:type='locator' />
    <link:definitionArc order='1.0' xlink:arcrole='http://xbrl.org/int/dim/arcrole/domain-member' xlink:from='loc_ConsolidatedEntitiesDomain' xlink:to='loc_ParentCompanyMember' xlink:type='arc' />
    <link:definitionArc order='2.0' xlink:arcrole='http://xbrl.org/int/dim/arcrole/domain-member' xlink:from='loc_ConsolidatedEntitiesDomain' xlink:to='loc_SubsidiariesMember' xlink:type='arc' />
    <link:definitionArc order='5.0' xlink:arcrole='http://xbrl.org/int/dim/arcrole/domain-member' xlink:from='loc_ConsolidatedEntitiesDomain' xlink:to='loc_SubsidiaryIssuerMember' xlink:type='arc' />
    <link:definitionArc order='6.0' xlink:arcrole='http://xbrl.org/int/dim/arcrole/domain-member' xlink:from='loc_ConsolidationItemsDomain' xlink:to='loc_OperatingSegmentsMember' xlink:type='arc' />
    <link:definitionArc order='7.0' xlink:arcrole='http://xbrl.org/int/dim/arcrole/domain-member' xlink:from='loc_ConsolidationItemsDomain' xlink:to='loc_IntersegmentEliminationMember' xlink:type='arc' />
    <link:definitionArc order='8.0' xlink:arcrole='http://xbrl.org/int/dim/arcrole/domain-member' xlink:from='loc_ConsolidationItemsDomain' xlink:to='loc_MaterialReconcilingItemsMember' xlink:type='arc' />
    <link:definitionArc order='9.0' xlink:arcrole='http://xbrl.org/int/dim/arcrole/domain-member' xlink:from='loc_ConsolidationItemsDomain' xlink:to='loc_CorporateNonSegmentMember' xlink:type='arc' />
    <link:definitionArc order='10.0' xlink:arcrole='http://xbrl.org/int/dim/arcrole/domain-member' xlink:from='loc_ConsolidationItemsDomain' xlink:to='loc_ReportableGeographicalComponentsMember' xlink:type='arc' />
    <link:definitionArc order='11.0' xlink:arcrole='http://xbrl.org/int/dim/arcrole/domain-member' xlink:from='loc_ConsolidationItemsDomain' xlink:to='loc_GeographyEliminationsMember' xlink:type='arc' />
    <link:definitionArc order='12.0' xlink:arcrole='http://xbrl.org/int/dim/arcrole/domain-member' xlink:from='loc_ConsolidationItemsDomain' xlink:to='loc_ReportableLegalEntitiesMember' xlink:type='arc' />
    <link:definitionArc order='13.0' xlink:arcrole='http://xbrl.org/int/dim/arcrole/domain-member' xlink:from='loc_ConsolidationItemsDomain' xlink:to='loc_ConsolidationEliminationsMember' xlink:type='arc' />
    <link:definitionArc order='3.0' xlink:arcrole='http://xbrl.org/int/dim/arcrole/domain-member' xlink:from='loc_SubsidiariesMember' xlink:to='loc_GuarantorSubsidiariesMember' xlink:type='arc' />
    <link:definitionArc order='4.0' xlink:arcrole='http://xbrl.org/int/dim/arcrole/domain-member' xlink:from='loc_SubsidiariesMember' xlink:to='loc_NonGuarantorSubsidiariesMember' xlink:type='arc' />
  </link:definitionLink>
  <link:definitionLink xlink:role='http://fasb.org/us-gaap/role/disclosure/SECScheduleArticle12-04CondensedFinancialInformationScheduleOfCondensedFinancialStatementsTable' xlink:type='extended'>
    <link:loc xlink:href='https://xbrl.fasb.org/srt/2021/elts/srt-2021-01-31.xsd#srt_ScheduleOfCondensedFinancialStatementsTable' xlink:label='loc_ScheduleOfCondensedFinancialStatementsTable' xlink:type='locator' />
    <link:loc xlink:href='https://xbrl.sec.gov/dei/2021/dei-2021.xsd#dei_LegalEntityAxis' xlink:label='loc_LegalEntityAxis' xlink:type='locator' />
    <link:loc xlink:href='https://xbrl.fasb.org/srt/2021/elts/srt-2021-01-31.xsd#srt_ConsolidatedEntitiesAxis' xlink:label='loc_ConsolidatedEntitiesAxis' xlink:type='locator' />
    <link:loc xlink:href='https://xbrl.fasb.org/srt/2021/elts/srt-2021-01-31.xsd#srt_ConsolidationItemsAxis' xlink:label='loc_ConsolidationItemsAxis' xlink:type='locator' />
    <link:definitionArc order='1.0' xlink:arcrole='http://xbrl.org/int/dim/arcrole/hypercube-dimension' xlink:from='loc_ScheduleOfCondensedFinancialStatementsTable' xlink:to='loc_LegalEntityAxis' xlink:type='arc' />
    <link:definitionArc order='2.0' xlink:arcrole='http://xbrl.org/int/dim/arcrole/hypercube-dimension' xlink:from='loc_ScheduleOfCondensedFinancialStatementsTable' xlink:to='loc_ConsolidatedEntitiesAxis' xlink:type='arc' />
    <link:definitionArc order='3.0' xlink:arcrole='http://xbrl.org/int/dim/arcrole/hypercube-dimension' xlink:from='loc_ScheduleOfCondensedFinancialStatementsTable' xlink:to='loc_ConsolidationItemsAxis' xlink:type='arc' />
  </link:definitionLink>
</link:linkbase>
