<?xml version='1.0' encoding='UTF-8'?>

<!--
(c) 2010-2021 Financial Accounting Foundation; (c) 2007-2010 XBRL US, Inc.  All Rights Reserved.
Notice: Authorized Uses are Set Forth at https://xbrl.fasb.org/terms/TaxonomiesTermsConditions.html
  -->
<link:linkbase xmlns:link='http://www.xbrl.org/2003/linkbase' xmlns:xbrldt='http://xbrl.org/2005/xbrldt' xmlns:xlink='http://www.w3.org/1999/xlink' xmlns:xsi='http://www.w3.org/2001/XMLSchema-instance' xsi:schemaLocation='http://www.xbrl.org/2003/linkbase http://www.xbrl.org/2003/xbrl-linkbase-2003-12-31.xsd'>
  <link:roleRef roleURI='http://fasb.org/us-gaap/role/disclosure/CreditLossesCalc2' xlink:href='../elts/us-roles-2021-01-31.xsd#ceclcalc2' xlink:type='simple' />
  <link:calculationLink xlink:role='http://fasb.org/us-gaap/role/disclosure/CreditLossesCalc2' xlink:type='extended'>
    <link:loc xlink:href='../elts/us-gaap-2021-01-31.xsd#us-gaap_DebtSecuritiesAvailableForSaleAndHeldToMaturityAllowanceForCreditLoss' xlink:label='loc_DebtSecuritiesAvailableForSaleAndHeldToMaturityAllowanceForCreditLoss' xlink:type='locator' />
    <link:loc xlink:href='../elts/us-gaap-2021-01-31.xsd#us-gaap_DebtSecuritiesAvailableForSaleAllowanceForCreditLoss' xlink:label='loc_DebtSecuritiesAvailableForSaleAllowanceForCreditLoss' xlink:type='locator' />
    <link:loc xlink:href='../elts/us-gaap-2021-01-31.xsd#us-gaap_DebtSecuritiesHeldToMaturityAllowanceForCreditLoss' xlink:label='loc_DebtSecuritiesHeldToMaturityAllowanceForCreditLoss' xlink:type='locator' />
    <link:loc xlink:href='../elts/us-gaap-2021-01-31.xsd#us-gaap_DebtSecuritiesAvailableForSaleAndHeldToMaturityAmortizedCostAfterAllowanceForCreditLoss' xlink:label='loc_DebtSecuritiesAvailableForSaleAndHeldToMaturityAmortizedCostAfterAllowanceForCreditLoss' xlink:type='locator' />
    <link:loc xlink:href='../elts/us-gaap-2021-01-31.xsd#us-gaap_DebtSecuritiesAvailableForSaleAmortizedCostAfterAllowanceForCreditLoss' xlink:label='loc_DebtSecuritiesAvailableForSaleAmortizedCostAfterAllowanceForCreditLoss' xlink:type='locator' />
    <link:loc xlink:href='../elts/us-gaap-2021-01-31.xsd#us-gaap_DebtSecuritiesHeldToMaturityAmortizedCostAfterAllowanceForCreditLoss' xlink:label='loc_DebtSecuritiesHeldToMaturityAmortizedCostAfterAllowanceForCreditLoss' xlink:type='locator' />
    <link:loc xlink:href='../elts/us-gaap-2021-01-31.xsd#us-gaap_DebtSecuritiesAvailableForSaleAndHeldToMaturityAmortizedCostBeforeAllowanceForCreditLoss' xlink:label='loc_DebtSecuritiesAvailableForSaleAndHeldToMaturityAmortizedCostBeforeAllowanceForCreditLoss' xlink:type='locator' />
    <link:loc xlink:href='../elts/us-gaap-2021-01-31.xsd#us-gaap_AvailableForSaleDebtSecuritiesAmortizedCostBasis' xlink:label='loc_AvailableForSaleDebtSecuritiesAmortizedCostBasis' xlink:type='locator' />
    <link:loc xlink:href='../elts/us-gaap-2021-01-31.xsd#us-gaap_HeldToMaturitySecurities' xlink:label='loc_HeldToMaturitySecurities' xlink:type='locator' />
    <link:loc xlink:href='../elts/us-gaap-2021-01-31.xsd#us-gaap_DebtSecuritiesAvailableForSaleAndHeldToMaturityCumulativeUnrecognizedGain' xlink:label='loc_DebtSecuritiesAvailableForSaleAndHeldToMaturityCumulativeUnrecognizedGain' xlink:type='locator' />
    <link:loc xlink:href='../elts/us-gaap-2021-01-31.xsd#us-gaap_AvailableForSaleDebtSecuritiesAccumulatedGrossUnrealizedGainBeforeTax' xlink:label='loc_AvailableForSaleDebtSecuritiesAccumulatedGrossUnrealizedGainBeforeTax' xlink:type='locator' />
    <link:loc xlink:href='../elts/us-gaap-2021-01-31.xsd#us-gaap_HeldToMaturitySecuritiesAccumulatedUnrecognizedHoldingGain' xlink:label='loc_HeldToMaturitySecuritiesAccumulatedUnrecognizedHoldingGain' xlink:type='locator' />
    <link:loc xlink:href='../elts/us-gaap-2021-01-31.xsd#us-gaap_DebtSecuritiesAvailableForSaleAndHeldToMaturityCumulativeUnrecognizedLoss' xlink:label='loc_DebtSecuritiesAvailableForSaleAndHeldToMaturityCumulativeUnrecognizedLoss' xlink:type='locator' />
    <link:loc xlink:href='../elts/us-gaap-2021-01-31.xsd#us-gaap_AvailableForSaleDebtSecuritiesAccumulatedGrossUnrealizedLossBeforeTax' xlink:label='loc_AvailableForSaleDebtSecuritiesAccumulatedGrossUnrealizedLossBeforeTax' xlink:type='locator' />
    <link:loc xlink:href='../elts/us-gaap-2021-01-31.xsd#us-gaap_HeldToMaturitySecuritiesAccumulatedUnrecognizedHoldingLoss' xlink:label='loc_HeldToMaturitySecuritiesAccumulatedUnrecognizedHoldingLoss' xlink:type='locator' />
    <link:loc xlink:href='../elts/us-gaap-2021-01-31.xsd#us-gaap_DebtSecuritiesAvailableForSaleAndHeldToMaturityFairValue' xlink:label='loc_DebtSecuritiesAvailableForSaleAndHeldToMaturityFairValue' xlink:type='locator' />
    <link:loc xlink:href='../elts/us-gaap-2021-01-31.xsd#us-gaap_AvailableForSaleSecuritiesDebtSecurities' xlink:label='loc_AvailableForSaleSecuritiesDebtSecurities' xlink:type='locator' />
    <link:loc xlink:href='../elts/us-gaap-2021-01-31.xsd#us-gaap_HeldToMaturitySecuritiesFairValue' xlink:label='loc_HeldToMaturitySecuritiesFairValue' xlink:type='locator' />
    <link:loc xlink:href='../elts/us-gaap-2021-01-31.xsd#us-gaap_DebtSecuritiesAvailableForSaleAmortizedCostAllowanceForCreditLossExcludingAccruedInterest' xlink:label='loc_DebtSecuritiesAvailableForSaleAmortizedCostAllowanceForCreditLossExcludingAccruedInterest' xlink:type='locator' />
    <link:loc xlink:href='../elts/us-gaap-2021-01-31.xsd#us-gaap_DebtSecuritiesAvailableForSaleAmortizedCostAllowanceForCreditLossExcludingAccruedInterestCurrent' xlink:label='loc_DebtSecuritiesAvailableForSaleAmortizedCostAllowanceForCreditLossExcludingAccruedInterestCurrent' xlink:type='locator' />
    <link:loc xlink:href='../elts/us-gaap-2021-01-31.xsd#us-gaap_DebtSecuritiesAvailableForSaleAmortizedCostAllowanceForCreditLossExcludingAccruedInterestNoncurrent' xlink:label='loc_DebtSecuritiesAvailableForSaleAmortizedCostAllowanceForCreditLossExcludingAccruedInterestNoncurrent' xlink:type='locator' />
    <link:loc xlink:href='../elts/us-gaap-2021-01-31.xsd#us-gaap_DebtSecuritiesAvailableForSaleAmortizedCostExcludingAccruedInterestAfterAllowanceForCreditLoss' xlink:label='loc_DebtSecuritiesAvailableForSaleAmortizedCostExcludingAccruedInterestAfterAllowanceForCreditLoss' xlink:type='locator' />
    <link:loc xlink:href='../elts/us-gaap-2021-01-31.xsd#us-gaap_DebtSecuritiesAvailableForSaleAmortizedCostExcludingAccruedInterestAfterAllowanceForCreditLossCurrent' xlink:label='loc_DebtSecuritiesAvailableForSaleAmortizedCostExcludingAccruedInterestAfterAllowanceForCreditLossCurrent' xlink:type='locator' />
    <link:loc xlink:href='../elts/us-gaap-2021-01-31.xsd#us-gaap_DebtSecuritiesAvailableForSaleAmortizedCostExcludingAccruedInterestAfterAllowanceForCreditLossNoncurrent' xlink:label='loc_DebtSecuritiesAvailableForSaleAmortizedCostExcludingAccruedInterestAfterAllowanceForCreditLossNoncurrent' xlink:type='locator' />
    <link:loc xlink:href='../elts/us-gaap-2021-01-31.xsd#us-gaap_DebtSecuritiesAvailableForSaleAmortizedCostAfterAllowanceForCreditLossCurrent' xlink:label='loc_DebtSecuritiesAvailableForSaleAmortizedCostAfterAllowanceForCreditLossCurrent' xlink:type='locator' />
    <link:loc xlink:href='../elts/us-gaap-2021-01-31.xsd#us-gaap_DebtSecuritiesAvailableForSaleAmortizedCostCurrent' xlink:label='loc_DebtSecuritiesAvailableForSaleAmortizedCostCurrent' xlink:type='locator' />
    <link:loc xlink:href='../elts/us-gaap-2021-01-31.xsd#us-gaap_DebtSecuritiesAvailableForSaleAllowanceForCreditLossCurrent' xlink:label='loc_DebtSecuritiesAvailableForSaleAllowanceForCreditLossCurrent' xlink:type='locator' />
    <link:loc xlink:href='../elts/us-gaap-2021-01-31.xsd#us-gaap_DebtSecuritiesAvailableForSaleAmortizedCostAfterAllowanceForCreditLossNoncurrent' xlink:label='loc_DebtSecuritiesAvailableForSaleAmortizedCostAfterAllowanceForCreditLossNoncurrent' xlink:type='locator' />
    <link:loc xlink:href='../elts/us-gaap-2021-01-31.xsd#us-gaap_DebtSecuritiesAvailableForSaleAmortizedCostNoncurrent' xlink:label='loc_DebtSecuritiesAvailableForSaleAmortizedCostNoncurrent' xlink:type='locator' />
    <link:loc xlink:href='../elts/us-gaap-2021-01-31.xsd#us-gaap_DebtSecuritiesAvailableForSaleAllowanceForCreditLossNoncurrent' xlink:label='loc_DebtSecuritiesAvailableForSaleAllowanceForCreditLossNoncurrent' xlink:type='locator' />
    <link:loc xlink:href='../elts/us-gaap-2021-01-31.xsd#us-gaap_DebtSecuritiesAvailableForSaleAmortizedCostExcludingAccruedInterestBeforeAllowanceForCreditLoss' xlink:label='loc_DebtSecuritiesAvailableForSaleAmortizedCostExcludingAccruedInterestBeforeAllowanceForCreditLoss' xlink:type='locator' />
    <link:loc xlink:href='../elts/us-gaap-2021-01-31.xsd#us-gaap_DebtSecuritiesAvailableForSaleAmortizedCostExcludingAccruedInterestBeforeAllowanceForCreditLossCurrent' xlink:label='loc_DebtSecuritiesAvailableForSaleAmortizedCostExcludingAccruedInterestBeforeAllowanceForCreditLossCurrent' xlink:type='locator' />
    <link:loc xlink:href='../elts/us-gaap-2021-01-31.xsd#us-gaap_DebtSecuritiesAvailableForSaleAmortizedCostExcludingAccruedInterestBeforeAllowanceForCreditLossNoncurrent' xlink:label='loc_DebtSecuritiesAvailableForSaleAmortizedCostExcludingAccruedInterestBeforeAllowanceForCreditLossNoncurrent' xlink:type='locator' />
    <link:loc xlink:href='../elts/us-gaap-2021-01-31.xsd#us-gaap_DebtSecuritiesHeldToMaturityAllowanceForCreditLossExcludingAccruedInterest' xlink:label='loc_DebtSecuritiesHeldToMaturityAllowanceForCreditLossExcludingAccruedInterest' xlink:type='locator' />
    <link:loc xlink:href='../elts/us-gaap-2021-01-31.xsd#us-gaap_DebtSecuritiesHeldToMaturityAllowanceForCreditLossExcludingAccruedInterestCurrent' xlink:label='loc_DebtSecuritiesHeldToMaturityAllowanceForCreditLossExcludingAccruedInterestCurrent' xlink:type='locator' />
    <link:loc xlink:href='../elts/us-gaap-2021-01-31.xsd#us-gaap_DebtSecuritiesHeldToMaturityAllowanceForCreditLossExcludingAccruedInterestNoncurrent' xlink:label='loc_DebtSecuritiesHeldToMaturityAllowanceForCreditLossExcludingAccruedInterestNoncurrent' xlink:type='locator' />
    <link:loc xlink:href='../elts/us-gaap-2021-01-31.xsd#us-gaap_DebtSecuritiesHeldToMaturityExcludingAccruedInterestAfterAllowanceForCreditLoss' xlink:label='loc_DebtSecuritiesHeldToMaturityExcludingAccruedInterestAfterAllowanceForCreditLoss' xlink:type='locator' />
    <link:loc xlink:href='../elts/us-gaap-2021-01-31.xsd#us-gaap_DebtSecuritiesHeldToMaturityExcludingAccruedInterestAfterAllowanceForCreditLossCurrent' xlink:label='loc_DebtSecuritiesHeldToMaturityExcludingAccruedInterestAfterAllowanceForCreditLossCurrent' xlink:type='locator' />
    <link:loc xlink:href='../elts/us-gaap-2021-01-31.xsd#us-gaap_DebtSecuritiesHeldToMaturityExcludingAccruedInterestAfterAllowanceForCreditLossNoncurrent' xlink:label='loc_DebtSecuritiesHeldToMaturityExcludingAccruedInterestAfterAllowanceForCreditLossNoncurrent' xlink:type='locator' />
    <link:loc xlink:href='../elts/us-gaap-2021-01-31.xsd#us-gaap_DebtSecuritiesHeldToMaturityExcludingAccruedInterestBeforeAllowanceForCreditLoss' xlink:label='loc_DebtSecuritiesHeldToMaturityExcludingAccruedInterestBeforeAllowanceForCreditLoss' xlink:type='locator' />
    <link:loc xlink:href='../elts/us-gaap-2021-01-31.xsd#us-gaap_DebtSecuritiesHeldToMaturityExcludingAccruedInterestBeforeAllowanceForCreditLossCurrent' xlink:label='loc_DebtSecuritiesHeldToMaturityExcludingAccruedInterestBeforeAllowanceForCreditLossCurrent' xlink:type='locator' />
    <link:loc xlink:href='../elts/us-gaap-2021-01-31.xsd#us-gaap_DebtSecuritiesHeldToMaturityExcludingAccruedInterestBeforeAllowanceForCreditLossNoncurrent' xlink:label='loc_DebtSecuritiesHeldToMaturityExcludingAccruedInterestBeforeAllowanceForCreditLossNoncurrent' xlink:type='locator' />
    <link:loc xlink:href='../elts/us-gaap-2021-01-31.xsd#us-gaap_DirectFinancingLeaseNetInvestmentInLeaseAllowanceForCreditLossExcludingAccruedInterest' xlink:label='loc_DirectFinancingLeaseNetInvestmentInLeaseAllowanceForCreditLossExcludingAccruedInterest' xlink:type='locator' />
    <link:loc xlink:href='../elts/us-gaap-2021-01-31.xsd#us-gaap_DirectFinancingLeaseNetInvestmentInLeaseAllowanceForCreditLossExcludingAccruedInterestCurrent' xlink:label='loc_DirectFinancingLeaseNetInvestmentInLeaseAllowanceForCreditLossExcludingAccruedInterestCurrent' xlink:type='locator' />
    <link:loc xlink:href='../elts/us-gaap-2021-01-31.xsd#us-gaap_DirectFinancingLeaseNetInvestmentInLeaseAllowanceForCreditLossExcludingAccruedInterestNoncurrent' xlink:label='loc_DirectFinancingLeaseNetInvestmentInLeaseAllowanceForCreditLossExcludingAccruedInterestNoncurrent' xlink:type='locator' />
    <link:loc xlink:href='../elts/us-gaap-2021-01-31.xsd#us-gaap_DirectFinancingLeaseNetInvestmentInLeaseExcludingAccruedInterestAfterAllowanceForCreditLoss' xlink:label='loc_DirectFinancingLeaseNetInvestmentInLeaseExcludingAccruedInterestAfterAllowanceForCreditLoss' xlink:type='locator' />
    <link:loc xlink:href='../elts/us-gaap-2021-01-31.xsd#us-gaap_DirectFinancingLeaseNetInvestmentInLeaseExcludingAccruedInterestAfterAllowanceForCreditLossCurrent' xlink:label='loc_DirectFinancingLeaseNetInvestmentInLeaseExcludingAccruedInterestAfterAllowanceForCreditLossCurrent' xlink:type='locator' />
    <link:loc xlink:href='../elts/us-gaap-2021-01-31.xsd#us-gaap_DirectFinancingLeaseNetInvestmentInLeaseExcludingAccruedInterestAfterAllowanceForCreditLossNoncurrent' xlink:label='loc_DirectFinancingLeaseNetInvestmentInLeaseExcludingAccruedInterestAfterAllowanceForCreditLossNoncurrent' xlink:type='locator' />
    <link:loc xlink:href='../elts/us-gaap-2021-01-31.xsd#us-gaap_DirectFinancingLeaseNetInvestmentInLeaseExcludingAccruedInterestBeforeAllowanceForCreditLoss' xlink:label='loc_DirectFinancingLeaseNetInvestmentInLeaseExcludingAccruedInterestBeforeAllowanceForCreditLoss' xlink:type='locator' />
    <link:loc xlink:href='../elts/us-gaap-2021-01-31.xsd#us-gaap_DirectFinancingLeaseNetInvestmentInLeaseExcludingAccruedInterestBeforeAllowanceForCreditLossCurrent' xlink:label='loc_DirectFinancingLeaseNetInvestmentInLeaseExcludingAccruedInterestBeforeAllowanceForCreditLossCurrent' xlink:type='locator' />
    <link:loc xlink:href='../elts/us-gaap-2021-01-31.xsd#us-gaap_DirectFinancingLeaseNetInvestmentInLeaseExcludingAccruedInterestBeforeAllowanceForCreditLossNoncurrent' xlink:label='loc_DirectFinancingLeaseNetInvestmentInLeaseExcludingAccruedInterestBeforeAllowanceForCreditLossNoncurrent' xlink:type='locator' />
    <link:loc xlink:href='../elts/us-gaap-2021-01-31.xsd#us-gaap_DirectFinancingLeaseNetInvestmentInLeaseAfterAllowanceForCreditLossCurrent' xlink:label='loc_DirectFinancingLeaseNetInvestmentInLeaseAfterAllowanceForCreditLossCurrent' xlink:type='locator' />
    <link:loc xlink:href='../elts/us-gaap-2021-01-31.xsd#us-gaap_DirectFinancingLeaseNetInvestmentInLeaseBeforeAllowanceForCreditLossCurrent' xlink:label='loc_DirectFinancingLeaseNetInvestmentInLeaseBeforeAllowanceForCreditLossCurrent' xlink:type='locator' />
    <link:loc xlink:href='../elts/us-gaap-2021-01-31.xsd#us-gaap_DirectFinancingLeaseNetInvestmentInLeaseAllowanceForCreditLossCurrent' xlink:label='loc_DirectFinancingLeaseNetInvestmentInLeaseAllowanceForCreditLossCurrent' xlink:type='locator' />
    <link:loc xlink:href='../elts/us-gaap-2021-01-31.xsd#us-gaap_DirectFinancingLeaseNetInvestmentInLeaseAfterAllowanceForCreditLossNoncurrent' xlink:label='loc_DirectFinancingLeaseNetInvestmentInLeaseAfterAllowanceForCreditLossNoncurrent' xlink:type='locator' />
    <link:loc xlink:href='../elts/us-gaap-2021-01-31.xsd#us-gaap_DirectFinancingLeaseNetInvestmentInLeaseBeforeAllowanceForCreditLossNoncurrent' xlink:label='loc_DirectFinancingLeaseNetInvestmentInLeaseBeforeAllowanceForCreditLossNoncurrent' xlink:type='locator' />
    <link:loc xlink:href='../elts/us-gaap-2021-01-31.xsd#us-gaap_DirectFinancingLeaseNetInvestmentInLeaseAllowanceForCreditLossNoncurrent' xlink:label='loc_DirectFinancingLeaseNetInvestmentInLeaseAllowanceForCreditLossNoncurrent' xlink:type='locator' />
    <link:loc xlink:href='../elts/us-gaap-2021-01-31.xsd#us-gaap_FinancingReceivableAllowanceForCreditLossExcludingAccruedInterest' xlink:label='loc_FinancingReceivableAllowanceForCreditLossExcludingAccruedInterest' xlink:type='locator' />
    <link:loc xlink:href='../elts/us-gaap-2021-01-31.xsd#us-gaap_FinancingReceivableAllowanceForCreditLossExcludingAccruedInterestCurrent' xlink:label='loc_FinancingReceivableAllowanceForCreditLossExcludingAccruedInterestCurrent' xlink:type='locator' />
    <link:loc xlink:href='../elts/us-gaap-2021-01-31.xsd#us-gaap_FinancingReceivableAllowanceForCreditLossExcludingAccruedInterestNoncurrent' xlink:label='loc_FinancingReceivableAllowanceForCreditLossExcludingAccruedInterestNoncurrent' xlink:type='locator' />
    <link:loc xlink:href='../elts/us-gaap-2021-01-31.xsd#us-gaap_FinancingReceivableCoveredAndNotCoveredAfterAllowanceForCreditLossFeePremiumAndDiscount' xlink:label='loc_FinancingReceivableCoveredAndNotCoveredAfterAllowanceForCreditLossFeePremiumAndDiscount' xlink:type='locator' />
    <link:loc xlink:href='../elts/us-gaap-2021-01-31.xsd#us-gaap_FinancingReceivableCoveredAfterAllowanceForCreditLoss' xlink:label='loc_FinancingReceivableCoveredAfterAllowanceForCreditLoss' xlink:type='locator' />
    <link:loc xlink:href='../elts/us-gaap-2021-01-31.xsd#us-gaap_FinancingReceivableCoveredBeforeAllowanceForCreditLoss' xlink:label='loc_FinancingReceivableCoveredBeforeAllowanceForCreditLoss' xlink:type='locator' />
    <link:loc xlink:href='../elts/us-gaap-2021-01-31.xsd#us-gaap_FinancingReceivableCoveredAllowanceForCreditLoss' xlink:label='loc_FinancingReceivableCoveredAllowanceForCreditLoss' xlink:type='locator' />
    <link:loc xlink:href='../elts/us-gaap-2021-01-31.xsd#us-gaap_NotesReceivableNet' xlink:label='loc_NotesReceivableNet' xlink:type='locator' />
    <link:loc xlink:href='../elts/us-gaap-2021-01-31.xsd#us-gaap_FinancingReceivableAllowanceForCreditLosses' xlink:label='loc_FinancingReceivableAllowanceForCreditLosses' xlink:type='locator' />
    <link:loc xlink:href='../elts/us-gaap-2021-01-31.xsd#us-gaap_NotesReceivableGross' xlink:label='loc_NotesReceivableGross' xlink:type='locator' />
    <link:loc xlink:href='../elts/us-gaap-2021-01-31.xsd#us-gaap_FinancingReceivableLoanInProcess' xlink:label='loc_FinancingReceivableLoanInProcess' xlink:type='locator' />
    <link:loc xlink:href='../elts/us-gaap-2021-01-31.xsd#us-gaap_FinancingReceivableBeforeAllowanceForCreditLossAndFee' xlink:label='loc_FinancingReceivableBeforeAllowanceForCreditLossAndFee' xlink:type='locator' />
    <link:loc xlink:href='../elts/us-gaap-2021-01-31.xsd#us-gaap_FinancingReceivableUnamortizedLoanCommitmentOriginationFeeAndPremiumDiscount' xlink:label='loc_FinancingReceivableUnamortizedLoanCommitmentOriginationFeeAndPremiumDiscount' xlink:type='locator' />
    <link:loc xlink:href='../elts/us-gaap-2021-01-31.xsd#us-gaap_FinancingReceivableUnamortizedLoanFeeCost' xlink:label='loc_FinancingReceivableUnamortizedLoanFeeCost' xlink:type='locator' />
    <link:loc xlink:href='../elts/us-gaap-2021-01-31.xsd#us-gaap_FinancingReceivableUnamortizedPurchasePremiumDiscount' xlink:label='loc_FinancingReceivableUnamortizedPurchasePremiumDiscount' xlink:type='locator' />
    <link:loc xlink:href='../elts/us-gaap-2021-01-31.xsd#us-gaap_FinancingReceivableExcludingAccruedInterestAfterAllowanceForCreditLoss' xlink:label='loc_FinancingReceivableExcludingAccruedInterestAfterAllowanceForCreditLoss' xlink:type='locator' />
    <link:loc xlink:href='../elts/us-gaap-2021-01-31.xsd#us-gaap_FinancingReceivableExcludingAccruedInterestAfterAllowanceForCreditLossCurrent' xlink:label='loc_FinancingReceivableExcludingAccruedInterestAfterAllowanceForCreditLossCurrent' xlink:type='locator' />
    <link:loc xlink:href='../elts/us-gaap-2021-01-31.xsd#us-gaap_FinancingReceivableExcludingAccruedInterestAfterAllowanceForCreditLossNoncurrent' xlink:label='loc_FinancingReceivableExcludingAccruedInterestAfterAllowanceForCreditLossNoncurrent' xlink:type='locator' />
    <link:loc xlink:href='../elts/us-gaap-2021-01-31.xsd#us-gaap_FinancingReceivableExcludingAccruedInterestBeforeAllowanceForCreditLoss' xlink:label='loc_FinancingReceivableExcludingAccruedInterestBeforeAllowanceForCreditLoss' xlink:type='locator' />
    <link:loc xlink:href='../elts/us-gaap-2021-01-31.xsd#us-gaap_FinancingReceivableExcludingAccruedInterestBeforeAllowanceForCreditLossCurrent' xlink:label='loc_FinancingReceivableExcludingAccruedInterestBeforeAllowanceForCreditLossCurrent' xlink:type='locator' />
    <link:loc xlink:href='../elts/us-gaap-2021-01-31.xsd#us-gaap_FinancingReceivableExcludingAccruedInterestBeforeAllowanceForCreditLossNoncurrent' xlink:label='loc_FinancingReceivableExcludingAccruedInterestBeforeAllowanceForCreditLossNoncurrent' xlink:type='locator' />
    <link:loc xlink:href='../elts/us-gaap-2021-01-31.xsd#us-gaap_NetInvestmentInLeaseAllowanceForCreditLossExcludingAccruedInterest' xlink:label='loc_NetInvestmentInLeaseAllowanceForCreditLossExcludingAccruedInterest' xlink:type='locator' />
    <link:loc xlink:href='../elts/us-gaap-2021-01-31.xsd#us-gaap_NetInvestmentInLeaseAllowanceForCreditLossExcludingAccruedInterestCurrent' xlink:label='loc_NetInvestmentInLeaseAllowanceForCreditLossExcludingAccruedInterestCurrent' xlink:type='locator' />
    <link:loc xlink:href='../elts/us-gaap-2021-01-31.xsd#us-gaap_NetInvestmentInLeaseAllowanceForCreditLossExcludingAccruedInterestNoncurrent' xlink:label='loc_NetInvestmentInLeaseAllowanceForCreditLossExcludingAccruedInterestNoncurrent' xlink:type='locator' />
    <link:loc xlink:href='../elts/us-gaap-2021-01-31.xsd#us-gaap_NetInvestmentInLeaseExcludingAccruedInterestAfterAllowanceForCreditLoss' xlink:label='loc_NetInvestmentInLeaseExcludingAccruedInterestAfterAllowanceForCreditLoss' xlink:type='locator' />
    <link:loc xlink:href='../elts/us-gaap-2021-01-31.xsd#us-gaap_NetInvestmentInLeaseExcludingAccruedInterestAfterAllowanceForCreditLossCurrent' xlink:label='loc_NetInvestmentInLeaseExcludingAccruedInterestAfterAllowanceForCreditLossCurrent' xlink:type='locator' />
    <link:loc xlink:href='../elts/us-gaap-2021-01-31.xsd#us-gaap_NetInvestmentInLeaseExcludingAccruedInterestAfterAllowanceForCreditLossNoncurrent' xlink:label='loc_NetInvestmentInLeaseExcludingAccruedInterestAfterAllowanceForCreditLossNoncurrent' xlink:type='locator' />
    <link:loc xlink:href='../elts/us-gaap-2021-01-31.xsd#us-gaap_NetInvestmentInLeaseExcludingAccruedInterestBeforeAllowanceForCreditLoss' xlink:label='loc_NetInvestmentInLeaseExcludingAccruedInterestBeforeAllowanceForCreditLoss' xlink:type='locator' />
    <link:loc xlink:href='../elts/us-gaap-2021-01-31.xsd#us-gaap_NetInvestmentInLeaseExcludingAccruedInterestBeforeAllowanceForCreditLossCurrent' xlink:label='loc_NetInvestmentInLeaseExcludingAccruedInterestBeforeAllowanceForCreditLossCurrent' xlink:type='locator' />
    <link:loc xlink:href='../elts/us-gaap-2021-01-31.xsd#us-gaap_NetInvestmentInLeaseExcludingAccruedInterestBeforeAllowanceForCreditLossNoncurrent' xlink:label='loc_NetInvestmentInLeaseExcludingAccruedInterestBeforeAllowanceForCreditLossNoncurrent' xlink:type='locator' />
    <link:loc xlink:href='../elts/us-gaap-2021-01-31.xsd#us-gaap_NetInvestmentInLeaseAfterAllowanceForCreditLossCurrent' xlink:label='loc_NetInvestmentInLeaseAfterAllowanceForCreditLossCurrent' xlink:type='locator' />
    <link:loc xlink:href='../elts/us-gaap-2021-01-31.xsd#us-gaap_NetInvestmentInLeaseCurrent' xlink:label='loc_NetInvestmentInLeaseCurrent' xlink:type='locator' />
    <link:loc xlink:href='../elts/us-gaap-2021-01-31.xsd#us-gaap_NetInvestmentInLeaseAllowanceForCreditLossCurrent' xlink:label='loc_NetInvestmentInLeaseAllowanceForCreditLossCurrent' xlink:type='locator' />
    <link:loc xlink:href='../elts/us-gaap-2021-01-31.xsd#us-gaap_NetInvestmentInLeaseAfterAllowanceForCreditLossNoncurrent' xlink:label='loc_NetInvestmentInLeaseAfterAllowanceForCreditLossNoncurrent' xlink:type='locator' />
    <link:loc xlink:href='../elts/us-gaap-2021-01-31.xsd#us-gaap_NetInvestmentInLeaseNoncurrent' xlink:label='loc_NetInvestmentInLeaseNoncurrent' xlink:type='locator' />
    <link:loc xlink:href='../elts/us-gaap-2021-01-31.xsd#us-gaap_NetInvestmentInLeaseAllowanceForCreditLossNoncurrent' xlink:label='loc_NetInvestmentInLeaseAllowanceForCreditLossNoncurrent' xlink:type='locator' />
    <link:loc xlink:href='../elts/us-gaap-2021-01-31.xsd#us-gaap_SalesTypeLeaseNetInvestmentInLeaseAllowanceForCreditLossExcludingAccruedInterest' xlink:label='loc_SalesTypeLeaseNetInvestmentInLeaseAllowanceForCreditLossExcludingAccruedInterest' xlink:type='locator' />
    <link:loc xlink:href='../elts/us-gaap-2021-01-31.xsd#us-gaap_SalesTypeLeaseNetInvestmentInLeaseAllowanceForCreditLossExcludingAccruedInterestCurrent' xlink:label='loc_SalesTypeLeaseNetInvestmentInLeaseAllowanceForCreditLossExcludingAccruedInterestCurrent' xlink:type='locator' />
    <link:loc xlink:href='../elts/us-gaap-2021-01-31.xsd#us-gaap_SalesTypeLeaseNetInvestmentInLeaseAllowanceForCreditLossExcludingAccruedInterestNoncurrent' xlink:label='loc_SalesTypeLeaseNetInvestmentInLeaseAllowanceForCreditLossExcludingAccruedInterestNoncurrent' xlink:type='locator' />
    <link:loc xlink:href='../elts/us-gaap-2021-01-31.xsd#us-gaap_SalesTypeLeaseNetInvestmentInLeaseExcludingAccruedInterestAfterAllowanceForCreditLoss' xlink:label='loc_SalesTypeLeaseNetInvestmentInLeaseExcludingAccruedInterestAfterAllowanceForCreditLoss' xlink:type='locator' />
    <link:loc xlink:href='../elts/us-gaap-2021-01-31.xsd#us-gaap_SalesTypeLeaseNetInvestmentInLeaseExcludingAccruedInterestAfterAllowanceForCreditLossCurrent' xlink:label='loc_SalesTypeLeaseNetInvestmentInLeaseExcludingAccruedInterestAfterAllowanceForCreditLossCurrent' xlink:type='locator' />
    <link:loc xlink:href='../elts/us-gaap-2021-01-31.xsd#us-gaap_SalesTypeLeaseNetInvestmentInLeaseExcludingAccruedInterestAfterAllowanceForCreditLossNoncurrent' xlink:label='loc_SalesTypeLeaseNetInvestmentInLeaseExcludingAccruedInterestAfterAllowanceForCreditLossNoncurrent' xlink:type='locator' />
    <link:loc xlink:href='../elts/us-gaap-2021-01-31.xsd#us-gaap_SalesTypeLeaseNetInvestmentInLeaseExcludingAccruedInterestBeforeAllowanceForCreditLoss' xlink:label='loc_SalesTypeLeaseNetInvestmentInLeaseExcludingAccruedInterestBeforeAllowanceForCreditLoss' xlink:type='locator' />
    <link:loc xlink:href='../elts/us-gaap-2021-01-31.xsd#us-gaap_SalesTypeLeaseNetInvestmentInLeaseExcludingAccruedInterestBeforeAllowanceForCreditLossCurrent' xlink:label='loc_SalesTypeLeaseNetInvestmentInLeaseExcludingAccruedInterestBeforeAllowanceForCreditLossCurrent' xlink:type='locator' />
    <link:loc xlink:href='../elts/us-gaap-2021-01-31.xsd#us-gaap_SalesTypeLeaseNetInvestmentInLeaseExcludingAccruedInterestBeforeAllowanceForCreditLossNoncurrent' xlink:label='loc_SalesTypeLeaseNetInvestmentInLeaseExcludingAccruedInterestBeforeAllowanceForCreditLossNoncurrent' xlink:type='locator' />
    <link:loc xlink:href='../elts/us-gaap-2021-01-31.xsd#us-gaap_SalesTypeLeaseNetInvestmentInLeaseAfterAllowanceForCreditLossCurrent' xlink:label='loc_SalesTypeLeaseNetInvestmentInLeaseAfterAllowanceForCreditLossCurrent' xlink:type='locator' />
    <link:loc xlink:href='../elts/us-gaap-2021-01-31.xsd#us-gaap_SalesTypeLeaseNetInvestmentInLeaseBeforeAllowanceForCreditLossCurrent' xlink:label='loc_SalesTypeLeaseNetInvestmentInLeaseBeforeAllowanceForCreditLossCurrent' xlink:type='locator' />
    <link:loc xlink:href='../elts/us-gaap-2021-01-31.xsd#us-gaap_SalesTypeLeaseNetInvestmentInLeaseAllowanceForCreditLossCurrent' xlink:label='loc_SalesTypeLeaseNetInvestmentInLeaseAllowanceForCreditLossCurrent' xlink:type='locator' />
    <link:loc xlink:href='../elts/us-gaap-2021-01-31.xsd#us-gaap_SalesTypeLeaseNetInvestmentInLeaseAfterAllowanceForCreditLossNoncurrent' xlink:label='loc_SalesTypeLeaseNetInvestmentInLeaseAfterAllowanceForCreditLossNoncurrent' xlink:type='locator' />
    <link:loc xlink:href='../elts/us-gaap-2021-01-31.xsd#us-gaap_SalesTypeLeaseNetInvestmentInLeaseBeforeAllowanceForCreditLossNoncurrent' xlink:label='loc_SalesTypeLeaseNetInvestmentInLeaseBeforeAllowanceForCreditLossNoncurrent' xlink:type='locator' />
    <link:loc xlink:href='../elts/us-gaap-2021-01-31.xsd#us-gaap_SalesTypeLeaseNetInvestmentInLeaseAllowanceForCreditLossNoncurrent' xlink:label='loc_SalesTypeLeaseNetInvestmentInLeaseAllowanceForCreditLossNoncurrent' xlink:type='locator' />
    <link:calculationArc order='10' weight='1.0' xlink:arcrole='http://www.xbrl.org/2003/arcrole/summation-item' xlink:from='loc_DebtSecuritiesAvailableForSaleAndHeldToMaturityAllowanceForCreditLoss' xlink:to='loc_DebtSecuritiesAvailableForSaleAllowanceForCreditLoss' xlink:type='arc' />
    <link:calculationArc order='20' weight='1.0' xlink:arcrole='http://www.xbrl.org/2003/arcrole/summation-item' xlink:from='loc_DebtSecuritiesAvailableForSaleAndHeldToMaturityAllowanceForCreditLoss' xlink:to='loc_DebtSecuritiesHeldToMaturityAllowanceForCreditLoss' xlink:type='arc' />
    <link:calculationArc order='10' weight='1.0' xlink:arcrole='http://www.xbrl.org/2003/arcrole/summation-item' xlink:from='loc_DebtSecuritiesAvailableForSaleAndHeldToMaturityAmortizedCostAfterAllowanceForCreditLoss' xlink:to='loc_DebtSecuritiesAvailableForSaleAmortizedCostAfterAllowanceForCreditLoss' xlink:type='arc' />
    <link:calculationArc order='20' weight='1.0' xlink:arcrole='http://www.xbrl.org/2003/arcrole/summation-item' xlink:from='loc_DebtSecuritiesAvailableForSaleAndHeldToMaturityAmortizedCostAfterAllowanceForCreditLoss' xlink:to='loc_DebtSecuritiesHeldToMaturityAmortizedCostAfterAllowanceForCreditLoss' xlink:type='arc' />
    <link:calculationArc order='10' weight='1.0' xlink:arcrole='http://www.xbrl.org/2003/arcrole/summation-item' xlink:from='loc_DebtSecuritiesAvailableForSaleAndHeldToMaturityAmortizedCostBeforeAllowanceForCreditLoss' xlink:to='loc_AvailableForSaleDebtSecuritiesAmortizedCostBasis' xlink:type='arc' />
    <link:calculationArc order='20' weight='1.0' xlink:arcrole='http://www.xbrl.org/2003/arcrole/summation-item' xlink:from='loc_DebtSecuritiesAvailableForSaleAndHeldToMaturityAmortizedCostBeforeAllowanceForCreditLoss' xlink:to='loc_HeldToMaturitySecurities' xlink:type='arc' />
    <link:calculationArc order='10' weight='1.0' xlink:arcrole='http://www.xbrl.org/2003/arcrole/summation-item' xlink:from='loc_DebtSecuritiesAvailableForSaleAndHeldToMaturityCumulativeUnrecognizedGain' xlink:to='loc_AvailableForSaleDebtSecuritiesAccumulatedGrossUnrealizedGainBeforeTax' xlink:type='arc' />
    <link:calculationArc order='20' weight='1.0' xlink:arcrole='http://www.xbrl.org/2003/arcrole/summation-item' xlink:from='loc_DebtSecuritiesAvailableForSaleAndHeldToMaturityCumulativeUnrecognizedGain' xlink:to='loc_HeldToMaturitySecuritiesAccumulatedUnrecognizedHoldingGain' xlink:type='arc' />
    <link:calculationArc order='10' weight='1.0' xlink:arcrole='http://www.xbrl.org/2003/arcrole/summation-item' xlink:from='loc_DebtSecuritiesAvailableForSaleAndHeldToMaturityCumulativeUnrecognizedLoss' xlink:to='loc_AvailableForSaleDebtSecuritiesAccumulatedGrossUnrealizedLossBeforeTax' xlink:type='arc' />
    <link:calculationArc order='20' weight='1.0' xlink:arcrole='http://www.xbrl.org/2003/arcrole/summation-item' xlink:from='loc_DebtSecuritiesAvailableForSaleAndHeldToMaturityCumulativeUnrecognizedLoss' xlink:to='loc_HeldToMaturitySecuritiesAccumulatedUnrecognizedHoldingLoss' xlink:type='arc' />
    <link:calculationArc order='10' weight='1.0' xlink:arcrole='http://www.xbrl.org/2003/arcrole/summation-item' xlink:from='loc_DebtSecuritiesAvailableForSaleAndHeldToMaturityFairValue' xlink:to='loc_AvailableForSaleSecuritiesDebtSecurities' xlink:type='arc' />
    <link:calculationArc order='20' weight='1.0' xlink:arcrole='http://www.xbrl.org/2003/arcrole/summation-item' xlink:from='loc_DebtSecuritiesAvailableForSaleAndHeldToMaturityFairValue' xlink:to='loc_HeldToMaturitySecuritiesFairValue' xlink:type='arc' />
    <link:calculationArc order='10' weight='1.0' xlink:arcrole='http://www.xbrl.org/2003/arcrole/summation-item' xlink:from='loc_DebtSecuritiesAvailableForSaleAmortizedCostAllowanceForCreditLossExcludingAccruedInterest' xlink:to='loc_DebtSecuritiesAvailableForSaleAmortizedCostAllowanceForCreditLossExcludingAccruedInterestCurrent' xlink:type='arc' />
    <link:calculationArc order='20' weight='1.0' xlink:arcrole='http://www.xbrl.org/2003/arcrole/summation-item' xlink:from='loc_DebtSecuritiesAvailableForSaleAmortizedCostAllowanceForCreditLossExcludingAccruedInterest' xlink:to='loc_DebtSecuritiesAvailableForSaleAmortizedCostAllowanceForCreditLossExcludingAccruedInterestNoncurrent' xlink:type='arc' />
    <link:calculationArc order='10' weight='1.0' xlink:arcrole='http://www.xbrl.org/2003/arcrole/summation-item' xlink:from='loc_DebtSecuritiesAvailableForSaleAmortizedCostExcludingAccruedInterestAfterAllowanceForCreditLoss' xlink:to='loc_DebtSecuritiesAvailableForSaleAmortizedCostExcludingAccruedInterestAfterAllowanceForCreditLossCurrent' xlink:type='arc' />
    <link:calculationArc order='20' weight='1.0' xlink:arcrole='http://www.xbrl.org/2003/arcrole/summation-item' xlink:from='loc_DebtSecuritiesAvailableForSaleAmortizedCostExcludingAccruedInterestAfterAllowanceForCreditLoss' xlink:to='loc_DebtSecuritiesAvailableForSaleAmortizedCostExcludingAccruedInterestAfterAllowanceForCreditLossNoncurrent' xlink:type='arc' />
    <link:calculationArc order='10' weight='1.0' xlink:arcrole='http://www.xbrl.org/2003/arcrole/summation-item' xlink:from='loc_DebtSecuritiesAvailableForSaleAmortizedCostAfterAllowanceForCreditLossCurrent' xlink:to='loc_DebtSecuritiesAvailableForSaleAmortizedCostCurrent' xlink:type='arc' />
    <link:calculationArc order='20' weight='-1.0' xlink:arcrole='http://www.xbrl.org/2003/arcrole/summation-item' xlink:from='loc_DebtSecuritiesAvailableForSaleAmortizedCostAfterAllowanceForCreditLossCurrent' xlink:to='loc_DebtSecuritiesAvailableForSaleAllowanceForCreditLossCurrent' xlink:type='arc' />
    <link:calculationArc order='10' weight='1.0' xlink:arcrole='http://www.xbrl.org/2003/arcrole/summation-item' xlink:from='loc_DebtSecuritiesAvailableForSaleAmortizedCostAfterAllowanceForCreditLossNoncurrent' xlink:to='loc_DebtSecuritiesAvailableForSaleAmortizedCostNoncurrent' xlink:type='arc' />
    <link:calculationArc order='20' weight='-1.0' xlink:arcrole='http://www.xbrl.org/2003/arcrole/summation-item' xlink:from='loc_DebtSecuritiesAvailableForSaleAmortizedCostAfterAllowanceForCreditLossNoncurrent' xlink:to='loc_DebtSecuritiesAvailableForSaleAllowanceForCreditLossNoncurrent' xlink:type='arc' />
    <link:calculationArc order='10' weight='1.0' xlink:arcrole='http://www.xbrl.org/2003/arcrole/summation-item' xlink:from='loc_DebtSecuritiesAvailableForSaleAmortizedCostExcludingAccruedInterestBeforeAllowanceForCreditLoss' xlink:to='loc_DebtSecuritiesAvailableForSaleAmortizedCostExcludingAccruedInterestBeforeAllowanceForCreditLossCurrent' xlink:type='arc' />
    <link:calculationArc order='20' weight='1.0' xlink:arcrole='http://www.xbrl.org/2003/arcrole/summation-item' xlink:from='loc_DebtSecuritiesAvailableForSaleAmortizedCostExcludingAccruedInterestBeforeAllowanceForCreditLoss' xlink:to='loc_DebtSecuritiesAvailableForSaleAmortizedCostExcludingAccruedInterestBeforeAllowanceForCreditLossNoncurrent' xlink:type='arc' />
    <link:calculationArc order='10' weight='1.0' xlink:arcrole='http://www.xbrl.org/2003/arcrole/summation-item' xlink:from='loc_DebtSecuritiesHeldToMaturityAllowanceForCreditLossExcludingAccruedInterest' xlink:to='loc_DebtSecuritiesHeldToMaturityAllowanceForCreditLossExcludingAccruedInterestCurrent' xlink:type='arc' />
    <link:calculationArc order='20' weight='1.0' xlink:arcrole='http://www.xbrl.org/2003/arcrole/summation-item' xlink:from='loc_DebtSecuritiesHeldToMaturityAllowanceForCreditLossExcludingAccruedInterest' xlink:to='loc_DebtSecuritiesHeldToMaturityAllowanceForCreditLossExcludingAccruedInterestNoncurrent' xlink:type='arc' />
    <link:calculationArc order='10' weight='1.0' xlink:arcrole='http://www.xbrl.org/2003/arcrole/summation-item' xlink:from='loc_DebtSecuritiesHeldToMaturityExcludingAccruedInterestAfterAllowanceForCreditLoss' xlink:to='loc_DebtSecuritiesHeldToMaturityExcludingAccruedInterestAfterAllowanceForCreditLossCurrent' xlink:type='arc' />
    <link:calculationArc order='20' weight='1.0' xlink:arcrole='http://www.xbrl.org/2003/arcrole/summation-item' xlink:from='loc_DebtSecuritiesHeldToMaturityExcludingAccruedInterestAfterAllowanceForCreditLoss' xlink:to='loc_DebtSecuritiesHeldToMaturityExcludingAccruedInterestAfterAllowanceForCreditLossNoncurrent' xlink:type='arc' />
    <link:calculationArc order='10' weight='1.0' xlink:arcrole='http://www.xbrl.org/2003/arcrole/summation-item' xlink:from='loc_DebtSecuritiesHeldToMaturityExcludingAccruedInterestBeforeAllowanceForCreditLoss' xlink:to='loc_DebtSecuritiesHeldToMaturityExcludingAccruedInterestBeforeAllowanceForCreditLossCurrent' xlink:type='arc' />
    <link:calculationArc order='20' weight='1.0' xlink:arcrole='http://www.xbrl.org/2003/arcrole/summation-item' xlink:from='loc_DebtSecuritiesHeldToMaturityExcludingAccruedInterestBeforeAllowanceForCreditLoss' xlink:to='loc_DebtSecuritiesHeldToMaturityExcludingAccruedInterestBeforeAllowanceForCreditLossNoncurrent' xlink:type='arc' />
    <link:calculationArc order='10' weight='1.0' xlink:arcrole='http://www.xbrl.org/2003/arcrole/summation-item' xlink:from='loc_DirectFinancingLeaseNetInvestmentInLeaseAllowanceForCreditLossExcludingAccruedInterest' xlink:to='loc_DirectFinancingLeaseNetInvestmentInLeaseAllowanceForCreditLossExcludingAccruedInterestCurrent' xlink:type='arc' />
    <link:calculationArc order='20' weight='1.0' xlink:arcrole='http://www.xbrl.org/2003/arcrole/summation-item' xlink:from='loc_DirectFinancingLeaseNetInvestmentInLeaseAllowanceForCreditLossExcludingAccruedInterest' xlink:to='loc_DirectFinancingLeaseNetInvestmentInLeaseAllowanceForCreditLossExcludingAccruedInterestNoncurrent' xlink:type='arc' />
    <link:calculationArc order='10' weight='1.0' xlink:arcrole='http://www.xbrl.org/2003/arcrole/summation-item' xlink:from='loc_DirectFinancingLeaseNetInvestmentInLeaseExcludingAccruedInterestAfterAllowanceForCreditLoss' xlink:to='loc_DirectFinancingLeaseNetInvestmentInLeaseExcludingAccruedInterestAfterAllowanceForCreditLossCurrent' xlink:type='arc' />
    <link:calculationArc order='20' weight='1.0' xlink:arcrole='http://www.xbrl.org/2003/arcrole/summation-item' xlink:from='loc_DirectFinancingLeaseNetInvestmentInLeaseExcludingAccruedInterestAfterAllowanceForCreditLoss' xlink:to='loc_DirectFinancingLeaseNetInvestmentInLeaseExcludingAccruedInterestAfterAllowanceForCreditLossNoncurrent' xlink:type='arc' />
    <link:calculationArc order='10' weight='1.0' xlink:arcrole='http://www.xbrl.org/2003/arcrole/summation-item' xlink:from='loc_DirectFinancingLeaseNetInvestmentInLeaseExcludingAccruedInterestBeforeAllowanceForCreditLoss' xlink:to='loc_DirectFinancingLeaseNetInvestmentInLeaseExcludingAccruedInterestBeforeAllowanceForCreditLossCurrent' xlink:type='arc' />
    <link:calculationArc order='20' weight='1.0' xlink:arcrole='http://www.xbrl.org/2003/arcrole/summation-item' xlink:from='loc_DirectFinancingLeaseNetInvestmentInLeaseExcludingAccruedInterestBeforeAllowanceForCreditLoss' xlink:to='loc_DirectFinancingLeaseNetInvestmentInLeaseExcludingAccruedInterestBeforeAllowanceForCreditLossNoncurrent' xlink:type='arc' />
    <link:calculationArc order='10' weight='1.0' xlink:arcrole='http://www.xbrl.org/2003/arcrole/summation-item' xlink:from='loc_DirectFinancingLeaseNetInvestmentInLeaseAfterAllowanceForCreditLossCurrent' xlink:to='loc_DirectFinancingLeaseNetInvestmentInLeaseBeforeAllowanceForCreditLossCurrent' xlink:type='arc' />
    <link:calculationArc order='20' weight='-1.0' xlink:arcrole='http://www.xbrl.org/2003/arcrole/summation-item' xlink:from='loc_DirectFinancingLeaseNetInvestmentInLeaseAfterAllowanceForCreditLossCurrent' xlink:to='loc_DirectFinancingLeaseNetInvestmentInLeaseAllowanceForCreditLossCurrent' xlink:type='arc' />
    <link:calculationArc order='10' weight='1.0' xlink:arcrole='http://www.xbrl.org/2003/arcrole/summation-item' xlink:from='loc_DirectFinancingLeaseNetInvestmentInLeaseAfterAllowanceForCreditLossNoncurrent' xlink:to='loc_DirectFinancingLeaseNetInvestmentInLeaseBeforeAllowanceForCreditLossNoncurrent' xlink:type='arc' />
    <link:calculationArc order='20' weight='-1.0' xlink:arcrole='http://www.xbrl.org/2003/arcrole/summation-item' xlink:from='loc_DirectFinancingLeaseNetInvestmentInLeaseAfterAllowanceForCreditLossNoncurrent' xlink:to='loc_DirectFinancingLeaseNetInvestmentInLeaseAllowanceForCreditLossNoncurrent' xlink:type='arc' />
    <link:calculationArc order='10' weight='1.0' xlink:arcrole='http://www.xbrl.org/2003/arcrole/summation-item' xlink:from='loc_FinancingReceivableAllowanceForCreditLossExcludingAccruedInterest' xlink:to='loc_FinancingReceivableAllowanceForCreditLossExcludingAccruedInterestCurrent' xlink:type='arc' />
    <link:calculationArc order='20' weight='1.0' xlink:arcrole='http://www.xbrl.org/2003/arcrole/summation-item' xlink:from='loc_FinancingReceivableAllowanceForCreditLossExcludingAccruedInterest' xlink:to='loc_FinancingReceivableAllowanceForCreditLossExcludingAccruedInterestNoncurrent' xlink:type='arc' />
    <link:calculationArc order='10' weight='1.0' xlink:arcrole='http://www.xbrl.org/2003/arcrole/summation-item' xlink:from='loc_FinancingReceivableCoveredAndNotCoveredAfterAllowanceForCreditLossFeePremiumAndDiscount' xlink:to='loc_FinancingReceivableCoveredAfterAllowanceForCreditLoss' xlink:type='arc' />
    <link:calculationArc order='10' weight='1.0' xlink:arcrole='http://www.xbrl.org/2003/arcrole/summation-item' xlink:from='loc_FinancingReceivableCoveredAfterAllowanceForCreditLoss' xlink:to='loc_FinancingReceivableCoveredBeforeAllowanceForCreditLoss' xlink:type='arc' />
    <link:calculationArc order='20' weight='-1.0' xlink:arcrole='http://www.xbrl.org/2003/arcrole/summation-item' xlink:from='loc_FinancingReceivableCoveredAfterAllowanceForCreditLoss' xlink:to='loc_FinancingReceivableCoveredAllowanceForCreditLoss' xlink:type='arc' />
    <link:calculationArc order='20' weight='1.0' xlink:arcrole='http://www.xbrl.org/2003/arcrole/summation-item' xlink:from='loc_FinancingReceivableCoveredAndNotCoveredAfterAllowanceForCreditLossFeePremiumAndDiscount' xlink:to='loc_NotesReceivableNet' xlink:type='arc' />
    <link:calculationArc order='10' weight='-1.0' xlink:arcrole='http://www.xbrl.org/2003/arcrole/summation-item' xlink:from='loc_NotesReceivableNet' xlink:to='loc_FinancingReceivableAllowanceForCreditLosses' xlink:type='arc' />
    <link:calculationArc order='20' weight='1.0' xlink:arcrole='http://www.xbrl.org/2003/arcrole/summation-item' xlink:from='loc_NotesReceivableNet' xlink:to='loc_NotesReceivableGross' xlink:type='arc' />
    <link:calculationArc order='10' weight='-1.0' xlink:arcrole='http://www.xbrl.org/2003/arcrole/summation-item' xlink:from='loc_NotesReceivableGross' xlink:to='loc_FinancingReceivableLoanInProcess' xlink:type='arc' />
    <link:calculationArc order='20' weight='1.0' xlink:arcrole='http://www.xbrl.org/2003/arcrole/summation-item' xlink:from='loc_NotesReceivableGross' xlink:to='loc_FinancingReceivableBeforeAllowanceForCreditLossAndFee' xlink:type='arc' />
    <link:calculationArc order='30' weight='1.0' xlink:arcrole='http://www.xbrl.org/2003/arcrole/summation-item' xlink:from='loc_NotesReceivableGross' xlink:to='loc_FinancingReceivableUnamortizedLoanCommitmentOriginationFeeAndPremiumDiscount' xlink:type='arc' />
    <link:calculationArc order='10' weight='1.0' xlink:arcrole='http://www.xbrl.org/2003/arcrole/summation-item' xlink:from='loc_FinancingReceivableUnamortizedLoanCommitmentOriginationFeeAndPremiumDiscount' xlink:to='loc_FinancingReceivableUnamortizedLoanFeeCost' xlink:type='arc' />
    <link:calculationArc order='20' weight='1.0' xlink:arcrole='http://www.xbrl.org/2003/arcrole/summation-item' xlink:from='loc_FinancingReceivableUnamortizedLoanCommitmentOriginationFeeAndPremiumDiscount' xlink:to='loc_FinancingReceivableUnamortizedPurchasePremiumDiscount' xlink:type='arc' />
    <link:calculationArc order='10' weight='1.0' xlink:arcrole='http://www.xbrl.org/2003/arcrole/summation-item' xlink:from='loc_FinancingReceivableExcludingAccruedInterestAfterAllowanceForCreditLoss' xlink:to='loc_FinancingReceivableExcludingAccruedInterestAfterAllowanceForCreditLossCurrent' xlink:type='arc' />
    <link:calculationArc order='20' weight='1.0' xlink:arcrole='http://www.xbrl.org/2003/arcrole/summation-item' xlink:from='loc_FinancingReceivableExcludingAccruedInterestAfterAllowanceForCreditLoss' xlink:to='loc_FinancingReceivableExcludingAccruedInterestAfterAllowanceForCreditLossNoncurrent' xlink:type='arc' />
    <link:calculationArc order='10' weight='1.0' xlink:arcrole='http://www.xbrl.org/2003/arcrole/summation-item' xlink:from='loc_FinancingReceivableExcludingAccruedInterestBeforeAllowanceForCreditLoss' xlink:to='loc_FinancingReceivableExcludingAccruedInterestBeforeAllowanceForCreditLossCurrent' xlink:type='arc' />
    <link:calculationArc order='20' weight='1.0' xlink:arcrole='http://www.xbrl.org/2003/arcrole/summation-item' xlink:from='loc_FinancingReceivableExcludingAccruedInterestBeforeAllowanceForCreditLoss' xlink:to='loc_FinancingReceivableExcludingAccruedInterestBeforeAllowanceForCreditLossNoncurrent' xlink:type='arc' />
    <link:calculationArc order='10' weight='1.0' xlink:arcrole='http://www.xbrl.org/2003/arcrole/summation-item' xlink:from='loc_NetInvestmentInLeaseAllowanceForCreditLossExcludingAccruedInterest' xlink:to='loc_NetInvestmentInLeaseAllowanceForCreditLossExcludingAccruedInterestCurrent' xlink:type='arc' />
    <link:calculationArc order='20' weight='1.0' xlink:arcrole='http://www.xbrl.org/2003/arcrole/summation-item' xlink:from='loc_NetInvestmentInLeaseAllowanceForCreditLossExcludingAccruedInterest' xlink:to='loc_NetInvestmentInLeaseAllowanceForCreditLossExcludingAccruedInterestNoncurrent' xlink:type='arc' />
    <link:calculationArc order='10' weight='1.0' xlink:arcrole='http://www.xbrl.org/2003/arcrole/summation-item' xlink:from='loc_NetInvestmentInLeaseExcludingAccruedInterestAfterAllowanceForCreditLoss' xlink:to='loc_NetInvestmentInLeaseExcludingAccruedInterestAfterAllowanceForCreditLossCurrent' xlink:type='arc' />
    <link:calculationArc order='20' weight='1.0' xlink:arcrole='http://www.xbrl.org/2003/arcrole/summation-item' xlink:from='loc_NetInvestmentInLeaseExcludingAccruedInterestAfterAllowanceForCreditLoss' xlink:to='loc_NetInvestmentInLeaseExcludingAccruedInterestAfterAllowanceForCreditLossNoncurrent' xlink:type='arc' />
    <link:calculationArc order='10' weight='1.0' xlink:arcrole='http://www.xbrl.org/2003/arcrole/summation-item' xlink:from='loc_NetInvestmentInLeaseExcludingAccruedInterestBeforeAllowanceForCreditLoss' xlink:to='loc_NetInvestmentInLeaseExcludingAccruedInterestBeforeAllowanceForCreditLossCurrent' xlink:type='arc' />
    <link:calculationArc order='20' weight='1.0' xlink:arcrole='http://www.xbrl.org/2003/arcrole/summation-item' xlink:from='loc_NetInvestmentInLeaseExcludingAccruedInterestBeforeAllowanceForCreditLoss' xlink:to='loc_NetInvestmentInLeaseExcludingAccruedInterestBeforeAllowanceForCreditLossNoncurrent' xlink:type='arc' />
    <link:calculationArc order='10' weight='1.0' xlink:arcrole='http://www.xbrl.org/2003/arcrole/summation-item' xlink:from='loc_NetInvestmentInLeaseAfterAllowanceForCreditLossCurrent' xlink:to='loc_NetInvestmentInLeaseCurrent' xlink:type='arc' />
    <link:calculationArc order='20' weight='-1.0' xlink:arcrole='http://www.xbrl.org/2003/arcrole/summation-item' xlink:from='loc_NetInvestmentInLeaseAfterAllowanceForCreditLossCurrent' xlink:to='loc_NetInvestmentInLeaseAllowanceForCreditLossCurrent' xlink:type='arc' />
    <link:calculationArc order='10' weight='1.0' xlink:arcrole='http://www.xbrl.org/2003/arcrole/summation-item' xlink:from='loc_NetInvestmentInLeaseAfterAllowanceForCreditLossNoncurrent' xlink:to='loc_NetInvestmentInLeaseNoncurrent' xlink:type='arc' />
    <link:calculationArc order='20' weight='-1.0' xlink:arcrole='http://www.xbrl.org/2003/arcrole/summation-item' xlink:from='loc_NetInvestmentInLeaseAfterAllowanceForCreditLossNoncurrent' xlink:to='loc_NetInvestmentInLeaseAllowanceForCreditLossNoncurrent' xlink:type='arc' />
    <link:calculationArc order='10' weight='1.0' xlink:arcrole='http://www.xbrl.org/2003/arcrole/summation-item' xlink:from='loc_SalesTypeLeaseNetInvestmentInLeaseAllowanceForCreditLossExcludingAccruedInterest' xlink:to='loc_SalesTypeLeaseNetInvestmentInLeaseAllowanceForCreditLossExcludingAccruedInterestCurrent' xlink:type='arc' />
    <link:calculationArc order='20' weight='1.0' xlink:arcrole='http://www.xbrl.org/2003/arcrole/summation-item' xlink:from='loc_SalesTypeLeaseNetInvestmentInLeaseAllowanceForCreditLossExcludingAccruedInterest' xlink:to='loc_SalesTypeLeaseNetInvestmentInLeaseAllowanceForCreditLossExcludingAccruedInterestNoncurrent' xlink:type='arc' />
    <link:calculationArc order='10' weight='1.0' xlink:arcrole='http://www.xbrl.org/2003/arcrole/summation-item' xlink:from='loc_SalesTypeLeaseNetInvestmentInLeaseExcludingAccruedInterestAfterAllowanceForCreditLoss' xlink:to='loc_SalesTypeLeaseNetInvestmentInLeaseExcludingAccruedInterestAfterAllowanceForCreditLossCurrent' xlink:type='arc' />
    <link:calculationArc order='20' weight='1.0' xlink:arcrole='http://www.xbrl.org/2003/arcrole/summation-item' xlink:from='loc_SalesTypeLeaseNetInvestmentInLeaseExcludingAccruedInterestAfterAllowanceForCreditLoss' xlink:to='loc_SalesTypeLeaseNetInvestmentInLeaseExcludingAccruedInterestAfterAllowanceForCreditLossNoncurrent' xlink:type='arc' />
    <link:calculationArc order='10' weight='1.0' xlink:arcrole='http://www.xbrl.org/2003/arcrole/summation-item' xlink:from='loc_SalesTypeLeaseNetInvestmentInLeaseExcludingAccruedInterestBeforeAllowanceForCreditLoss' xlink:to='loc_SalesTypeLeaseNetInvestmentInLeaseExcludingAccruedInterestBeforeAllowanceForCreditLossCurrent' xlink:type='arc' />
    <link:calculationArc order='20' weight='1.0' xlink:arcrole='http://www.xbrl.org/2003/arcrole/summation-item' xlink:from='loc_SalesTypeLeaseNetInvestmentInLeaseExcludingAccruedInterestBeforeAllowanceForCreditLoss' xlink:to='loc_SalesTypeLeaseNetInvestmentInLeaseExcludingAccruedInterestBeforeAllowanceForCreditLossNoncurrent' xlink:type='arc' />
    <link:calculationArc order='10' weight='1.0' xlink:arcrole='http://www.xbrl.org/2003/arcrole/summation-item' xlink:from='loc_SalesTypeLeaseNetInvestmentInLeaseAfterAllowanceForCreditLossCurrent' xlink:to='loc_SalesTypeLeaseNetInvestmentInLeaseBeforeAllowanceForCreditLossCurrent' xlink:type='arc' />
    <link:calculationArc order='20' weight='-1.0' xlink:arcrole='http://www.xbrl.org/2003/arcrole/summation-item' xlink:from='loc_SalesTypeLeaseNetInvestmentInLeaseAfterAllowanceForCreditLossCurrent' xlink:to='loc_SalesTypeLeaseNetInvestmentInLeaseAllowanceForCreditLossCurrent' xlink:type='arc' />
    <link:calculationArc order='10' weight='1.0' xlink:arcrole='http://www.xbrl.org/2003/arcrole/summation-item' xlink:from='loc_SalesTypeLeaseNetInvestmentInLeaseAfterAllowanceForCreditLossNoncurrent' xlink:to='loc_SalesTypeLeaseNetInvestmentInLeaseBeforeAllowanceForCreditLossNoncurrent' xlink:type='arc' />
    <link:calculationArc order='20' weight='-1.0' xlink:arcrole='http://www.xbrl.org/2003/arcrole/summation-item' xlink:from='loc_SalesTypeLeaseNetInvestmentInLeaseAfterAllowanceForCreditLossNoncurrent' xlink:to='loc_SalesTypeLeaseNetInvestmentInLeaseAllowanceForCreditLossNoncurrent' xlink:type='arc' />
  </link:calculationLink>
</link:linkbase>
