<?xml version='1.0' encoding='UTF-8'?>

<!--
(c) 2010-2021 Financial Accounting Foundation; (c) 2007-2010 XBRL US, Inc.  All Rights Reserved.
Notice: Authorized Uses are Set Forth at https://xbrl.fasb.org/terms/TaxonomiesTermsConditions.html
  -->
<link:linkbase xmlns:link='http://www.xbrl.org/2003/linkbase' xmlns:xbrldt='http://xbrl.org/2005/xbrldt' xmlns:xlink='http://www.w3.org/1999/xlink' xmlns:xsi='http://www.w3.org/2001/XMLSchema-instance' xsi:schemaLocation='http://www.xbrl.org/2003/linkbase http://www.xbrl.org/2003/xbrl-linkbase-2003-12-31.xsd'>
  <link:roleRef roleURI='http://fasb.org/us-gaap/role/disclosure/SECScheduleArticle12-09ValuationAndQualifyingAccountsValuationAndQualifyingAccountsDisclosureTable' xlink:href='../elts/us-roles-2021-01-31.xsd#SECScheduleArticle12-09ValuationAndQualifyingAccountsValuationAndQualifyingAccountsDisclosureTable' xlink:type='simple' />
  <link:arcroleRef arcroleURI='http://xbrl.org/int/dim/arcrole/all' xlink:href='http://www.xbrl.org/2005/xbrldt-2005.xsd#all' xlink:type='simple' />
  <link:arcroleRef arcroleURI='http://xbrl.org/int/dim/arcrole/dimension-default' xlink:href='http://www.xbrl.org/2005/xbrldt-2005.xsd#dimension-default' xlink:type='simple' />
  <link:arcroleRef arcroleURI='http://xbrl.org/int/dim/arcrole/dimension-domain' xlink:href='http://www.xbrl.org/2005/xbrldt-2005.xsd#dimension-domain' xlink:type='simple' />
  <link:arcroleRef arcroleURI='http://xbrl.org/int/dim/arcrole/domain-member' xlink:href='http://www.xbrl.org/2005/xbrldt-2005.xsd#domain-member' xlink:type='simple' />
  <link:arcroleRef arcroleURI='http://xbrl.org/int/dim/arcrole/hypercube-dimension' xlink:href='http://www.xbrl.org/2005/xbrldt-2005.xsd#hypercube-dimension' xlink:type='simple' />
  <link:definitionLink xlink:role='http://fasb.org/us-gaap/role/disclosure/SECScheduleArticle12-09ValuationAndQualifyingAccountsValuationAndQualifyingAccountsDisclosureTable' xlink:type='extended'>
    <link:loc xlink:href='https://xbrl.fasb.org/srt/2021/elts/srt-2021-01-31.xsd#srt_ValuationAndQualifyingAccountsDisclosureLineItems' xlink:label='loc_ValuationAndQualifyingAccountsDisclosureLineItems' xlink:type='locator' />
    <link:loc xlink:href='https://xbrl.fasb.org/srt/2021/elts/srt-2021-01-31.xsd#srt_ValuationAndQualifyingAccountsDisclosureTable' xlink:label='loc_ValuationAndQualifyingAccountsDisclosureTable' xlink:type='locator' />
    <link:definitionArc order='1.0' xbrldt:closed='true' xbrldt:contextElement='segment' xlink:arcrole='http://xbrl.org/int/dim/arcrole/all' xlink:from='loc_ValuationAndQualifyingAccountsDisclosureLineItems' xlink:to='loc_ValuationAndQualifyingAccountsDisclosureTable' xlink:type='arc' />
  </link:definitionLink>
  <link:definitionLink xlink:role='http://fasb.org/us-gaap/role/disclosure/SECScheduleArticle12-09ValuationAndQualifyingAccountsValuationAndQualifyingAccountsDisclosureTable' xlink:type='extended'>
    <link:loc xlink:href='../elts/us-gaap-2021-01-31.xsd#us-gaap_ValuationAllowancesAndReservesTypeAxis' xlink:label='loc_ValuationAllowancesAndReservesTypeAxis' xlink:type='locator' />
    <link:loc xlink:href='../elts/us-gaap-2021-01-31.xsd#us-gaap_ValuationAllowancesAndReservesDomain' xlink:label='loc_ValuationAllowancesAndReservesDomain' xlink:type='locator' />
    <link:definitionArc order='1.0' xlink:arcrole='http://xbrl.org/int/dim/arcrole/dimension-default' xlink:from='loc_ValuationAllowancesAndReservesTypeAxis' xlink:to='loc_ValuationAllowancesAndReservesDomain' xlink:type='arc' />
  </link:definitionLink>
  <link:definitionLink xlink:role='http://fasb.org/us-gaap/role/disclosure/SECScheduleArticle12-09ValuationAndQualifyingAccountsValuationAndQualifyingAccountsDisclosureTable' xlink:type='extended'>
    <link:loc xlink:href='../elts/us-gaap-2021-01-31.xsd#us-gaap_ValuationAllowancesAndReservesTypeAxis' xlink:label='loc_ValuationAllowancesAndReservesTypeAxis' xlink:type='locator' />
    <link:loc xlink:href='../elts/us-gaap-2021-01-31.xsd#us-gaap_ValuationAllowancesAndReservesDomain' xlink:label='loc_ValuationAllowancesAndReservesDomain' xlink:type='locator' />
    <link:definitionArc order='1.0' xlink:arcrole='http://xbrl.org/int/dim/arcrole/dimension-domain' xlink:from='loc_ValuationAllowancesAndReservesTypeAxis' xlink:to='loc_ValuationAllowancesAndReservesDomain' xlink:type='arc' />
  </link:definitionLink>
  <link:definitionLink xlink:role='http://fasb.org/us-gaap/role/disclosure/SECScheduleArticle12-09ValuationAndQualifyingAccountsValuationAndQualifyingAccountsDisclosureTable' xlink:type='extended'>
    <link:loc xlink:href='../elts/us-gaap-2021-01-31.xsd#us-gaap_MovementInValuationAllowancesAndReservesRollForward' xlink:label='loc_MovementInValuationAllowancesAndReservesRollForward' xlink:type='locator' />
    <link:loc xlink:href='../elts/us-gaap-2021-01-31.xsd#us-gaap_ValuationAllowancesAndReservesBalance' xlink:label='loc_ValuationAllowancesAndReservesBalance' xlink:type='locator' />
    <link:loc xlink:href='../elts/us-gaap-2021-01-31.xsd#us-gaap_ValuationAllowancesAndReservesReservesOfBusinessesAcquired' xlink:label='loc_ValuationAllowancesAndReservesReservesOfBusinessesAcquired' xlink:type='locator' />
    <link:loc xlink:href='../elts/us-gaap-2021-01-31.xsd#us-gaap_ValuationAllowancesAndReservesChargedToCostAndExpense' xlink:label='loc_ValuationAllowancesAndReservesChargedToCostAndExpense' xlink:type='locator' />
    <link:loc xlink:href='../elts/us-gaap-2021-01-31.xsd#us-gaap_ValuationAllowancesAndReservesChargedToOtherAccounts' xlink:label='loc_ValuationAllowancesAndReservesChargedToOtherAccounts' xlink:type='locator' />
    <link:loc xlink:href='../elts/us-gaap-2021-01-31.xsd#us-gaap_ValuationAllowancesAndReservesDeductions' xlink:label='loc_ValuationAllowancesAndReservesDeductions' xlink:type='locator' />
    <link:loc xlink:href='../elts/us-gaap-2021-01-31.xsd#us-gaap_ValuationAllowancesAndReservesRecoveries' xlink:label='loc_ValuationAllowancesAndReservesRecoveries' xlink:type='locator' />
    <link:loc xlink:href='../elts/us-gaap-2021-01-31.xsd#us-gaap_ValuationAllowancesAndReservesAdjustments' xlink:label='loc_ValuationAllowancesAndReservesAdjustments' xlink:type='locator' />
    <link:loc xlink:href='../elts/us-gaap-2021-01-31.xsd#us-gaap_ValuationAllowancesAndReservesPeriodIncreaseDecrease' xlink:label='loc_ValuationAllowancesAndReservesPeriodIncreaseDecrease' xlink:type='locator' />
    <link:loc xlink:href='../elts/us-gaap-2021-01-31.xsd#us-gaap_ValuationAllowanceOfDeferredTaxAssetsMember' xlink:label='loc_ValuationAllowanceOfDeferredTaxAssetsMember' xlink:type='locator' />
    <link:loc xlink:href='../elts/us-gaap-2021-01-31.xsd#us-gaap_ValuationAllowanceOperatingLossCarryforwardsMember' xlink:label='loc_ValuationAllowanceOperatingLossCarryforwardsMember' xlink:type='locator' />
    <link:loc xlink:href='../elts/us-gaap-2021-01-31.xsd#us-gaap_ValuationAllowanceOtherTaxCarryforwardMember' xlink:label='loc_ValuationAllowanceOtherTaxCarryforwardMember' xlink:type='locator' />
    <link:loc xlink:href='../elts/us-gaap-2021-01-31.xsd#us-gaap_ValuationAllowanceTaxCreditCarryforwardMember' xlink:label='loc_ValuationAllowanceTaxCreditCarryforwardMember' xlink:type='locator' />
    <link:loc xlink:href='../elts/us-gaap-2021-01-31.xsd#us-gaap_ValuationAllowancesAndReservesDomain' xlink:label='loc_ValuationAllowancesAndReservesDomain' xlink:type='locator' />
    <link:loc xlink:href='../elts/us-gaap-2021-01-31.xsd#us-gaap_AllowanceForNotesReceivableMember' xlink:label='loc_AllowanceForNotesReceivableMember' xlink:type='locator' />
    <link:loc xlink:href='../elts/us-gaap-2021-01-31.xsd#us-gaap_AllowanceForLossesOnFinanceReceivablesMember' xlink:label='loc_AllowanceForLossesOnFinanceReceivablesMember' xlink:type='locator' />
    <link:loc xlink:href='../elts/us-gaap-2021-01-31.xsd#us-gaap_AllowanceForFranchiseNotesReceivableMember' xlink:label='loc_AllowanceForFranchiseNotesReceivableMember' xlink:type='locator' />
    <link:loc xlink:href='../elts/us-gaap-2021-01-31.xsd#us-gaap_AllowanceForReceivableFromInsuranceProviderMember' xlink:label='loc_AllowanceForReceivableFromInsuranceProviderMember' xlink:type='locator' />
    <link:loc xlink:href='../elts/us-gaap-2021-01-31.xsd#us-gaap_AllowanceForUncollectiblePremiumsReceivableMember' xlink:label='loc_AllowanceForUncollectiblePremiumsReceivableMember' xlink:type='locator' />
    <link:loc xlink:href='../elts/us-gaap-2021-01-31.xsd#us-gaap_AllowanceForLoanAndLeaseLossesMember' xlink:label='loc_AllowanceForLoanAndLeaseLossesMember' xlink:type='locator' />
    <link:loc xlink:href='../elts/us-gaap-2021-01-31.xsd#us-gaap_AllowanceForReinsuranceRecoverableMember' xlink:label='loc_AllowanceForReinsuranceRecoverableMember' xlink:type='locator' />
    <link:loc xlink:href='../elts/us-gaap-2021-01-31.xsd#us-gaap_AllowanceForUncollectibleAgencyLoansMember' xlink:label='loc_AllowanceForUncollectibleAgencyLoansMember' xlink:type='locator' />
    <link:loc xlink:href='../elts/us-gaap-2021-01-31.xsd#us-gaap_AllowanceForUncollectibleDeductiblesMember' xlink:label='loc_AllowanceForUncollectibleDeductiblesMember' xlink:type='locator' />
    <link:loc xlink:href='../elts/us-gaap-2021-01-31.xsd#us-gaap_AllowanceForLoanAndLeaseLossesRealEstateMember' xlink:label='loc_AllowanceForLoanAndLeaseLossesRealEstateMember' xlink:type='locator' />
    <link:loc xlink:href='../elts/us-gaap-2021-01-31.xsd#us-gaap_AllowanceForUncollectibleCustomersLiabilityForAcceptancesMember' xlink:label='loc_AllowanceForUncollectibleCustomersLiabilityForAcceptancesMember' xlink:type='locator' />
    <link:loc xlink:href='../elts/us-gaap-2021-01-31.xsd#us-gaap_ValuationAllowanceRealEstateOwnedMember' xlink:label='loc_ValuationAllowanceRealEstateOwnedMember' xlink:type='locator' />
    <link:loc xlink:href='../elts/us-gaap-2021-01-31.xsd#us-gaap_ValuationAllowanceForImpairmentOfRecognizedServicingAssetsMember' xlink:label='loc_ValuationAllowanceForImpairmentOfRecognizedServicingAssetsMember' xlink:type='locator' />
    <link:loc xlink:href='../elts/us-gaap-2021-01-31.xsd#us-gaap_ReserveForEarnOutReceivableMember' xlink:label='loc_ReserveForEarnOutReceivableMember' xlink:type='locator' />
    <link:loc xlink:href='../elts/us-gaap-2021-01-31.xsd#us-gaap_ReserveForEnvironmentalCostsMember' xlink:label='loc_ReserveForEnvironmentalCostsMember' xlink:type='locator' />
    <link:loc xlink:href='../elts/us-gaap-2021-01-31.xsd#us-gaap_ReserveForOffBalanceSheetActivitiesMember' xlink:label='loc_ReserveForOffBalanceSheetActivitiesMember' xlink:type='locator' />
    <link:loc xlink:href='../elts/us-gaap-2021-01-31.xsd#us-gaap_LegalReserveMember' xlink:label='loc_LegalReserveMember' xlink:type='locator' />
    <link:loc xlink:href='../elts/us-gaap-2021-01-31.xsd#us-gaap_InventoryValuationReserveMember' xlink:label='loc_InventoryValuationReserveMember' xlink:type='locator' />
    <link:loc xlink:href='../elts/us-gaap-2021-01-31.xsd#us-gaap_ReserveForImpairmentOfIntangibleAssetsMember' xlink:label='loc_ReserveForImpairmentOfIntangibleAssetsMember' xlink:type='locator' />
    <link:loc xlink:href='../elts/us-gaap-2021-01-31.xsd#us-gaap_WarrantyReservesMember' xlink:label='loc_WarrantyReservesMember' xlink:type='locator' />
    <link:loc xlink:href='../elts/us-gaap-2021-01-31.xsd#us-gaap_BusinessRestructuringReservesMember' xlink:label='loc_BusinessRestructuringReservesMember' xlink:type='locator' />
    <link:loc xlink:href='../elts/us-gaap-2021-01-31.xsd#us-gaap_AllowanceForCreditLossMember' xlink:label='loc_AllowanceForCreditLossMember' xlink:type='locator' />
    <link:loc xlink:href='https://xbrl.fasb.org/srt/2021/elts/srt-2021-01-31.xsd#srt_ValuationAndQualifyingAccountsDisclosureLineItems' xlink:label='loc_ValuationAndQualifyingAccountsDisclosureLineItems' xlink:type='locator' />
    <link:definitionArc order='2.0' xlink:arcrole='http://xbrl.org/int/dim/arcrole/domain-member' xlink:from='loc_MovementInValuationAllowancesAndReservesRollForward' xlink:to='loc_ValuationAllowancesAndReservesBalance' xlink:type='arc' />
    <link:definitionArc order='3.0' xlink:arcrole='http://xbrl.org/int/dim/arcrole/domain-member' xlink:from='loc_MovementInValuationAllowancesAndReservesRollForward' xlink:to='loc_ValuationAllowancesAndReservesReservesOfBusinessesAcquired' xlink:type='arc' />
    <link:definitionArc order='4.0' xlink:arcrole='http://xbrl.org/int/dim/arcrole/domain-member' xlink:from='loc_MovementInValuationAllowancesAndReservesRollForward' xlink:to='loc_ValuationAllowancesAndReservesChargedToCostAndExpense' xlink:type='arc' />
    <link:definitionArc order='5.0' xlink:arcrole='http://xbrl.org/int/dim/arcrole/domain-member' xlink:from='loc_MovementInValuationAllowancesAndReservesRollForward' xlink:to='loc_ValuationAllowancesAndReservesChargedToOtherAccounts' xlink:type='arc' />
    <link:definitionArc order='6.0' xlink:arcrole='http://xbrl.org/int/dim/arcrole/domain-member' xlink:from='loc_MovementInValuationAllowancesAndReservesRollForward' xlink:to='loc_ValuationAllowancesAndReservesDeductions' xlink:type='arc' />
    <link:definitionArc order='7.0' xlink:arcrole='http://xbrl.org/int/dim/arcrole/domain-member' xlink:from='loc_MovementInValuationAllowancesAndReservesRollForward' xlink:to='loc_ValuationAllowancesAndReservesRecoveries' xlink:type='arc' />
    <link:definitionArc order='8.0' xlink:arcrole='http://xbrl.org/int/dim/arcrole/domain-member' xlink:from='loc_MovementInValuationAllowancesAndReservesRollForward' xlink:to='loc_ValuationAllowancesAndReservesAdjustments' xlink:type='arc' />
    <link:definitionArc order='9.0' xlink:arcrole='http://xbrl.org/int/dim/arcrole/domain-member' xlink:from='loc_MovementInValuationAllowancesAndReservesRollForward' xlink:to='loc_ValuationAllowancesAndReservesPeriodIncreaseDecrease' xlink:type='arc' />
    <link:definitionArc order='14.0' xlink:arcrole='http://xbrl.org/int/dim/arcrole/domain-member' xlink:from='loc_ValuationAllowanceOfDeferredTaxAssetsMember' xlink:to='loc_ValuationAllowanceOperatingLossCarryforwardsMember' xlink:type='arc' />
    <link:definitionArc order='15.0' xlink:arcrole='http://xbrl.org/int/dim/arcrole/domain-member' xlink:from='loc_ValuationAllowanceOfDeferredTaxAssetsMember' xlink:to='loc_ValuationAllowanceOtherTaxCarryforwardMember' xlink:type='arc' />
    <link:definitionArc order='16.0' xlink:arcrole='http://xbrl.org/int/dim/arcrole/domain-member' xlink:from='loc_ValuationAllowanceOfDeferredTaxAssetsMember' xlink:to='loc_ValuationAllowanceTaxCreditCarryforwardMember' xlink:type='arc' />
    <link:definitionArc order='1.0' xlink:arcrole='http://xbrl.org/int/dim/arcrole/domain-member' xlink:from='loc_ValuationAllowancesAndReservesDomain' xlink:to='loc_AllowanceForNotesReceivableMember' xlink:type='arc' />
    <link:definitionArc order='2.0' xlink:arcrole='http://xbrl.org/int/dim/arcrole/domain-member' xlink:from='loc_ValuationAllowancesAndReservesDomain' xlink:to='loc_AllowanceForLossesOnFinanceReceivablesMember' xlink:type='arc' />
    <link:definitionArc order='3.0' xlink:arcrole='http://xbrl.org/int/dim/arcrole/domain-member' xlink:from='loc_ValuationAllowancesAndReservesDomain' xlink:to='loc_AllowanceForFranchiseNotesReceivableMember' xlink:type='arc' />
    <link:definitionArc order='4.0' xlink:arcrole='http://xbrl.org/int/dim/arcrole/domain-member' xlink:from='loc_ValuationAllowancesAndReservesDomain' xlink:to='loc_AllowanceForReceivableFromInsuranceProviderMember' xlink:type='arc' />
    <link:definitionArc order='5.0' xlink:arcrole='http://xbrl.org/int/dim/arcrole/domain-member' xlink:from='loc_ValuationAllowancesAndReservesDomain' xlink:to='loc_AllowanceForUncollectiblePremiumsReceivableMember' xlink:type='arc' />
    <link:definitionArc order='6.0' xlink:arcrole='http://xbrl.org/int/dim/arcrole/domain-member' xlink:from='loc_ValuationAllowancesAndReservesDomain' xlink:to='loc_AllowanceForLoanAndLeaseLossesMember' xlink:type='arc' />
    <link:definitionArc order='7.0' xlink:arcrole='http://xbrl.org/int/dim/arcrole/domain-member' xlink:from='loc_ValuationAllowancesAndReservesDomain' xlink:to='loc_AllowanceForReinsuranceRecoverableMember' xlink:type='arc' />
    <link:definitionArc order='8.0' xlink:arcrole='http://xbrl.org/int/dim/arcrole/domain-member' xlink:from='loc_ValuationAllowancesAndReservesDomain' xlink:to='loc_AllowanceForUncollectibleAgencyLoansMember' xlink:type='arc' />
    <link:definitionArc order='9.0' xlink:arcrole='http://xbrl.org/int/dim/arcrole/domain-member' xlink:from='loc_ValuationAllowancesAndReservesDomain' xlink:to='loc_AllowanceForUncollectibleDeductiblesMember' xlink:type='arc' />
    <link:definitionArc order='10.0' xlink:arcrole='http://xbrl.org/int/dim/arcrole/domain-member' xlink:from='loc_ValuationAllowancesAndReservesDomain' xlink:to='loc_AllowanceForLoanAndLeaseLossesRealEstateMember' xlink:type='arc' />
    <link:definitionArc order='11.0' xlink:arcrole='http://xbrl.org/int/dim/arcrole/domain-member' xlink:from='loc_ValuationAllowancesAndReservesDomain' xlink:to='loc_AllowanceForUncollectibleCustomersLiabilityForAcceptancesMember' xlink:type='arc' />
    <link:definitionArc order='12.0' xlink:arcrole='http://xbrl.org/int/dim/arcrole/domain-member' xlink:from='loc_ValuationAllowancesAndReservesDomain' xlink:to='loc_ValuationAllowanceRealEstateOwnedMember' xlink:type='arc' />
    <link:definitionArc order='13.0' xlink:arcrole='http://xbrl.org/int/dim/arcrole/domain-member' xlink:from='loc_ValuationAllowancesAndReservesDomain' xlink:to='loc_ValuationAllowanceOfDeferredTaxAssetsMember' xlink:type='arc' />
    <link:definitionArc order='17.0' xlink:arcrole='http://xbrl.org/int/dim/arcrole/domain-member' xlink:from='loc_ValuationAllowancesAndReservesDomain' xlink:to='loc_ValuationAllowanceForImpairmentOfRecognizedServicingAssetsMember' xlink:type='arc' />
    <link:definitionArc order='18.0' xlink:arcrole='http://xbrl.org/int/dim/arcrole/domain-member' xlink:from='loc_ValuationAllowancesAndReservesDomain' xlink:to='loc_ReserveForEarnOutReceivableMember' xlink:type='arc' />
    <link:definitionArc order='19.0' xlink:arcrole='http://xbrl.org/int/dim/arcrole/domain-member' xlink:from='loc_ValuationAllowancesAndReservesDomain' xlink:to='loc_ReserveForEnvironmentalCostsMember' xlink:type='arc' />
    <link:definitionArc order='20.0' xlink:arcrole='http://xbrl.org/int/dim/arcrole/domain-member' xlink:from='loc_ValuationAllowancesAndReservesDomain' xlink:to='loc_ReserveForOffBalanceSheetActivitiesMember' xlink:type='arc' />
    <link:definitionArc order='21.0' xlink:arcrole='http://xbrl.org/int/dim/arcrole/domain-member' xlink:from='loc_ValuationAllowancesAndReservesDomain' xlink:to='loc_LegalReserveMember' xlink:type='arc' />
    <link:definitionArc order='22.0' xlink:arcrole='http://xbrl.org/int/dim/arcrole/domain-member' xlink:from='loc_ValuationAllowancesAndReservesDomain' xlink:to='loc_InventoryValuationReserveMember' xlink:type='arc' />
    <link:definitionArc order='23.0' xlink:arcrole='http://xbrl.org/int/dim/arcrole/domain-member' xlink:from='loc_ValuationAllowancesAndReservesDomain' xlink:to='loc_ReserveForImpairmentOfIntangibleAssetsMember' xlink:type='arc' />
    <link:definitionArc order='24.0' xlink:arcrole='http://xbrl.org/int/dim/arcrole/domain-member' xlink:from='loc_ValuationAllowancesAndReservesDomain' xlink:to='loc_WarrantyReservesMember' xlink:type='arc' />
    <link:definitionArc order='25.0' xlink:arcrole='http://xbrl.org/int/dim/arcrole/domain-member' xlink:from='loc_ValuationAllowancesAndReservesDomain' xlink:to='loc_BusinessRestructuringReservesMember' xlink:type='arc' />
    <link:definitionArc order='26.0' xlink:arcrole='http://xbrl.org/int/dim/arcrole/domain-member' xlink:from='loc_ValuationAllowancesAndReservesDomain' xlink:to='loc_AllowanceForCreditLossMember' xlink:type='arc' />
    <link:definitionArc order='1.0' xlink:arcrole='http://xbrl.org/int/dim/arcrole/domain-member' xlink:from='loc_ValuationAndQualifyingAccountsDisclosureLineItems' xlink:to='loc_MovementInValuationAllowancesAndReservesRollForward' xlink:type='arc' />
  </link:definitionLink>
  <link:definitionLink xlink:role='http://fasb.org/us-gaap/role/disclosure/SECScheduleArticle12-09ValuationAndQualifyingAccountsValuationAndQualifyingAccountsDisclosureTable' xlink:type='extended'>
    <link:loc xlink:href='https://xbrl.fasb.org/srt/2021/elts/srt-2021-01-31.xsd#srt_ValuationAndQualifyingAccountsDisclosureTable' xlink:label='loc_ValuationAndQualifyingAccountsDisclosureTable' xlink:type='locator' />
    <link:loc xlink:href='../elts/us-gaap-2021-01-31.xsd#us-gaap_ValuationAllowancesAndReservesTypeAxis' xlink:label='loc_ValuationAllowancesAndReservesTypeAxis' xlink:type='locator' />
    <link:definitionArc order='1.0' xlink:arcrole='http://xbrl.org/int/dim/arcrole/hypercube-dimension' xlink:from='loc_ValuationAndQualifyingAccountsDisclosureTable' xlink:to='loc_ValuationAllowancesAndReservesTypeAxis' xlink:type='arc' />
  </link:definitionLink>
</link:linkbase>
